-- MySQL dump 10.13  Distrib 8.0.26, for Win64 (x86_64)
--
-- Host: localhost    Database: mint
-- ------------------------------------------------------
-- Server version	8.0.28

/*!40101 SET @OLD_CHARACTER_SET_CLIENT=@@CHARACTER_SET_CLIENT */;
/*!40101 SET @OLD_CHARACTER_SET_RESULTS=@@CHARACTER_SET_RESULTS */;
/*!40101 SET @OLD_COLLATION_CONNECTION=@@COLLATION_CONNECTION */;
/*!50503 SET NAMES utf8 */;
/*!40103 SET @OLD_TIME_ZONE=@@TIME_ZONE */;
/*!40103 SET TIME_ZONE='+00:00' */;
/*!40014 SET @OLD_UNIQUE_CHECKS=@@UNIQUE_CHECKS, UNIQUE_CHECKS=0 */;
/*!40014 SET @OLD_FOREIGN_KEY_CHECKS=@@FOREIGN_KEY_CHECKS, FOREIGN_KEY_CHECKS=0 */;
/*!40101 SET @OLD_SQL_MODE=@@SQL_MODE, SQL_MODE='NO_AUTO_VALUE_ON_ZERO' */;
/*!40111 SET @OLD_SQL_NOTES=@@SQL_NOTES, SQL_NOTES=0 */;

--
-- Table structure for table `artist`
--

DROP TABLE IF EXISTS `artist`;
/*!40101 SET @saved_cs_client     = @@character_set_client */;
/*!50503 SET character_set_client = utf8mb4 */;
CREATE TABLE `artist` (
  `artist_id` bigint NOT NULL AUTO_INCREMENT,
  `name` varchar(255) COLLATE utf8mb4_unicode_ci NOT NULL,
  `concert_id` bigint DEFAULT NULL,
  PRIMARY KEY (`artist_id`),
  KEY `FKeltymty0s1u1l7k8rfhr2p9my` (`concert_id`),
  CONSTRAINT `FKeltymty0s1u1l7k8rfhr2p9my` FOREIGN KEY (`concert_id`) REFERENCES `concert` (`concert_id`)
) ENGINE=InnoDB AUTO_INCREMENT=31 DEFAULT CHARSET=utf8mb4 COLLATE=utf8mb4_unicode_ci;
/*!40101 SET character_set_client = @saved_cs_client */;

--
-- Dumping data for table `artist`
--

LOCK TABLES `artist` WRITE;
/*!40000 ALTER TABLE `artist` DISABLE KEYS */;
INSERT INTO `artist` VALUES (24,'브레이브걸스',22),(25,'레드벨벳',23),(26,'오마이걸',24),(27,'태연',25),(28,'아이유',26),(29,'트와이스',27),(30,'하이라이트',28);
/*!40000 ALTER TABLE `artist` ENABLE KEYS */;
UNLOCK TABLES;

--
-- Table structure for table `cids`
--

DROP TABLE IF EXISTS `cids`;
/*!40101 SET @saved_cs_client     = @@character_set_client */;
/*!50503 SET character_set_client = utf8mb4 */;
CREATE TABLE `cids` (
  `cids_id` bigint NOT NULL AUTO_INCREMENT,
  `cid` varchar(255) COLLATE utf8mb4_unicode_ci DEFAULT NULL,
  `concert_id` bigint DEFAULT NULL,
  PRIMARY KEY (`cids_id`),
  KEY `FK7h1dnun65uui5c44tif3ceykf` (`concert_id`),
  CONSTRAINT `FK7h1dnun65uui5c44tif3ceykf` FOREIGN KEY (`concert_id`) REFERENCES `concert` (`concert_id`)
) ENGINE=InnoDB AUTO_INCREMENT=144 DEFAULT CHARSET=utf8mb4 COLLATE=utf8mb4_unicode_ci;
/*!40101 SET character_set_client = @saved_cs_client */;

--
-- Dumping data for table `cids`
--

LOCK TABLES `cids` WRITE;
/*!40000 ALTER TABLE `cids` DISABLE KEYS */;
INSERT INTO `cids` VALUES (110,'{\"gif\":\"bafybeihg73gcwxjmcble5n54n6e2lxjnqsj3uqmv6t343qixiti6y3l2hi/1.gif\",\"mp4\":\"bafybeid7qwj4kmeuscoem73uf7wtbpuf333fmez6k2pooe7btkg6po4gpa/1.mp4\"}',22),(111,'{\"gif\":\"bafybeihgs3ksp247z3oohvbrjabbwruvu65537svvn7lhthbizaihngmmu/2.gif\",\"mp4\":\"bafybeifbqgno3t2ewynpxqpu6wmvrq6p7umfh7zoqmb3scw3alo5367fni/2.mp4\"}',22),(112,'{\"gif\":\"bafybeighrvvfh55fmt7asxrkmp6l4c6yjvcvwssqus6ovicbkacqgenuru/3.gif\",\"mp4\":\"bafybeicsol5bzkvgypvvsaa23nz7eogj3w5z3ftquyrlfxuhvhwh2bbjr4/3.mp4\"}',22),(113,'{\"gif\":\"bafybeignbiq5h2i73yodcnpby6ru22ljlctec34zllsoopvakgcj254ffm/irin.gif\",\"mp4\":\"bafybeihz7qtqxl2k24i7zwbrpsfrm2vmse72fpeo5565rdxpuev5ynagpi/irin.mp4\"}',23),(114,'{\"gif\":\"bafybeiecwxdtigygxoxpnulwf77nawxavr4c7e4j2hrcyusynyhpjd7zye/joy.gif\",\"mp4\":\"bafybeih4gb5jatntlmktrvdmgj7et7mmwpm3wmjvipmcpdmw6wnv6lpcm4/joy.mp4\"}',23),(115,'{\"gif\":\"bafybeihjybfwiyfszwjlxcnoakey6twg6ek7svwrnl7lwz24euu7cqenzm/sulgi.gif\",\"mp4\":\"bafybeifyysljkcsgngj34vmqw4xnd7ni7skaxz4m4lm4mim7lxppnah6ty/sulgi.mp4\"}',23),(116,'{\"gif\":\"bafybeigvlxicaqvyvib2u3crtgmmewrimc454dm2bjfbpp5wa2qxg6is3u/wendy.gif\",\"mp4\":\"bafybeia35ayn5ayuvixlfhncjceyku4up73twxyqp7dxmo7btbzvzb53ve/wendy.mp4\"}',23),(117,'{\"gif\":\"bafybeidbwirttdhryshadh2kx3hoj2v3rpopipq2qcqx74hbn622dqqbsq/yeri.gif\",\"mp4\":\"bafybeihmek42qtdl7ty5dsy6qn7s6qstkeucsvxrl6pxgpnllrrgv4gxw4/yeri.mp4\"}',23),(118,'{\"gif\":\"bafybeignbiq5h2i73yodcnpby6ru22ljlctec34zllsoopvakgcj254ffm/irin.gif\",\"mp4\":\"bafybeihz7qtqxl2k24i7zwbrpsfrm2vmse72fpeo5565rdxpuev5ynagpi/irin.mp4\"}',24),(119,'{\"gif\":\"bafybeiecwxdtigygxoxpnulwf77nawxavr4c7e4j2hrcyusynyhpjd7zye/joy.gif\",\"mp4\":\"bafybeih4gb5jatntlmktrvdmgj7et7mmwpm3wmjvipmcpdmw6wnv6lpcm4/joy.mp4\"}',24),(120,'{\"gif\":\"bafybeihjybfwiyfszwjlxcnoakey6twg6ek7svwrnl7lwz24euu7cqenzm/sulgi.gif\",\"mp4\":\"bafybeifyysljkcsgngj34vmqw4xnd7ni7skaxz4m4lm4mim7lxppnah6ty/sulgi.mp4\"}',24),(121,'{\"gif\":\"bafybeigvlxicaqvyvib2u3crtgmmewrimc454dm2bjfbpp5wa2qxg6is3u/wendy.gif\",\"mp4\":\"bafybeia35ayn5ayuvixlfhncjceyku4up73twxyqp7dxmo7btbzvzb53ve/wendy.mp4\"}',24),(122,'{\"gif\":\"bafybeidbwirttdhryshadh2kx3hoj2v3rpopipq2qcqx74hbn622dqqbsq/yeri.gif\",\"mp4\":\"bafybeihmek42qtdl7ty5dsy6qn7s6qstkeucsvxrl6pxgpnllrrgv4gxw4/yeri.mp4\"}',24),(123,'{\"gif\":\"bafybeifm7gji5prealbi6prtzbh3vo4ftmkhbwfi35fuptxyba32kocwdm/ezgif-4-926ba845f3.gif\",\"mp4\":\"bafybeifz2dpvwximpnayrzrhncul3gtqsuakxdocdiqscdxvkfamdcyrne/tea4.mp4\"}',25),(124,'{\"gif\":\"bafybeibwauxrsrbiz452aegu3vc2beem2wzgtyky2lzcddysotibays75e/Fine-Music-Video-Teaser-태연-002.gif\",\"mp4\":\"bafybeidlogrg2w7ai6nxo4qw6u7kgikkeaysrrjj6iu5hzzg3wc2bvighy/tea2.mp4\"}',25),(125,'{\"gif\":\"bafybeia32boo7mukpe2ns7z4blbddbp7irypx24gfqfi7kglekxg6lotii/test1.gif\",\"mp4\":\"bafybeiayhnhhibuahfctgklpswz7ekovm7sollfmg2hyx75haul5pyoeqi/tea1.mp4\"}',25),(126,'{\"gif\":\"bafybeic2oqz4ids27srlxmkbuyerkcmiyjijjkcklaeopag7r3kbg3cgse/test3.gif\",\"mp4\":\"bafybeiafzw4fjy2zc22nc4rmek6sjcr4trurp4bcjixoou7qrfmygm6vta/tea3.mp4\"}',25),(127,'{\"gif\":\"bafybeifqto6su4j4v5kihfhvk3q6xflh6vncycyvfmtej2jgqeyhusgjva/test5.gif\",\"mp4\":\"bafybeichsrnd2wvka24jorg2qtak65pojmokyfphb3nxg5xho5h7u5bzdy/tea5.mp4\"}',25),(128,'{\"gif\":\"bafybeibhlrk6o6egdzt7kl2dsknskvmjgdwhl7xehr2ou3uj6mskuyuf4u/iu1.gif\",\"mp4\":\"bafybeiesvtal4bkyfpgq6tnribdaiqv4wpvz4duubwvhiureji4uq3lace/iu1.video.mp4\"}',26),(129,'{\"gif\":\"bafybeieeomx6exk5psncgpbyqkw5scc4rwchkrd5hmq24wwnjyboyndxwq/iu2.gif\",\"mp4\":\"bafybeieork4d4uduqmubojd6yssr2j3zrrvtb7nrhp4sdfmh6fb4qehkm4/iu2.video.mp4\"}',26),(130,'{\"gif\":\"bafybeiaom7rn2wglptwtoamv47zzc45f65ikjq56x3uraefa7po2uwhtk4/iu3.gif\",\"mp4\":\"bafybeic6rd45p6ht4agq26rmnpmlmskcl7hurzlo7mqr2rkqjuaikg2bm4/iu3.video.mp4\"}',26),(131,'{\"gif\":\"bafybeidqf5po56hlteqafrekhvxh6gdo6xszfzgth7yw5mgqjnxsqnksiq/iu4.gif\",\"mp4\":\"bafybeibrkpmxdpbhtphddm4zvjolbmmvhkvwvo3vy72rfunz7tyku4a5fq/iu4.vide.mp4\"}',26),(132,'{\"gif\":\"bafybeibfotse56xg2irlcoscgcbfeceiuygnbckgqucm2jlcgsdvse3fyu/iu5.gif\",\"mp4\":\"bafybeifsvaxsbsl3qx56zstazel3pnfgpu6cmkqdzwm73fm52gyfiaekr4/iu5.video.mp4\"}',26),(133,'{\"gif\":\"bafybeid5qe5efugrloukgqb7llmxge7zhcr7ngd2wtgf4eesjdfbvgmzka/iu6.gif\",\"mp4\":\"bafybeihmx7cgjiflxnbrz3akwopzl3xkd6jpmodtlwjj7j3tmi2xqdgkt4/iu6.video.mp4\"}',26),(134,'{\"gif\":\"bafybeigibtpnakpqdaq2wo7imziee6235g5pjpop63qw32uzckcb7h6gra/ezgif-4-c3532ea57a.gif\",\"mp4\":\"bafybeieewq6wu3jvwfg2n5jcdovbbatqphhf6c7qm67c3nd5yhtiipixlq/ezgif.com-gif-maker (16).mp4\"}',27),(135,'{\"gif\":\"bafybeihow4j6tj2ksanuwwhpb55osb4y2abrw6b2dwqspvcyagkil6syn4/ezgif-4-0a1cb9827e.gif\",\"mp4\":\"bafybeicyibgurnvwlptkjcjscg44tjo6xasvxw7plieq5gy3m4ttuplany/ezgif.com-gif-maker (17).mp4\"}',27),(136,'{\"gif\":\"bafybeif3gv6uo55gedzod37vcw46rqffcf5su3bu4z3wb5taatlipqy67q/ezgif-4-2d7411e422.gif\",\"mp4\":\"bafybeiegy2p74lueo443yburwgnltugtrt34o5ngkrokjm52l3shpfsche/ezgif.com-gif-maker (18).mp4\"}',27),(137,'{\"gif\":\"bafybeia3hgagqcwoxfva3obicu6no3hjxsz7fwsqld56vi3zpmmjkni5om/ezgif-4-9fae8b23fd.gif\",\"mp4\":\"bafybeib5ym3ar4thgys7ykucqizoux3vj3lglryy5s3f5ghbqb65qazft4/ezgif.com-gif-maker (19).mp4\"}',27),(138,'{\"gif\":\"bafybeihgioqb2jnpqqxgifmegjc3whotp4c6cmsx7l4ij7ydg6g43mjvma/ezgif-4-fbba4fbf19.gif\",\"mp4\":\"bafybeiezwmc76sxtok5nl5j6cicvf5lw5h2hnu53i2mycvc3ph5jnl3hue/ezgif.com-gif-maker (22).mp4\"}',27),(139,'{\"gif\":\"bafybeigibtpnakpqdaq2wo7imziee6235g5pjpop63qw32uzckcb7h6gra/ezgif-4-c3532ea57a.gif\",\"mp4\":\"bafybeieewq6wu3jvwfg2n5jcdovbbatqphhf6c7qm67c3nd5yhtiipixlq/ezgif.com-gif-maker (16).mp4\"}',27),(140,'{\"gif\":\"bafybeigi5pdwjue47il6d2aixpjo5urwszjx5gmjmp2xrlmyxmf56vud5u/1.gif\",\"mp4\":\"bafybeiee32ppgli2prsqjkd3inn2uvf47ypo2quapugnvju7dgqd3cgr34/ezgif.com-gif-maker (12).mp4\"}',28),(141,'{\"gif\":\"bafybeich446zdk67zi2upqtdxick2otjs22rtnpwhwmkezcjt2e2xggeua/2.gif\",\"mp4\":\"bafybeif6rox3ijvwneudm7hlmsyj2vvkingp7pdd6a4g432bl6qclctjt4/ezgif.com-gif-maker (15).mp4\"}',28),(142,'{\"gif\":\"bafybeibnvkfm3ezihfusxhs23yqwi5yrczyc65y4lanhsqu5ews46navny/3.gif\",\"mp4\":\"bafybeiawk7tz3pgpgz2idh4zmubqhhl22ziygiv54q7qhtk6awwtpo4jq4/ezgif.com-gif-maker (13).mp4\"}',28),(143,'{\"gif\":\"bafybeiaeiz3c6legmdsob6rvps26om2punhxagmwwpntbwhy5ysi3cvwqu/ezgif-1-c6ff56dfbe.gif\",\"mp4\":\"bafybeibyqjrmjiyhgw4ql374ctpbnp4p5hvzhyhpw7kr2q5hwstztb33ta/ezgif.com-gif-maker (14).mp4\"}',28);
/*!40000 ALTER TABLE `cids` ENABLE KEYS */;
UNLOCK TABLES;

--
-- Table structure for table `concert`
--

DROP TABLE IF EXISTS `concert`;
/*!40101 SET @saved_cs_client     = @@character_set_client */;
/*!50503 SET character_set_client = utf8mb4 */;
CREATE TABLE `concert` (
  `concert_id` bigint NOT NULL AUTO_INCREMENT,
  `contract_address` varchar(255) COLLATE utf8mb4_unicode_ci NOT NULL,
  `place` varchar(255) COLLATE utf8mb4_unicode_ci NOT NULL,
  `price` varchar(255) COLLATE utf8mb4_unicode_ci DEFAULT NULL,
  `sale_contract_address` varchar(255) COLLATE utf8mb4_unicode_ci NOT NULL,
  `status` int DEFAULT '0',
  `title` varchar(255) COLLATE utf8mb4_unicode_ci NOT NULL,
  PRIMARY KEY (`concert_id`)
) ENGINE=InnoDB AUTO_INCREMENT=29 DEFAULT CHARSET=utf8mb4 COLLATE=utf8mb4_unicode_ci;
/*!40101 SET character_set_client = @saved_cs_client */;

--
-- Dumping data for table `concert`
--

LOCK TABLES `concert` WRITE;
/*!40000 ALTER TABLE `concert` DISABLE KEYS */;
INSERT INTO `concert` VALUES (22,'0xEcAd4f1a30b8e1E3555B24e430058700b8930461','올림픽공원 올림픽홀','10','0x06ff8e2aD45f24541ab29Ec8b6a0e99914F25224',1,'2022 Brave Girls 1st CONCERT ［THE BRAVE GIRLS SHOW］'),(23,'0x0ce28Cf3D469b922Fc9494bc67BB6AdBf7A78880','서울 올림픽 공원','15','0x26f12CaF70d311903783a8fB6E54Fb873054e47B',1,'The ReVe Festival'),(24,'0xFbda33F8883E5057Ad852b890d0919EFECD9CF1d','서울 잠실','20','0xE9f117dFb9012387771D9A74383B025a45A004c1',1,'MY GIRL CONCERT 겨울동화 : The Lost Memory'),(25,'0xaD758C5DC36EF84e9215Ee39dA90A0AD42707841','올림픽공원 SK올림픽핸드볼경기장','13','0xF10c1b3AbCfbD4e22378F57942BA0c04953eaDDf',1,'TAEYEON Concert - The UNSEEN'),(26,'0x0afD4BFe121B610D343eb24Ef82a8958C2c0C07f','서울 고척 스카이돔','12','0x2830c17FAFeDCc9c6A71C45A6E841fC6cc54Ce48',0,'2019 아이유 투어 콘서트 〈LOVE， POEM〉－서울'),(27,'0xB30B4c1625c86034b7C9eF1bBD7b5Bd9D70B926a','올림픽공원 SK핸드볼경기장','15','0xD1D19f673A884c8dc99af2948F4b80F63920574a',1,'TWICE 1ST TOUR ‘TWICELAND -The Opening-’'),(28,'0xb74e8F93448D7B9699bDAfa0bb88Bf6B1823906B','블루스퀘어 아이마켓홀','10','0x035E61BAA73947fFc5c289B85Fd34727FF12ac7E',1,'2nd Mini Album［CELEBRATE］SHOW CASE');
/*!40000 ALTER TABLE `concert` ENABLE KEYS */;
UNLOCK TABLES;

--
-- Table structure for table `image`
--

DROP TABLE IF EXISTS `image`;
/*!40101 SET @saved_cs_client     = @@character_set_client */;
/*!50503 SET character_set_client = utf8mb4 */;
CREATE TABLE `image` (
  `image_id` bigint NOT NULL AUTO_INCREMENT,
  `concert_description` varchar(255) COLLATE utf8mb4_unicode_ci DEFAULT NULL,
  `concert_poster` varchar(255) COLLATE utf8mb4_unicode_ci DEFAULT NULL,
  `concert_section` varchar(255) COLLATE utf8mb4_unicode_ci DEFAULT NULL,
  `concert_thumbnail` varchar(255) COLLATE utf8mb4_unicode_ci DEFAULT NULL,
  PRIMARY KEY (`image_id`)
) ENGINE=InnoDB AUTO_INCREMENT=29 DEFAULT CHARSET=utf8mb4 COLLATE=utf8mb4_unicode_ci;
/*!40101 SET character_set_client = @saved_cs_client */;

--
-- Dumping data for table `image`
--

LOCK TABLES `image` WRITE;
/*!40000 ALTER TABLE `image` DISABLE KEYS */;
INSERT INTO `image` VALUES (22,'files/0xEcAd4f1a30b8e/brave_detail.jpg','files/0xEcAd4f1a30b8e/brave_poster.png','files/0xEcAd4f1a30b8e/brave_seats.png','files/0xEcAd4f1a30b8e/brave_thumnail.gif'),(23,'files/0x0ce28Cf3D469b/screencapture-tickets-interpark-goods-17000791-2022-04-03-20_01_56.png','files/0x0ce28Cf3D469b/화면 캡처 2022-04-03 195957.png','files/0x0ce28Cf3D469b/화면 캡처 2022-04-03 200015.png','files/0x0ce28Cf3D469b/17000791_p.gif'),(24,'files/0xFbda33F8883E5/oh_description.png','files/0xFbda33F8883E5/oh_poster.png','files/0xFbda33F8883E5/oh_seats.png','files/0xFbda33F8883E5/thumnail.jpg'),(25,'files/0xaD758C5DC36EF/teayeon_description.png','files/0xaD758C5DC36EF/teayeon_poster.png','files/0xaD758C5DC36EF/teayeon_seats.png','files/0xaD758C5DC36EF/taeyeon_thumnail.jpg'),(26,'files/0x0afD4BFe121B6/iu.desc3.jpg','files/0x0afD4BFe121B6/iu.poster4.jpg','files/0x0afD4BFe121B6/iu.section.jpg','files/0x0afD4BFe121B6/iu.poster.jpg'),(27,'files/0xB30B4c1625c86/screencapture-tickets-interpark-goods-17000791-2022-04-03-20_01_56.png','files/0xB30B4c1625c86/화면 캡처 2022-04-03 195957.png','files/0xB30B4c1625c86/화면 캡처 2022-04-03 200015.png','files/0xB30B4c1625c86/17000791_p.gif'),(28,'files/0xb74e8F93448D7/high_detail.jpg','files/0xb74e8F93448D7/high_poster.png','files/0xb74e8F93448D7/high_seats.png','files/0xb74e8F93448D7/high_thumnail.gif');
/*!40000 ALTER TABLE `image` ENABLE KEYS */;
UNLOCK TABLES;

--
-- Table structure for table `seat`
--

DROP TABLE IF EXISTS `seat`;
/*!40101 SET @saved_cs_client     = @@character_set_client */;
/*!50503 SET character_set_client = utf8mb4 */;
CREATE TABLE `seat` (
  `id` bigint NOT NULL AUTO_INCREMENT,
  `date` datetime(6) DEFAULT NULL,
  `name` varchar(255) COLLATE utf8mb4_unicode_ci DEFAULT NULL,
  `status` int DEFAULT '0',
  `section_id` bigint DEFAULT NULL,
  PRIMARY KEY (`id`),
  KEY `FKhxi4f44gv7s6u5a90ehw1g0x3` (`section_id`),
  CONSTRAINT `FKhxi4f44gv7s6u5a90ehw1g0x3` FOREIGN KEY (`section_id`) REFERENCES `section` (`section_id`)
) ENGINE=InnoDB AUTO_INCREMENT=25457 DEFAULT CHARSET=utf8mb4 COLLATE=utf8mb4_unicode_ci;
/*!40101 SET character_set_client = @saved_cs_client */;

--
-- Dumping data for table `seat`
--

LOCK TABLES `seat` WRITE;
/*!40000 ALTER TABLE `seat` DISABLE KEYS */;
INSERT INTO `seat` VALUES (18557,NULL,'가-1',0,902),(18558,NULL,'가-2',0,902),(18559,NULL,'가-3',0,902),(18560,NULL,'가-4',0,902),(18561,NULL,'가-5',0,902),(18562,NULL,'가-6',0,902),(18563,NULL,'가-7',0,902),(18564,NULL,'가-8',0,902),(18565,NULL,'가-9',0,902),(18566,NULL,'가-10',0,902),(18567,NULL,'가-11',0,902),(18568,NULL,'가-12',0,902),(18569,NULL,'가-13',0,902),(18570,NULL,'가-14',0,902),(18571,NULL,'가-15',0,902),(18572,NULL,'가-16',0,902),(18573,NULL,'가-17',0,902),(18574,NULL,'가-18',0,902),(18575,NULL,'가-19',0,902),(18576,NULL,'가-20',0,902),(18577,NULL,'가-21',0,902),(18578,NULL,'가-22',0,902),(18579,NULL,'가-23',0,902),(18580,NULL,'가-24',0,902),(18581,NULL,'가-25',0,902),(18582,NULL,'가-26',0,902),(18583,NULL,'가-27',0,902),(18584,NULL,'가-28',0,902),(18585,NULL,'가-29',0,902),(18586,NULL,'가-30',0,902),(18587,NULL,'나-1',0,903),(18588,NULL,'나-2',0,903),(18589,NULL,'나-3',0,903),(18590,NULL,'나-4',0,903),(18591,NULL,'나-5',0,903),(18592,NULL,'나-6',0,903),(18593,NULL,'나-7',0,903),(18594,NULL,'나-8',0,903),(18595,NULL,'나-9',0,903),(18596,NULL,'나-10',0,903),(18597,NULL,'나-11',0,903),(18598,NULL,'나-12',0,903),(18599,NULL,'나-13',0,903),(18600,NULL,'나-14',0,903),(18601,NULL,'나-15',0,903),(18602,NULL,'나-16',0,903),(18603,NULL,'나-17',0,903),(18604,NULL,'나-18',0,903),(18605,NULL,'나-19',0,903),(18606,NULL,'나-20',0,903),(18607,NULL,'나-21',0,903),(18608,NULL,'나-22',0,903),(18609,NULL,'나-23',0,903),(18610,NULL,'나-24',0,903),(18611,NULL,'나-25',0,903),(18612,NULL,'나-26',0,903),(18613,NULL,'나-27',0,903),(18614,NULL,'나-28',0,903),(18615,NULL,'나-29',0,903),(18616,NULL,'나-30',0,903),(18617,NULL,'다-1',0,904),(18618,NULL,'다-2',0,904),(18619,NULL,'다-3',0,904),(18620,NULL,'다-4',0,904),(18621,NULL,'다-5',0,904),(18622,NULL,'다-6',0,904),(18623,NULL,'다-7',0,904),(18624,NULL,'다-8',0,904),(18625,NULL,'다-9',0,904),(18626,NULL,'다-10',0,904),(18627,NULL,'다-11',0,904),(18628,NULL,'다-12',0,904),(18629,NULL,'다-13',0,904),(18630,NULL,'다-14',0,904),(18631,NULL,'다-15',0,904),(18632,NULL,'다-16',0,904),(18633,NULL,'다-17',0,904),(18634,NULL,'다-18',0,904),(18635,NULL,'다-19',0,904),(18636,NULL,'다-20',0,904),(18637,NULL,'다-21',0,904),(18638,NULL,'다-22',0,904),(18639,NULL,'다-23',0,904),(18640,NULL,'다-24',0,904),(18641,NULL,'다-25',0,904),(18642,NULL,'다-26',0,904),(18643,NULL,'다-27',0,904),(18644,NULL,'다-28',0,904),(18645,NULL,'다-29',0,904),(18646,NULL,'다-30',0,904),(18647,NULL,'라-1',0,905),(18648,NULL,'라-2',0,905),(18649,NULL,'라-3',0,905),(18650,NULL,'라-4',0,905),(18651,NULL,'라-5',0,905),(18652,NULL,'라-6',0,905),(18653,NULL,'라-7',0,905),(18654,NULL,'라-8',0,905),(18655,NULL,'라-9',0,905),(18656,NULL,'라-10',0,905),(18657,NULL,'라-11',0,905),(18658,NULL,'라-12',0,905),(18659,NULL,'라-13',0,905),(18660,NULL,'라-14',0,905),(18661,NULL,'라-15',0,905),(18662,NULL,'라-16',0,905),(18663,NULL,'라-17',0,905),(18664,NULL,'라-18',0,905),(18665,NULL,'라-19',0,905),(18666,NULL,'라-20',0,905),(18667,NULL,'라-21',0,905),(18668,NULL,'라-22',0,905),(18669,NULL,'라-23',0,905),(18670,NULL,'라-24',0,905),(18671,NULL,'라-25',0,905),(18672,NULL,'라-26',0,905),(18673,NULL,'라-27',0,905),(18674,NULL,'라-28',0,905),(18675,NULL,'라-29',0,905),(18676,NULL,'라-30',0,905),(18677,NULL,'B1-1',0,906),(18678,NULL,'B1-2',0,906),(18679,NULL,'B1-3',0,906),(18680,NULL,'B1-4',0,906),(18681,NULL,'B1-5',0,906),(18682,NULL,'B1-6',0,906),(18683,NULL,'B1-7',0,906),(18684,NULL,'B1-8',0,906),(18685,NULL,'B1-9',0,906),(18686,NULL,'B1-10',0,906),(18687,NULL,'B1-11',0,906),(18688,NULL,'B1-12',0,906),(18689,NULL,'B1-13',0,906),(18690,NULL,'B1-14',0,906),(18691,NULL,'B1-15',0,906),(18692,NULL,'B1-16',0,906),(18693,NULL,'B1-17',0,906),(18694,NULL,'B1-18',0,906),(18695,NULL,'B1-19',0,906),(18696,NULL,'B1-20',0,906),(18697,NULL,'B1-21',0,906),(18698,NULL,'B1-22',0,906),(18699,NULL,'B1-23',0,906),(18700,NULL,'B1-24',0,906),(18701,NULL,'B1-25',0,906),(18702,NULL,'B1-26',0,906),(18703,NULL,'B1-27',0,906),(18704,NULL,'B1-28',0,906),(18705,NULL,'B1-29',0,906),(18706,NULL,'B1-30',0,906),(18707,NULL,'B2-1',0,907),(18708,NULL,'B2-2',0,907),(18709,NULL,'B2-3',0,907),(18710,NULL,'B2-4',0,907),(18711,NULL,'B2-5',0,907),(18712,NULL,'B2-6',0,907),(18713,NULL,'B2-7',0,907),(18714,NULL,'B2-8',0,907),(18715,NULL,'B2-9',0,907),(18716,NULL,'B2-10',0,907),(18717,NULL,'B2-11',0,907),(18718,NULL,'B2-12',0,907),(18719,NULL,'B2-13',0,907),(18720,NULL,'B2-14',0,907),(18721,NULL,'B2-15',0,907),(18722,NULL,'B2-16',0,907),(18723,NULL,'B2-17',0,907),(18724,NULL,'B2-18',0,907),(18725,NULL,'B2-19',0,907),(18726,NULL,'B2-20',0,907),(18727,NULL,'B2-21',0,907),(18728,NULL,'B2-22',0,907),(18729,NULL,'B2-23',0,907),(18730,NULL,'B2-24',0,907),(18731,NULL,'B2-25',0,907),(18732,NULL,'B2-26',0,907),(18733,NULL,'B2-27',0,907),(18734,NULL,'B2-28',0,907),(18735,NULL,'B2-29',0,907),(18736,NULL,'B2-30',0,907),(18737,NULL,'D2-1',0,908),(18738,NULL,'D2-2',0,908),(18739,NULL,'D2-3',0,908),(18740,NULL,'D2-4',0,908),(18741,NULL,'D2-5',0,908),(18742,NULL,'D2-6',0,908),(18743,NULL,'D2-7',0,908),(18744,NULL,'D2-8',0,908),(18745,NULL,'D2-9',0,908),(18746,NULL,'D2-10',0,908),(18747,NULL,'D2-11',0,908),(18748,NULL,'D2-12',0,908),(18749,NULL,'D2-13',0,908),(18750,NULL,'D2-14',0,908),(18751,NULL,'D2-15',0,908),(18752,NULL,'D2-16',0,908),(18753,NULL,'D2-17',0,908),(18754,NULL,'D2-18',0,908),(18755,NULL,'D2-19',0,908),(18756,NULL,'D2-20',0,908),(18757,NULL,'D2-21',0,908),(18758,NULL,'D2-22',0,908),(18759,NULL,'D2-23',0,908),(18760,NULL,'D2-24',0,908),(18761,NULL,'D2-25',0,908),(18762,NULL,'D2-26',0,908),(18763,NULL,'D2-27',0,908),(18764,NULL,'D2-28',0,908),(18765,NULL,'D2-29',0,908),(18766,NULL,'D2-30',0,908),(18767,NULL,'D1-1',0,909),(18768,NULL,'D1-2',0,909),(18769,NULL,'D1-3',0,909),(18770,NULL,'D1-4',0,909),(18771,NULL,'D1-5',0,909),(18772,NULL,'D1-6',0,909),(18773,NULL,'D1-7',0,909),(18774,NULL,'D1-8',0,909),(18775,NULL,'D1-9',0,909),(18776,NULL,'D1-10',0,909),(18777,NULL,'D1-11',0,909),(18778,NULL,'D1-12',0,909),(18779,NULL,'D1-13',0,909),(18780,NULL,'D1-14',0,909),(18781,NULL,'D1-15',0,909),(18782,NULL,'D1-16',0,909),(18783,NULL,'D1-17',0,909),(18784,NULL,'D1-18',0,909),(18785,NULL,'D1-19',0,909),(18786,NULL,'D1-20',0,909),(18787,NULL,'D1-21',0,909),(18788,NULL,'D1-22',0,909),(18789,NULL,'D1-23',0,909),(18790,NULL,'D1-24',0,909),(18791,NULL,'D1-25',0,909),(18792,NULL,'D1-26',0,909),(18793,NULL,'D1-27',0,909),(18794,NULL,'D1-28',0,909),(18795,NULL,'D1-29',0,909),(18796,NULL,'D1-30',0,909),(18797,NULL,'C1-1',0,910),(18798,NULL,'C1-2',0,910),(18799,NULL,'C1-3',0,910),(18800,NULL,'C1-4',0,910),(18801,NULL,'C1-5',0,910),(18802,NULL,'C1-6',0,910),(18803,NULL,'C1-7',0,910),(18804,NULL,'C1-8',0,910),(18805,NULL,'C1-9',0,910),(18806,NULL,'C1-10',0,910),(18807,NULL,'C1-11',0,910),(18808,NULL,'C1-12',0,910),(18809,NULL,'C1-13',0,910),(18810,NULL,'C1-14',0,910),(18811,NULL,'C1-15',0,910),(18812,NULL,'C1-16',0,910),(18813,NULL,'C1-17',0,910),(18814,NULL,'C1-18',0,910),(18815,NULL,'C1-19',0,910),(18816,NULL,'C1-20',0,910),(18817,NULL,'C1-21',0,910),(18818,NULL,'C1-22',0,910),(18819,NULL,'C1-23',0,910),(18820,NULL,'C1-24',0,910),(18821,NULL,'C1-25',0,910),(18822,NULL,'C1-26',0,910),(18823,NULL,'C1-27',0,910),(18824,NULL,'C1-28',0,910),(18825,NULL,'C1-29',0,910),(18826,NULL,'C1-30',0,910),(18827,NULL,'C2-1',0,911),(18828,NULL,'C2-2',0,911),(18829,NULL,'C2-3',0,911),(18830,NULL,'C2-4',0,911),(18831,NULL,'C2-5',0,911),(18832,NULL,'C2-6',0,911),(18833,NULL,'C2-7',0,911),(18834,NULL,'C2-8',0,911),(18835,NULL,'C2-9',0,911),(18836,NULL,'C2-10',0,911),(18837,NULL,'C2-11',0,911),(18838,NULL,'C2-12',0,911),(18839,NULL,'C2-13',0,911),(18840,NULL,'C2-14',0,911),(18841,NULL,'C2-15',0,911),(18842,NULL,'C2-16',0,911),(18843,NULL,'C2-17',0,911),(18844,NULL,'C2-18',0,911),(18845,NULL,'C2-19',0,911),(18846,NULL,'C2-20',0,911),(18847,NULL,'C2-21',0,911),(18848,NULL,'C2-22',0,911),(18849,NULL,'C2-23',0,911),(18850,NULL,'C2-24',0,911),(18851,NULL,'C2-25',0,911),(18852,NULL,'C2-26',0,911),(18853,NULL,'C2-27',0,911),(18854,NULL,'C2-28',0,911),(18855,NULL,'C2-29',0,911),(18856,NULL,'C2-30',0,911),(18857,NULL,'C3-1',0,912),(18858,NULL,'C3-2',0,912),(18859,NULL,'C3-3',0,912),(18860,NULL,'C3-4',0,912),(18861,NULL,'C3-5',0,912),(18862,NULL,'C3-6',0,912),(18863,NULL,'C3-7',0,912),(18864,NULL,'C3-8',0,912),(18865,NULL,'C3-9',0,912),(18866,NULL,'C3-10',0,912),(18867,NULL,'C3-11',0,912),(18868,NULL,'C3-12',0,912),(18869,NULL,'C3-13',0,912),(18870,NULL,'C3-14',0,912),(18871,NULL,'C3-15',0,912),(18872,NULL,'C3-16',0,912),(18873,NULL,'C3-17',0,912),(18874,NULL,'C3-18',0,912),(18875,NULL,'C3-19',0,912),(18876,NULL,'C3-20',0,912),(18877,NULL,'C3-21',0,912),(18878,NULL,'C3-22',0,912),(18879,NULL,'C3-23',0,912),(18880,NULL,'C3-24',0,912),(18881,NULL,'C3-25',0,912),(18882,NULL,'C3-26',0,912),(18883,NULL,'C3-27',0,912),(18884,NULL,'C3-28',0,912),(18885,NULL,'C3-29',0,912),(18886,NULL,'C3-30',0,912),(18887,NULL,'가-1',0,913),(18888,NULL,'가-2',0,913),(18889,NULL,'가-3',0,913),(18890,NULL,'가-4',0,913),(18891,NULL,'가-5',0,913),(18892,NULL,'가-6',0,913),(18893,NULL,'가-7',0,913),(18894,NULL,'가-8',0,913),(18895,NULL,'가-9',0,913),(18896,NULL,'가-10',0,913),(18897,NULL,'가-11',0,913),(18898,NULL,'가-12',0,913),(18899,NULL,'가-13',0,913),(18900,NULL,'가-14',0,913),(18901,NULL,'가-15',0,913),(18902,NULL,'가-16',0,913),(18903,NULL,'가-17',0,913),(18904,NULL,'가-18',0,913),(18905,NULL,'가-19',0,913),(18906,NULL,'가-20',0,913),(18907,NULL,'가-21',0,913),(18908,NULL,'가-22',0,913),(18909,NULL,'가-23',0,913),(18910,NULL,'가-24',0,913),(18911,NULL,'가-25',0,913),(18912,NULL,'가-26',0,913),(18913,NULL,'가-27',0,913),(18914,NULL,'가-28',0,913),(18915,NULL,'가-29',0,913),(18916,NULL,'가-30',0,913),(18917,NULL,'나-1',0,914),(18918,NULL,'나-2',0,914),(18919,NULL,'나-3',0,914),(18920,NULL,'나-4',0,914),(18921,NULL,'나-5',0,914),(18922,NULL,'나-6',0,914),(18923,NULL,'나-7',0,914),(18924,NULL,'나-8',0,914),(18925,NULL,'나-9',0,914),(18926,NULL,'나-10',0,914),(18927,NULL,'나-11',0,914),(18928,NULL,'나-12',0,914),(18929,NULL,'나-13',0,914),(18930,NULL,'나-14',0,914),(18931,NULL,'나-15',0,914),(18932,NULL,'나-16',0,914),(18933,NULL,'나-17',0,914),(18934,NULL,'나-18',0,914),(18935,NULL,'나-19',0,914),(18936,NULL,'나-20',0,914),(18937,NULL,'나-21',0,914),(18938,NULL,'나-22',0,914),(18939,NULL,'나-23',0,914),(18940,NULL,'나-24',0,914),(18941,NULL,'나-25',0,914),(18942,NULL,'나-26',0,914),(18943,NULL,'나-27',0,914),(18944,NULL,'나-28',0,914),(18945,NULL,'나-29',0,914),(18946,NULL,'나-30',0,914),(18947,NULL,'다-1',0,915),(18948,NULL,'다-2',0,915),(18949,NULL,'다-3',0,915),(18950,NULL,'다-4',0,915),(18951,NULL,'다-5',0,915),(18952,NULL,'다-6',0,915),(18953,NULL,'다-7',0,915),(18954,NULL,'다-8',0,915),(18955,NULL,'다-9',0,915),(18956,NULL,'다-10',0,915),(18957,NULL,'다-11',0,915),(18958,NULL,'다-12',0,915),(18959,NULL,'다-13',0,915),(18960,NULL,'다-14',0,915),(18961,NULL,'다-15',0,915),(18962,NULL,'다-16',0,915),(18963,NULL,'다-17',0,915),(18964,NULL,'다-18',0,915),(18965,NULL,'다-19',0,915),(18966,NULL,'다-20',0,915),(18967,NULL,'다-21',0,915),(18968,NULL,'다-22',0,915),(18969,NULL,'다-23',0,915),(18970,NULL,'다-24',0,915),(18971,NULL,'다-25',0,915),(18972,NULL,'다-26',0,915),(18973,NULL,'다-27',0,915),(18974,NULL,'다-28',0,915),(18975,NULL,'다-29',0,915),(18976,NULL,'다-30',0,915),(18977,NULL,'라-1',0,916),(18978,NULL,'라-2',0,916),(18979,NULL,'라-3',0,916),(18980,NULL,'라-4',0,916),(18981,NULL,'라-5',0,916),(18982,NULL,'라-6',0,916),(18983,NULL,'라-7',0,916),(18984,NULL,'라-8',0,916),(18985,NULL,'라-9',0,916),(18986,NULL,'라-10',0,916),(18987,NULL,'라-11',0,916),(18988,NULL,'라-12',0,916),(18989,NULL,'라-13',0,916),(18990,NULL,'라-14',0,916),(18991,NULL,'라-15',0,916),(18992,NULL,'라-16',0,916),(18993,NULL,'라-17',0,916),(18994,NULL,'라-18',0,916),(18995,NULL,'라-19',0,916),(18996,NULL,'라-20',0,916),(18997,NULL,'라-21',0,916),(18998,NULL,'라-22',0,916),(18999,NULL,'라-23',0,916),(19000,NULL,'라-24',0,916),(19001,NULL,'라-25',0,916),(19002,NULL,'라-26',0,916),(19003,NULL,'라-27',0,916),(19004,NULL,'라-28',0,916),(19005,NULL,'라-29',0,916),(19006,NULL,'라-30',0,916),(19007,NULL,'B1-1',0,917),(19008,NULL,'B1-2',0,917),(19009,NULL,'B1-3',0,917),(19010,NULL,'B1-4',0,917),(19011,NULL,'B1-5',0,917),(19012,NULL,'B1-6',0,917),(19013,NULL,'B1-7',0,917),(19014,NULL,'B1-8',0,917),(19015,NULL,'B1-9',0,917),(19016,NULL,'B1-10',0,917),(19017,NULL,'B1-11',0,917),(19018,NULL,'B1-12',0,917),(19019,NULL,'B1-13',0,917),(19020,NULL,'B1-14',0,917),(19021,NULL,'B1-15',0,917),(19022,NULL,'B1-16',0,917),(19023,NULL,'B1-17',0,917),(19024,NULL,'B1-18',0,917),(19025,NULL,'B1-19',0,917),(19026,NULL,'B1-20',0,917),(19027,NULL,'B1-21',0,917),(19028,NULL,'B1-22',0,917),(19029,NULL,'B1-23',0,917),(19030,NULL,'B1-24',0,917),(19031,NULL,'B1-25',0,917),(19032,NULL,'B1-26',0,917),(19033,NULL,'B1-27',0,917),(19034,NULL,'B1-28',0,917),(19035,NULL,'B1-29',0,917),(19036,NULL,'B1-30',0,917),(19037,NULL,'B2-1',0,918),(19038,NULL,'B2-2',0,918),(19039,NULL,'B2-3',0,918),(19040,NULL,'B2-4',0,918),(19041,NULL,'B2-5',0,918),(19042,NULL,'B2-6',0,918),(19043,NULL,'B2-7',0,918),(19044,NULL,'B2-8',0,918),(19045,NULL,'B2-9',0,918),(19046,NULL,'B2-10',0,918),(19047,NULL,'B2-11',0,918),(19048,NULL,'B2-12',0,918),(19049,NULL,'B2-13',0,918),(19050,NULL,'B2-14',0,918),(19051,NULL,'B2-15',0,918),(19052,NULL,'B2-16',0,918),(19053,NULL,'B2-17',0,918),(19054,NULL,'B2-18',0,918),(19055,NULL,'B2-19',0,918),(19056,NULL,'B2-20',0,918),(19057,NULL,'B2-21',0,918),(19058,NULL,'B2-22',0,918),(19059,NULL,'B2-23',0,918),(19060,NULL,'B2-24',0,918),(19061,NULL,'B2-25',0,918),(19062,NULL,'B2-26',0,918),(19063,NULL,'B2-27',0,918),(19064,NULL,'B2-28',0,918),(19065,NULL,'B2-29',0,918),(19066,NULL,'B2-30',0,918),(19067,NULL,'D2-1',0,919),(19068,NULL,'D2-2',0,919),(19069,NULL,'D2-3',0,919),(19070,NULL,'D2-4',0,919),(19071,NULL,'D2-5',0,919),(19072,NULL,'D2-6',0,919),(19073,NULL,'D2-7',0,919),(19074,NULL,'D2-8',0,919),(19075,NULL,'D2-9',0,919),(19076,NULL,'D2-10',0,919),(19077,NULL,'D2-11',0,919),(19078,NULL,'D2-12',0,919),(19079,NULL,'D2-13',0,919),(19080,NULL,'D2-14',0,919),(19081,NULL,'D2-15',0,919),(19082,NULL,'D2-16',0,919),(19083,NULL,'D2-17',0,919),(19084,NULL,'D2-18',0,919),(19085,NULL,'D2-19',0,919),(19086,NULL,'D2-20',0,919),(19087,NULL,'D2-21',0,919),(19088,NULL,'D2-22',0,919),(19089,NULL,'D2-23',0,919),(19090,NULL,'D2-24',0,919),(19091,NULL,'D2-25',0,919),(19092,NULL,'D2-26',0,919),(19093,NULL,'D2-27',0,919),(19094,NULL,'D2-28',0,919),(19095,NULL,'D2-29',0,919),(19096,NULL,'D2-30',0,919),(19097,NULL,'D1-1',0,920),(19098,NULL,'D1-2',0,920),(19099,NULL,'D1-3',0,920),(19100,NULL,'D1-4',0,920),(19101,NULL,'D1-5',0,920),(19102,NULL,'D1-6',0,920),(19103,NULL,'D1-7',0,920),(19104,NULL,'D1-8',0,920),(19105,NULL,'D1-9',0,920),(19106,NULL,'D1-10',0,920),(19107,NULL,'D1-11',0,920),(19108,NULL,'D1-12',0,920),(19109,NULL,'D1-13',0,920),(19110,NULL,'D1-14',0,920),(19111,NULL,'D1-15',0,920),(19112,NULL,'D1-16',0,920),(19113,NULL,'D1-17',0,920),(19114,NULL,'D1-18',0,920),(19115,NULL,'D1-19',0,920),(19116,NULL,'D1-20',0,920),(19117,NULL,'D1-21',0,920),(19118,NULL,'D1-22',0,920),(19119,NULL,'D1-23',0,920),(19120,NULL,'D1-24',0,920),(19121,NULL,'D1-25',0,920),(19122,NULL,'D1-26',0,920),(19123,NULL,'D1-27',0,920),(19124,NULL,'D1-28',0,920),(19125,NULL,'D1-29',0,920),(19126,NULL,'D1-30',0,920),(19127,NULL,'C1-1',0,921),(19128,NULL,'C1-2',0,921),(19129,NULL,'C1-3',0,921),(19130,NULL,'C1-4',0,921),(19131,NULL,'C1-5',0,921),(19132,NULL,'C1-6',0,921),(19133,NULL,'C1-7',0,921),(19134,NULL,'C1-8',0,921),(19135,NULL,'C1-9',0,921),(19136,NULL,'C1-10',0,921),(19137,NULL,'C1-11',0,921),(19138,NULL,'C1-12',0,921),(19139,NULL,'C1-13',0,921),(19140,NULL,'C1-14',0,921),(19141,NULL,'C1-15',0,921),(19142,NULL,'C1-16',0,921),(19143,NULL,'C1-17',0,921),(19144,NULL,'C1-18',0,921),(19145,NULL,'C1-19',0,921),(19146,NULL,'C1-20',0,921),(19147,NULL,'C1-21',0,921),(19148,NULL,'C1-22',0,921),(19149,NULL,'C1-23',0,921),(19150,NULL,'C1-24',0,921),(19151,NULL,'C1-25',0,921),(19152,NULL,'C1-26',0,921),(19153,NULL,'C1-27',0,921),(19154,NULL,'C1-28',0,921),(19155,NULL,'C1-29',0,921),(19156,NULL,'C1-30',0,921),(19157,NULL,'C2-1',0,922),(19158,NULL,'C2-2',0,922),(19159,NULL,'C2-3',0,922),(19160,NULL,'C2-4',0,922),(19161,NULL,'C2-5',0,922),(19162,NULL,'C2-6',0,922),(19163,NULL,'C2-7',0,922),(19164,NULL,'C2-8',0,922),(19165,NULL,'C2-9',0,922),(19166,NULL,'C2-10',0,922),(19167,NULL,'C2-11',0,922),(19168,NULL,'C2-12',0,922),(19169,NULL,'C2-13',0,922),(19170,NULL,'C2-14',0,922),(19171,NULL,'C2-15',0,922),(19172,NULL,'C2-16',0,922),(19173,NULL,'C2-17',0,922),(19174,NULL,'C2-18',0,922),(19175,NULL,'C2-19',0,922),(19176,NULL,'C2-20',0,922),(19177,NULL,'C2-21',0,922),(19178,NULL,'C2-22',0,922),(19179,NULL,'C2-23',0,922),(19180,NULL,'C2-24',0,922),(19181,NULL,'C2-25',0,922),(19182,NULL,'C2-26',0,922),(19183,NULL,'C2-27',0,922),(19184,NULL,'C2-28',0,922),(19185,NULL,'C2-29',0,922),(19186,NULL,'C2-30',0,922),(19187,NULL,'C3-1',0,923),(19188,NULL,'C3-2',0,923),(19189,NULL,'C3-3',0,923),(19190,NULL,'C3-4',0,923),(19191,NULL,'C3-5',0,923),(19192,NULL,'C3-6',0,923),(19193,NULL,'C3-7',0,923),(19194,NULL,'C3-8',0,923),(19195,NULL,'C3-9',0,923),(19196,NULL,'C3-10',0,923),(19197,NULL,'C3-11',0,923),(19198,NULL,'C3-12',0,923),(19199,NULL,'C3-13',0,923),(19200,NULL,'C3-14',0,923),(19201,NULL,'C3-15',0,923),(19202,NULL,'C3-16',0,923),(19203,NULL,'C3-17',0,923),(19204,NULL,'C3-18',0,923),(19205,NULL,'C3-19',0,923),(19206,NULL,'C3-20',0,923),(19207,NULL,'C3-21',0,923),(19208,NULL,'C3-22',0,923),(19209,NULL,'C3-23',0,923),(19210,NULL,'C3-24',0,923),(19211,NULL,'C3-25',0,923),(19212,NULL,'C3-26',0,923),(19213,NULL,'C3-27',0,923),(19214,NULL,'C3-28',0,923),(19215,NULL,'C3-29',0,923),(19216,'2022-04-05 06:14:31.666000','C3-30',1,923),(19217,NULL,'3-1',0,924),(19218,NULL,'3-2',0,924),(19219,NULL,'3-3',0,924),(19220,NULL,'3-4',0,924),(19221,NULL,'3-5',0,924),(19222,NULL,'3-6',0,924),(19223,NULL,'3-7',0,924),(19224,NULL,'3-8',0,924),(19225,NULL,'3-9',0,924),(19226,NULL,'3-10',0,924),(19227,NULL,'3-11',0,924),(19228,NULL,'3-12',0,924),(19229,NULL,'3-13',0,924),(19230,NULL,'3-14',0,924),(19231,NULL,'3-15',0,924),(19232,NULL,'3-16',0,924),(19233,NULL,'3-17',0,924),(19234,NULL,'3-18',0,924),(19235,NULL,'3-19',0,924),(19236,NULL,'3-20',0,924),(19237,NULL,'4-1',0,925),(19238,NULL,'4-2',0,925),(19239,NULL,'4-3',0,925),(19240,NULL,'4-4',0,925),(19241,NULL,'4-5',0,925),(19242,NULL,'4-6',0,925),(19243,NULL,'4-7',0,925),(19244,NULL,'4-8',0,925),(19245,NULL,'4-9',0,925),(19246,NULL,'4-10',0,925),(19247,NULL,'4-11',0,925),(19248,NULL,'4-12',0,925),(19249,NULL,'4-13',0,925),(19250,NULL,'4-14',0,925),(19251,NULL,'4-15',0,925),(19252,NULL,'4-16',0,925),(19253,NULL,'4-17',0,925),(19254,NULL,'4-18',0,925),(19255,NULL,'4-19',0,925),(19256,NULL,'4-20',0,925),(19257,NULL,'5-1',0,926),(19258,NULL,'5-2',0,926),(19259,NULL,'5-3',0,926),(19260,NULL,'5-4',0,926),(19261,NULL,'5-5',0,926),(19262,NULL,'5-6',0,926),(19263,NULL,'5-7',0,926),(19264,NULL,'5-8',0,926),(19265,NULL,'5-9',0,926),(19266,NULL,'5-10',0,926),(19267,NULL,'5-11',0,926),(19268,NULL,'5-12',0,926),(19269,NULL,'5-13',0,926),(19270,NULL,'5-14',0,926),(19271,NULL,'5-15',0,926),(19272,NULL,'5-16',0,926),(19273,NULL,'5-17',0,926),(19274,NULL,'5-18',0,926),(19275,NULL,'5-19',0,926),(19276,NULL,'5-20',0,926),(19277,NULL,'6-1',0,927),(19278,NULL,'6-2',0,927),(19279,NULL,'6-3',0,927),(19280,NULL,'6-4',0,927),(19281,NULL,'6-5',0,927),(19282,NULL,'6-6',0,927),(19283,NULL,'6-7',0,927),(19284,NULL,'6-8',0,927),(19285,NULL,'6-9',0,927),(19286,NULL,'6-10',0,927),(19287,NULL,'6-11',0,927),(19288,NULL,'6-12',0,927),(19289,NULL,'6-13',0,927),(19290,NULL,'6-14',0,927),(19291,NULL,'6-15',0,927),(19292,NULL,'6-16',0,927),(19293,NULL,'6-17',0,927),(19294,NULL,'6-18',0,927),(19295,NULL,'6-19',0,927),(19296,NULL,'6-20',0,927),(19297,NULL,'7-1',0,928),(19298,NULL,'7-2',0,928),(19299,NULL,'7-3',0,928),(19300,NULL,'7-4',0,928),(19301,NULL,'7-5',0,928),(19302,NULL,'7-6',0,928),(19303,NULL,'7-7',0,928),(19304,NULL,'7-8',0,928),(19305,NULL,'7-9',0,928),(19306,NULL,'7-10',0,928),(19307,NULL,'7-11',0,928),(19308,NULL,'7-12',0,928),(19309,NULL,'7-13',0,928),(19310,NULL,'7-14',0,928),(19311,NULL,'7-15',0,928),(19312,NULL,'7-16',0,928),(19313,NULL,'7-17',0,928),(19314,NULL,'7-18',0,928),(19315,NULL,'7-19',0,928),(19316,NULL,'7-20',0,928),(19317,NULL,'8-1',0,929),(19318,NULL,'8-2',0,929),(19319,NULL,'8-3',0,929),(19320,NULL,'8-4',0,929),(19321,NULL,'8-5',0,929),(19322,NULL,'8-6',0,929),(19323,NULL,'8-7',0,929),(19324,NULL,'8-8',0,929),(19325,NULL,'8-9',0,929),(19326,NULL,'8-10',0,929),(19327,NULL,'8-11',0,929),(19328,NULL,'8-12',0,929),(19329,NULL,'8-13',0,929),(19330,NULL,'8-14',0,929),(19331,NULL,'8-15',0,929),(19332,NULL,'8-16',0,929),(19333,NULL,'8-17',0,929),(19334,NULL,'8-18',0,929),(19335,NULL,'8-19',0,929),(19336,NULL,'8-20',0,929),(19337,NULL,'10-1',0,930),(19338,NULL,'10-2',0,930),(19339,NULL,'10-3',0,930),(19340,NULL,'10-4',0,930),(19341,NULL,'10-5',0,930),(19342,NULL,'10-6',0,930),(19343,NULL,'10-7',0,930),(19344,NULL,'10-8',0,930),(19345,NULL,'10-9',0,930),(19346,NULL,'10-10',0,930),(19347,NULL,'10-11',0,930),(19348,NULL,'10-12',0,930),(19349,NULL,'10-13',0,930),(19350,NULL,'10-14',0,930),(19351,NULL,'10-15',0,930),(19352,NULL,'10-16',0,930),(19353,NULL,'10-17',0,930),(19354,NULL,'10-18',0,930),(19355,NULL,'10-19',0,930),(19356,NULL,'10-20',0,930),(19357,'2022-04-05 06:32:51.416000','11-1',1,931),(19358,NULL,'11-2',0,931),(19359,NULL,'11-3',0,931),(19360,NULL,'11-4',0,931),(19361,NULL,'11-5',0,931),(19362,NULL,'11-6',0,931),(19363,NULL,'11-7',0,931),(19364,NULL,'11-8',0,931),(19365,NULL,'11-9',0,931),(19366,NULL,'11-10',0,931),(19367,NULL,'11-11',0,931),(19368,NULL,'11-12',0,931),(19369,NULL,'11-13',0,931),(19370,NULL,'11-14',0,931),(19371,NULL,'11-15',0,931),(19372,NULL,'11-16',0,931),(19373,NULL,'11-17',0,931),(19374,NULL,'11-18',0,931),(19375,NULL,'11-19',0,931),(19376,NULL,'11-20',0,931),(19377,NULL,'12-1',0,932),(19378,NULL,'12-2',0,932),(19379,NULL,'12-3',0,932),(19380,NULL,'12-4',0,932),(19381,NULL,'12-5',0,932),(19382,NULL,'12-6',0,932),(19383,NULL,'12-7',0,932),(19384,NULL,'12-8',0,932),(19385,NULL,'12-9',0,932),(19386,NULL,'12-10',0,932),(19387,NULL,'12-11',0,932),(19388,NULL,'12-12',0,932),(19389,NULL,'12-13',0,932),(19390,NULL,'12-14',0,932),(19391,NULL,'12-15',0,932),(19392,NULL,'12-16',0,932),(19393,NULL,'12-17',0,932),(19394,NULL,'12-18',0,932),(19395,NULL,'12-19',0,932),(19396,NULL,'12-20',0,932),(19397,NULL,'13-1',0,933),(19398,NULL,'13-2',0,933),(19399,NULL,'13-3',0,933),(19400,NULL,'13-4',0,933),(19401,NULL,'13-5',0,933),(19402,NULL,'13-6',0,933),(19403,NULL,'13-7',0,933),(19404,NULL,'13-8',0,933),(19405,NULL,'13-9',0,933),(19406,NULL,'13-10',0,933),(19407,NULL,'13-11',0,933),(19408,NULL,'13-12',0,933),(19409,NULL,'13-13',0,933),(19410,NULL,'13-14',0,933),(19411,NULL,'13-15',0,933),(19412,NULL,'13-16',0,933),(19413,NULL,'13-17',0,933),(19414,NULL,'13-18',0,933),(19415,NULL,'13-19',0,933),(19416,NULL,'13-20',0,933),(19417,NULL,'14-1',0,934),(19418,NULL,'14-2',0,934),(19419,NULL,'14-3',0,934),(19420,NULL,'14-4',0,934),(19421,NULL,'14-5',0,934),(19422,NULL,'14-6',0,934),(19423,NULL,'14-7',0,934),(19424,NULL,'14-8',0,934),(19425,NULL,'14-9',0,934),(19426,NULL,'14-10',0,934),(19427,NULL,'14-11',0,934),(19428,NULL,'14-12',0,934),(19429,NULL,'14-13',0,934),(19430,NULL,'14-14',0,934),(19431,NULL,'14-15',0,934),(19432,NULL,'14-16',0,934),(19433,NULL,'14-17',0,934),(19434,NULL,'14-18',0,934),(19435,NULL,'14-19',0,934),(19436,NULL,'14-20',0,934),(19437,NULL,'15-1',0,935),(19438,NULL,'15-2',0,935),(19439,NULL,'15-3',0,935),(19440,NULL,'15-4',0,935),(19441,NULL,'15-5',0,935),(19442,NULL,'15-6',0,935),(19443,NULL,'15-7',0,935),(19444,NULL,'15-8',0,935),(19445,NULL,'15-9',0,935),(19446,NULL,'15-10',0,935),(19447,NULL,'15-11',0,935),(19448,NULL,'15-12',0,935),(19449,NULL,'15-13',0,935),(19450,NULL,'15-14',0,935),(19451,NULL,'15-15',0,935),(19452,NULL,'15-16',0,935),(19453,NULL,'15-17',0,935),(19454,NULL,'15-18',0,935),(19455,NULL,'15-19',0,935),(19456,NULL,'15-20',0,935),(19457,NULL,'A-1',0,936),(19458,NULL,'A-2',0,936),(19459,NULL,'A-3',0,936),(19460,NULL,'A-4',0,936),(19461,NULL,'A-5',0,936),(19462,NULL,'A-6',0,936),(19463,NULL,'A-7',0,936),(19464,NULL,'A-8',0,936),(19465,NULL,'A-9',0,936),(19466,NULL,'A-10',0,936),(19467,NULL,'A-11',0,936),(19468,NULL,'A-12',0,936),(19469,NULL,'A-13',0,936),(19470,NULL,'A-14',0,936),(19471,NULL,'A-15',0,936),(19472,NULL,'A-16',0,936),(19473,NULL,'A-17',0,936),(19474,NULL,'A-18',0,936),(19475,NULL,'A-19',0,936),(19476,NULL,'A-20',0,936),(19477,NULL,'A-21',0,936),(19478,NULL,'A-22',0,936),(19479,NULL,'A-23',0,936),(19480,NULL,'A-24',0,936),(19481,NULL,'A-25',0,936),(19482,NULL,'A-26',0,936),(19483,NULL,'A-27',0,936),(19484,NULL,'A-28',0,936),(19485,NULL,'A-29',0,936),(19486,NULL,'A-30',0,936),(19487,NULL,'B-1',0,937),(19488,NULL,'B-2',0,937),(19489,NULL,'B-3',0,937),(19490,NULL,'B-4',0,937),(19491,NULL,'B-5',0,937),(19492,NULL,'B-6',0,937),(19493,NULL,'B-7',0,937),(19494,NULL,'B-8',0,937),(19495,NULL,'B-9',0,937),(19496,NULL,'B-10',0,937),(19497,NULL,'B-11',0,937),(19498,NULL,'B-12',0,937),(19499,NULL,'B-13',0,937),(19500,NULL,'B-14',0,937),(19501,NULL,'B-15',0,937),(19502,NULL,'B-16',0,937),(19503,NULL,'B-17',0,937),(19504,NULL,'B-18',0,937),(19505,NULL,'B-19',0,937),(19506,NULL,'B-20',0,937),(19507,NULL,'B-21',0,937),(19508,NULL,'B-22',0,937),(19509,NULL,'B-23',0,937),(19510,NULL,'B-24',0,937),(19511,NULL,'B-25',0,937),(19512,NULL,'B-26',0,937),(19513,NULL,'B-27',0,937),(19514,NULL,'B-28',0,937),(19515,NULL,'B-29',0,937),(19516,NULL,'B-30',0,937),(19517,NULL,'C-1',0,938),(19518,NULL,'C-2',0,938),(19519,NULL,'C-3',0,938),(19520,NULL,'C-4',0,938),(19521,NULL,'C-5',0,938),(19522,NULL,'C-6',0,938),(19523,NULL,'C-7',0,938),(19524,NULL,'C-8',0,938),(19525,NULL,'C-9',0,938),(19526,NULL,'C-10',0,938),(19527,NULL,'C-11',0,938),(19528,NULL,'C-12',0,938),(19529,NULL,'C-13',0,938),(19530,NULL,'C-14',0,938),(19531,NULL,'C-15',0,938),(19532,NULL,'C-16',0,938),(19533,NULL,'C-17',0,938),(19534,NULL,'C-18',0,938),(19535,NULL,'C-19',0,938),(19536,NULL,'C-20',0,938),(19537,NULL,'C-21',0,938),(19538,NULL,'C-22',0,938),(19539,NULL,'C-23',0,938),(19540,NULL,'C-24',0,938),(19541,NULL,'C-25',0,938),(19542,NULL,'C-26',0,938),(19543,NULL,'C-27',0,938),(19544,NULL,'C-28',0,938),(19545,NULL,'C-29',0,938),(19546,NULL,'C-30',0,938),(19547,NULL,'C-31',0,938),(19548,NULL,'C-32',0,938),(19549,NULL,'C-33',0,938),(19550,NULL,'C-34',0,938),(19551,NULL,'C-35',0,938),(19552,NULL,'C-36',0,938),(19553,NULL,'C-37',0,938),(19554,NULL,'C-38',0,938),(19555,NULL,'C-39',0,938),(19556,NULL,'C-40',0,938),(19557,NULL,'D-1',0,939),(19558,NULL,'D-2',0,939),(19559,NULL,'D-3',0,939),(19560,NULL,'D-4',0,939),(19561,NULL,'D-5',0,939),(19562,NULL,'D-6',0,939),(19563,NULL,'D-7',0,939),(19564,NULL,'D-8',0,939),(19565,NULL,'D-9',0,939),(19566,NULL,'D-10',0,939),(19567,NULL,'D-11',0,939),(19568,NULL,'D-12',0,939),(19569,NULL,'D-13',0,939),(19570,NULL,'D-14',0,939),(19571,NULL,'D-15',0,939),(19572,NULL,'D-16',0,939),(19573,NULL,'D-17',0,939),(19574,NULL,'D-18',0,939),(19575,NULL,'D-19',0,939),(19576,NULL,'D-20',0,939),(19577,NULL,'D-21',0,939),(19578,NULL,'D-22',0,939),(19579,NULL,'D-23',0,939),(19580,NULL,'D-24',0,939),(19581,NULL,'D-25',0,939),(19582,NULL,'D-26',0,939),(19583,NULL,'D-27',0,939),(19584,NULL,'D-28',0,939),(19585,NULL,'D-29',0,939),(19586,NULL,'D-30',0,939),(19587,NULL,'E-1',0,940),(19588,NULL,'E-2',0,940),(19589,NULL,'E-3',0,940),(19590,NULL,'E-4',0,940),(19591,NULL,'E-5',0,940),(19592,NULL,'E-6',0,940),(19593,NULL,'E-7',0,940),(19594,NULL,'E-8',0,940),(19595,NULL,'E-9',0,940),(19596,NULL,'E-10',0,940),(19597,NULL,'E-11',0,940),(19598,NULL,'E-12',0,940),(19599,NULL,'E-13',0,940),(19600,NULL,'E-14',0,940),(19601,NULL,'E-15',0,940),(19602,NULL,'E-16',0,940),(19603,NULL,'E-17',0,940),(19604,NULL,'E-18',0,940),(19605,NULL,'E-19',0,940),(19606,NULL,'E-20',0,940),(19607,NULL,'E-21',0,940),(19608,NULL,'E-22',0,940),(19609,NULL,'E-23',0,940),(19610,NULL,'E-24',0,940),(19611,NULL,'E-25',0,940),(19612,NULL,'E-26',0,940),(19613,NULL,'E-27',0,940),(19614,NULL,'E-28',0,940),(19615,NULL,'E-29',0,940),(19616,NULL,'E-30',0,940),(19617,NULL,'3-1',0,941),(19618,NULL,'3-2',0,941),(19619,NULL,'3-3',0,941),(19620,NULL,'3-4',0,941),(19621,NULL,'3-5',0,941),(19622,NULL,'3-6',0,941),(19623,NULL,'3-7',0,941),(19624,NULL,'3-8',0,941),(19625,NULL,'3-9',0,941),(19626,NULL,'3-10',0,941),(19627,NULL,'3-11',0,941),(19628,NULL,'3-12',0,941),(19629,NULL,'3-13',0,941),(19630,NULL,'3-14',0,941),(19631,NULL,'3-15',0,941),(19632,NULL,'3-16',0,941),(19633,NULL,'3-17',0,941),(19634,NULL,'3-18',0,941),(19635,NULL,'3-19',0,941),(19636,NULL,'3-20',0,941),(19637,NULL,'4-1',0,942),(19638,NULL,'4-2',0,942),(19639,NULL,'4-3',0,942),(19640,NULL,'4-4',0,942),(19641,NULL,'4-5',0,942),(19642,NULL,'4-6',0,942),(19643,NULL,'4-7',0,942),(19644,NULL,'4-8',0,942),(19645,NULL,'4-9',0,942),(19646,NULL,'4-10',0,942),(19647,NULL,'4-11',0,942),(19648,NULL,'4-12',0,942),(19649,NULL,'4-13',0,942),(19650,NULL,'4-14',0,942),(19651,NULL,'4-15',0,942),(19652,NULL,'4-16',0,942),(19653,NULL,'4-17',0,942),(19654,NULL,'4-18',0,942),(19655,NULL,'4-19',0,942),(19656,NULL,'4-20',0,942),(19657,NULL,'5-1',0,943),(19658,NULL,'5-2',0,943),(19659,NULL,'5-3',0,943),(19660,NULL,'5-4',0,943),(19661,NULL,'5-5',0,943),(19662,NULL,'5-6',0,943),(19663,NULL,'5-7',0,943),(19664,NULL,'5-8',0,943),(19665,NULL,'5-9',0,943),(19666,NULL,'5-10',0,943),(19667,NULL,'5-11',0,943),(19668,NULL,'5-12',0,943),(19669,NULL,'5-13',0,943),(19670,NULL,'5-14',0,943),(19671,NULL,'5-15',0,943),(19672,NULL,'5-16',0,943),(19673,NULL,'5-17',0,943),(19674,NULL,'5-18',0,943),(19675,NULL,'5-19',0,943),(19676,NULL,'5-20',0,943),(19677,NULL,'6-1',0,944),(19678,NULL,'6-2',0,944),(19679,NULL,'6-3',0,944),(19680,NULL,'6-4',0,944),(19681,NULL,'6-5',0,944),(19682,NULL,'6-6',0,944),(19683,NULL,'6-7',0,944),(19684,NULL,'6-8',0,944),(19685,NULL,'6-9',0,944),(19686,NULL,'6-10',0,944),(19687,NULL,'6-11',0,944),(19688,NULL,'6-12',0,944),(19689,NULL,'6-13',0,944),(19690,NULL,'6-14',0,944),(19691,NULL,'6-15',0,944),(19692,NULL,'6-16',0,944),(19693,NULL,'6-17',0,944),(19694,NULL,'6-18',0,944),(19695,NULL,'6-19',0,944),(19696,NULL,'6-20',0,944),(19697,NULL,'7-1',0,945),(19698,NULL,'7-2',0,945),(19699,NULL,'7-3',0,945),(19700,NULL,'7-4',0,945),(19701,NULL,'7-5',0,945),(19702,NULL,'7-6',0,945),(19703,NULL,'7-7',0,945),(19704,NULL,'7-8',0,945),(19705,NULL,'7-9',0,945),(19706,NULL,'7-10',0,945),(19707,NULL,'7-11',0,945),(19708,NULL,'7-12',0,945),(19709,NULL,'7-13',0,945),(19710,NULL,'7-14',0,945),(19711,NULL,'7-15',0,945),(19712,NULL,'7-16',0,945),(19713,NULL,'7-17',0,945),(19714,NULL,'7-18',0,945),(19715,NULL,'7-19',0,945),(19716,NULL,'7-20',0,945),(19717,NULL,'8-1',0,946),(19718,NULL,'8-2',0,946),(19719,NULL,'8-3',0,946),(19720,NULL,'8-4',0,946),(19721,NULL,'8-5',0,946),(19722,NULL,'8-6',0,946),(19723,NULL,'8-7',0,946),(19724,NULL,'8-8',0,946),(19725,NULL,'8-9',0,946),(19726,NULL,'8-10',0,946),(19727,NULL,'8-11',0,946),(19728,NULL,'8-12',0,946),(19729,NULL,'8-13',0,946),(19730,NULL,'8-14',0,946),(19731,NULL,'8-15',0,946),(19732,NULL,'8-16',0,946),(19733,NULL,'8-17',0,946),(19734,NULL,'8-18',0,946),(19735,NULL,'8-19',0,946),(19736,NULL,'8-20',0,946),(19737,NULL,'10-1',0,947),(19738,NULL,'10-2',0,947),(19739,NULL,'10-3',0,947),(19740,NULL,'10-4',0,947),(19741,NULL,'10-5',0,947),(19742,NULL,'10-6',0,947),(19743,NULL,'10-7',0,947),(19744,NULL,'10-8',0,947),(19745,NULL,'10-9',0,947),(19746,NULL,'10-10',0,947),(19747,NULL,'10-11',0,947),(19748,NULL,'10-12',0,947),(19749,NULL,'10-13',0,947),(19750,NULL,'10-14',0,947),(19751,NULL,'10-15',0,947),(19752,NULL,'10-16',0,947),(19753,NULL,'10-17',0,947),(19754,NULL,'10-18',0,947),(19755,NULL,'10-19',0,947),(19756,NULL,'10-20',0,947),(19757,NULL,'11-1',0,948),(19758,NULL,'11-2',0,948),(19759,NULL,'11-3',0,948),(19760,NULL,'11-4',0,948),(19761,NULL,'11-5',0,948),(19762,NULL,'11-6',0,948),(19763,NULL,'11-7',0,948),(19764,NULL,'11-8',0,948),(19765,NULL,'11-9',0,948),(19766,NULL,'11-10',0,948),(19767,NULL,'11-11',0,948),(19768,NULL,'11-12',0,948),(19769,NULL,'11-13',0,948),(19770,NULL,'11-14',0,948),(19771,NULL,'11-15',0,948),(19772,NULL,'11-16',0,948),(19773,NULL,'11-17',0,948),(19774,NULL,'11-18',0,948),(19775,NULL,'11-19',0,948),(19776,NULL,'11-20',0,948),(19777,NULL,'12-1',0,949),(19778,NULL,'12-2',0,949),(19779,NULL,'12-3',0,949),(19780,NULL,'12-4',0,949),(19781,NULL,'12-5',0,949),(19782,NULL,'12-6',0,949),(19783,NULL,'12-7',0,949),(19784,NULL,'12-8',0,949),(19785,NULL,'12-9',0,949),(19786,NULL,'12-10',0,949),(19787,NULL,'12-11',0,949),(19788,NULL,'12-12',0,949),(19789,NULL,'12-13',0,949),(19790,NULL,'12-14',0,949),(19791,NULL,'12-15',0,949),(19792,NULL,'12-16',0,949),(19793,NULL,'12-17',0,949),(19794,NULL,'12-18',0,949),(19795,NULL,'12-19',0,949),(19796,NULL,'12-20',0,949),(19797,NULL,'13-1',0,950),(19798,NULL,'13-2',0,950),(19799,NULL,'13-3',0,950),(19800,NULL,'13-4',0,950),(19801,NULL,'13-5',0,950),(19802,NULL,'13-6',0,950),(19803,NULL,'13-7',0,950),(19804,NULL,'13-8',0,950),(19805,NULL,'13-9',0,950),(19806,NULL,'13-10',0,950),(19807,NULL,'13-11',0,950),(19808,NULL,'13-12',0,950),(19809,NULL,'13-13',0,950),(19810,NULL,'13-14',0,950),(19811,NULL,'13-15',0,950),(19812,NULL,'13-16',0,950),(19813,NULL,'13-17',0,950),(19814,NULL,'13-18',0,950),(19815,NULL,'13-19',0,950),(19816,NULL,'13-20',0,950),(19817,NULL,'14-1',0,951),(19818,NULL,'14-2',0,951),(19819,NULL,'14-3',0,951),(19820,NULL,'14-4',0,951),(19821,NULL,'14-5',0,951),(19822,NULL,'14-6',0,951),(19823,NULL,'14-7',0,951),(19824,NULL,'14-8',0,951),(19825,NULL,'14-9',0,951),(19826,NULL,'14-10',0,951),(19827,NULL,'14-11',0,951),(19828,NULL,'14-12',0,951),(19829,NULL,'14-13',0,951),(19830,NULL,'14-14',0,951),(19831,NULL,'14-15',0,951),(19832,NULL,'14-16',0,951),(19833,NULL,'14-17',0,951),(19834,NULL,'14-18',0,951),(19835,NULL,'14-19',0,951),(19836,NULL,'14-20',0,951),(19837,NULL,'15-1',0,952),(19838,NULL,'15-2',0,952),(19839,NULL,'15-3',0,952),(19840,NULL,'15-4',0,952),(19841,NULL,'15-5',0,952),(19842,NULL,'15-6',0,952),(19843,NULL,'15-7',0,952),(19844,NULL,'15-8',0,952),(19845,NULL,'15-9',0,952),(19846,NULL,'15-10',0,952),(19847,NULL,'15-11',0,952),(19848,NULL,'15-12',0,952),(19849,NULL,'15-13',0,952),(19850,NULL,'15-14',0,952),(19851,NULL,'15-15',0,952),(19852,NULL,'15-16',0,952),(19853,NULL,'15-17',0,952),(19854,NULL,'15-18',0,952),(19855,NULL,'15-19',0,952),(19856,NULL,'15-20',0,952),(19857,NULL,'A-1',0,953),(19858,NULL,'A-2',0,953),(19859,NULL,'A-3',0,953),(19860,NULL,'A-4',0,953),(19861,NULL,'A-5',0,953),(19862,NULL,'A-6',0,953),(19863,NULL,'A-7',0,953),(19864,NULL,'A-8',0,953),(19865,NULL,'A-9',0,953),(19866,NULL,'A-10',0,953),(19867,NULL,'A-11',0,953),(19868,NULL,'A-12',0,953),(19869,NULL,'A-13',0,953),(19870,NULL,'A-14',0,953),(19871,NULL,'A-15',0,953),(19872,NULL,'A-16',0,953),(19873,NULL,'A-17',0,953),(19874,NULL,'A-18',0,953),(19875,NULL,'A-19',0,953),(19876,NULL,'A-20',0,953),(19877,NULL,'A-21',0,953),(19878,NULL,'A-22',0,953),(19879,NULL,'A-23',0,953),(19880,NULL,'A-24',0,953),(19881,NULL,'A-25',0,953),(19882,NULL,'A-26',0,953),(19883,NULL,'A-27',0,953),(19884,NULL,'A-28',0,953),(19885,NULL,'A-29',0,953),(19886,NULL,'A-30',0,953),(19887,NULL,'B-1',0,954),(19888,NULL,'B-2',0,954),(19889,NULL,'B-3',0,954),(19890,NULL,'B-4',0,954),(19891,NULL,'B-5',0,954),(19892,NULL,'B-6',0,954),(19893,NULL,'B-7',0,954),(19894,NULL,'B-8',0,954),(19895,NULL,'B-9',0,954),(19896,NULL,'B-10',0,954),(19897,NULL,'B-11',0,954),(19898,NULL,'B-12',0,954),(19899,NULL,'B-13',0,954),(19900,NULL,'B-14',0,954),(19901,NULL,'B-15',0,954),(19902,NULL,'B-16',0,954),(19903,NULL,'B-17',0,954),(19904,NULL,'B-18',0,954),(19905,NULL,'B-19',0,954),(19906,NULL,'B-20',0,954),(19907,NULL,'B-21',0,954),(19908,NULL,'B-22',0,954),(19909,NULL,'B-23',0,954),(19910,NULL,'B-24',0,954),(19911,NULL,'B-25',0,954),(19912,NULL,'B-26',0,954),(19913,NULL,'B-27',0,954),(19914,NULL,'B-28',0,954),(19915,NULL,'B-29',0,954),(19916,NULL,'B-30',0,954),(19917,NULL,'C-1',0,955),(19918,NULL,'C-2',0,955),(19919,NULL,'C-3',0,955),(19920,NULL,'C-4',0,955),(19921,NULL,'C-5',0,955),(19922,NULL,'C-6',0,955),(19923,NULL,'C-7',0,955),(19924,NULL,'C-8',0,955),(19925,NULL,'C-9',0,955),(19926,NULL,'C-10',0,955),(19927,NULL,'C-11',0,955),(19928,NULL,'C-12',0,955),(19929,NULL,'C-13',0,955),(19930,NULL,'C-14',0,955),(19931,NULL,'C-15',0,955),(19932,NULL,'C-16',0,955),(19933,NULL,'C-17',0,955),(19934,NULL,'C-18',0,955),(19935,NULL,'C-19',0,955),(19936,NULL,'C-20',0,955),(19937,NULL,'C-21',0,955),(19938,NULL,'C-22',0,955),(19939,NULL,'C-23',0,955),(19940,NULL,'C-24',0,955),(19941,NULL,'C-25',0,955),(19942,NULL,'C-26',0,955),(19943,NULL,'C-27',0,955),(19944,NULL,'C-28',0,955),(19945,NULL,'C-29',0,955),(19946,NULL,'C-30',0,955),(19947,NULL,'C-31',0,955),(19948,NULL,'C-32',0,955),(19949,NULL,'C-33',0,955),(19950,NULL,'C-34',0,955),(19951,NULL,'C-35',0,955),(19952,NULL,'C-36',0,955),(19953,NULL,'C-37',0,955),(19954,NULL,'C-38',0,955),(19955,NULL,'C-39',0,955),(19956,NULL,'C-40',0,955),(19957,NULL,'D-1',0,956),(19958,NULL,'D-2',0,956),(19959,NULL,'D-3',0,956),(19960,NULL,'D-4',0,956),(19961,NULL,'D-5',0,956),(19962,NULL,'D-6',0,956),(19963,NULL,'D-7',0,956),(19964,NULL,'D-8',0,956),(19965,NULL,'D-9',0,956),(19966,NULL,'D-10',0,956),(19967,NULL,'D-11',0,956),(19968,NULL,'D-12',0,956),(19969,NULL,'D-13',0,956),(19970,NULL,'D-14',0,956),(19971,NULL,'D-15',0,956),(19972,NULL,'D-16',0,956),(19973,NULL,'D-17',0,956),(19974,NULL,'D-18',0,956),(19975,NULL,'D-19',0,956),(19976,NULL,'D-20',0,956),(19977,NULL,'D-21',0,956),(19978,NULL,'D-22',0,956),(19979,NULL,'D-23',0,956),(19980,NULL,'D-24',0,956),(19981,NULL,'D-25',0,956),(19982,NULL,'D-26',0,956),(19983,NULL,'D-27',0,956),(19984,NULL,'D-28',0,956),(19985,NULL,'D-29',0,956),(19986,NULL,'D-30',0,956),(19987,NULL,'E-1',0,957),(19988,NULL,'E-2',0,957),(19989,NULL,'E-3',0,957),(19990,NULL,'E-4',0,957),(19991,NULL,'E-5',0,957),(19992,NULL,'E-6',0,957),(19993,NULL,'E-7',0,957),(19994,NULL,'E-8',0,957),(19995,NULL,'E-9',0,957),(19996,NULL,'E-10',0,957),(19997,NULL,'E-11',0,957),(19998,NULL,'E-12',0,957),(19999,NULL,'E-13',0,957),(20000,NULL,'E-14',0,957),(20001,NULL,'E-15',0,957),(20002,NULL,'E-16',0,957),(20003,NULL,'E-17',0,957),(20004,NULL,'E-18',0,957),(20005,NULL,'E-19',0,957),(20006,NULL,'E-20',0,957),(20007,NULL,'E-21',0,957),(20008,NULL,'E-22',0,957),(20009,NULL,'E-23',0,957),(20010,NULL,'E-24',0,957),(20011,NULL,'E-25',0,957),(20012,NULL,'E-26',0,957),(20013,NULL,'E-27',0,957),(20014,NULL,'E-28',0,957),(20015,NULL,'E-29',0,957),(20016,NULL,'E-30',0,957),(20017,NULL,'3-1',0,958),(20018,NULL,'3-2',0,958),(20019,NULL,'3-3',0,958),(20020,NULL,'3-4',0,958),(20021,NULL,'3-5',0,958),(20022,NULL,'3-6',0,958),(20023,NULL,'3-7',0,958),(20024,NULL,'3-8',0,958),(20025,NULL,'3-9',0,958),(20026,NULL,'3-10',0,958),(20027,NULL,'3-11',0,958),(20028,NULL,'3-12',0,958),(20029,NULL,'3-13',0,958),(20030,NULL,'3-14',0,958),(20031,NULL,'3-15',0,958),(20032,NULL,'3-16',0,958),(20033,NULL,'3-17',0,958),(20034,NULL,'3-18',0,958),(20035,NULL,'3-19',0,958),(20036,NULL,'3-20',0,958),(20037,NULL,'4-1',0,959),(20038,NULL,'4-2',0,959),(20039,NULL,'4-3',0,959),(20040,NULL,'4-4',0,959),(20041,NULL,'4-5',0,959),(20042,NULL,'4-6',0,959),(20043,NULL,'4-7',0,959),(20044,NULL,'4-8',0,959),(20045,NULL,'4-9',0,959),(20046,NULL,'4-10',0,959),(20047,NULL,'4-11',0,959),(20048,NULL,'4-12',0,959),(20049,NULL,'4-13',0,959),(20050,NULL,'4-14',0,959),(20051,NULL,'4-15',0,959),(20052,NULL,'4-16',0,959),(20053,NULL,'4-17',0,959),(20054,NULL,'4-18',0,959),(20055,NULL,'4-19',0,959),(20056,NULL,'4-20',0,959),(20057,NULL,'5-1',0,960),(20058,NULL,'5-2',0,960),(20059,NULL,'5-3',0,960),(20060,NULL,'5-4',0,960),(20061,NULL,'5-5',0,960),(20062,NULL,'5-6',0,960),(20063,NULL,'5-7',0,960),(20064,NULL,'5-8',0,960),(20065,NULL,'5-9',0,960),(20066,NULL,'5-10',0,960),(20067,NULL,'5-11',0,960),(20068,NULL,'5-12',0,960),(20069,NULL,'5-13',0,960),(20070,NULL,'5-14',0,960),(20071,NULL,'5-15',0,960),(20072,NULL,'5-16',0,960),(20073,NULL,'5-17',0,960),(20074,NULL,'5-18',0,960),(20075,NULL,'5-19',0,960),(20076,NULL,'5-20',0,960),(20077,NULL,'6-1',0,961),(20078,NULL,'6-2',0,961),(20079,NULL,'6-3',0,961),(20080,NULL,'6-4',0,961),(20081,NULL,'6-5',0,961),(20082,NULL,'6-6',0,961),(20083,NULL,'6-7',0,961),(20084,NULL,'6-8',0,961),(20085,NULL,'6-9',0,961),(20086,NULL,'6-10',0,961),(20087,NULL,'6-11',0,961),(20088,NULL,'6-12',0,961),(20089,NULL,'6-13',0,961),(20090,NULL,'6-14',0,961),(20091,NULL,'6-15',0,961),(20092,NULL,'6-16',0,961),(20093,NULL,'6-17',0,961),(20094,NULL,'6-18',0,961),(20095,NULL,'6-19',0,961),(20096,NULL,'6-20',0,961),(20097,NULL,'7-1',0,962),(20098,NULL,'7-2',0,962),(20099,NULL,'7-3',0,962),(20100,NULL,'7-4',0,962),(20101,NULL,'7-5',0,962),(20102,NULL,'7-6',0,962),(20103,NULL,'7-7',0,962),(20104,NULL,'7-8',0,962),(20105,NULL,'7-9',0,962),(20106,NULL,'7-10',0,962),(20107,NULL,'7-11',0,962),(20108,NULL,'7-12',0,962),(20109,NULL,'7-13',0,962),(20110,NULL,'7-14',0,962),(20111,NULL,'7-15',0,962),(20112,NULL,'7-16',0,962),(20113,NULL,'7-17',0,962),(20114,NULL,'7-18',0,962),(20115,NULL,'7-19',0,962),(20116,NULL,'7-20',0,962),(20117,NULL,'8-1',0,963),(20118,NULL,'8-2',0,963),(20119,NULL,'8-3',0,963),(20120,NULL,'8-4',0,963),(20121,NULL,'8-5',0,963),(20122,NULL,'8-6',0,963),(20123,NULL,'8-7',0,963),(20124,NULL,'8-8',0,963),(20125,NULL,'8-9',0,963),(20126,NULL,'8-10',0,963),(20127,NULL,'8-11',0,963),(20128,NULL,'8-12',0,963),(20129,NULL,'8-13',0,963),(20130,NULL,'8-14',0,963),(20131,NULL,'8-15',0,963),(20132,NULL,'8-16',0,963),(20133,NULL,'8-17',0,963),(20134,NULL,'8-18',0,963),(20135,NULL,'8-19',0,963),(20136,NULL,'8-20',0,963),(20137,NULL,'10-1',0,964),(20138,NULL,'10-2',0,964),(20139,NULL,'10-3',0,964),(20140,NULL,'10-4',0,964),(20141,NULL,'10-5',0,964),(20142,NULL,'10-6',0,964),(20143,NULL,'10-7',0,964),(20144,NULL,'10-8',0,964),(20145,NULL,'10-9',0,964),(20146,NULL,'10-10',0,964),(20147,NULL,'10-11',0,964),(20148,NULL,'10-12',0,964),(20149,NULL,'10-13',0,964),(20150,NULL,'10-14',0,964),(20151,NULL,'10-15',0,964),(20152,NULL,'10-16',0,964),(20153,NULL,'10-17',0,964),(20154,NULL,'10-18',0,964),(20155,NULL,'10-19',0,964),(20156,NULL,'10-20',0,964),(20157,NULL,'11-1',0,965),(20158,NULL,'11-2',0,965),(20159,NULL,'11-3',0,965),(20160,NULL,'11-4',0,965),(20161,NULL,'11-5',0,965),(20162,NULL,'11-6',0,965),(20163,NULL,'11-7',0,965),(20164,NULL,'11-8',0,965),(20165,NULL,'11-9',0,965),(20166,NULL,'11-10',0,965),(20167,NULL,'11-11',0,965),(20168,NULL,'11-12',0,965),(20169,NULL,'11-13',0,965),(20170,NULL,'11-14',0,965),(20171,NULL,'11-15',0,965),(20172,NULL,'11-16',0,965),(20173,NULL,'11-17',0,965),(20174,NULL,'11-18',0,965),(20175,NULL,'11-19',0,965),(20176,NULL,'11-20',0,965),(20177,NULL,'12-1',0,966),(20178,NULL,'12-2',0,966),(20179,NULL,'12-3',0,966),(20180,NULL,'12-4',0,966),(20181,NULL,'12-5',0,966),(20182,NULL,'12-6',0,966),(20183,NULL,'12-7',0,966),(20184,NULL,'12-8',0,966),(20185,NULL,'12-9',0,966),(20186,NULL,'12-10',0,966),(20187,NULL,'12-11',0,966),(20188,NULL,'12-12',0,966),(20189,NULL,'12-13',0,966),(20190,NULL,'12-14',0,966),(20191,NULL,'12-15',0,966),(20192,NULL,'12-16',0,966),(20193,NULL,'12-17',0,966),(20194,NULL,'12-18',0,966),(20195,NULL,'12-19',0,966),(20196,NULL,'12-20',0,966),(20197,NULL,'13-1',0,967),(20198,NULL,'13-2',0,967),(20199,NULL,'13-3',0,967),(20200,NULL,'13-4',0,967),(20201,NULL,'13-5',0,967),(20202,NULL,'13-6',0,967),(20203,NULL,'13-7',0,967),(20204,NULL,'13-8',0,967),(20205,NULL,'13-9',0,967),(20206,NULL,'13-10',0,967),(20207,NULL,'13-11',0,967),(20208,NULL,'13-12',0,967),(20209,NULL,'13-13',0,967),(20210,NULL,'13-14',0,967),(20211,NULL,'13-15',0,967),(20212,NULL,'13-16',0,967),(20213,NULL,'13-17',0,967),(20214,NULL,'13-18',0,967),(20215,NULL,'13-19',0,967),(20216,NULL,'13-20',0,967),(20217,NULL,'14-1',0,968),(20218,NULL,'14-2',0,968),(20219,NULL,'14-3',0,968),(20220,NULL,'14-4',0,968),(20221,NULL,'14-5',0,968),(20222,NULL,'14-6',0,968),(20223,NULL,'14-7',0,968),(20224,NULL,'14-8',0,968),(20225,NULL,'14-9',0,968),(20226,NULL,'14-10',0,968),(20227,NULL,'14-11',0,968),(20228,NULL,'14-12',0,968),(20229,NULL,'14-13',0,968),(20230,NULL,'14-14',0,968),(20231,NULL,'14-15',0,968),(20232,NULL,'14-16',0,968),(20233,NULL,'14-17',0,968),(20234,NULL,'14-18',0,968),(20235,NULL,'14-19',0,968),(20236,NULL,'14-20',0,968),(20237,NULL,'15-1',0,969),(20238,NULL,'15-2',0,969),(20239,NULL,'15-3',0,969),(20240,NULL,'15-4',0,969),(20241,NULL,'15-5',0,969),(20242,NULL,'15-6',0,969),(20243,NULL,'15-7',0,969),(20244,NULL,'15-8',0,969),(20245,NULL,'15-9',0,969),(20246,NULL,'15-10',0,969),(20247,NULL,'15-11',0,969),(20248,NULL,'15-12',0,969),(20249,NULL,'15-13',0,969),(20250,NULL,'15-14',0,969),(20251,NULL,'15-15',0,969),(20252,NULL,'15-16',0,969),(20253,NULL,'15-17',0,969),(20254,NULL,'15-18',0,969),(20255,NULL,'15-19',0,969),(20256,NULL,'15-20',0,969),(20257,NULL,'A-1',0,970),(20258,NULL,'A-2',0,970),(20259,NULL,'A-3',0,970),(20260,NULL,'A-4',0,970),(20261,NULL,'A-5',0,970),(20262,NULL,'A-6',0,970),(20263,NULL,'A-7',0,970),(20264,NULL,'A-8',0,970),(20265,NULL,'A-9',0,970),(20266,NULL,'A-10',0,970),(20267,NULL,'A-11',0,970),(20268,NULL,'A-12',0,970),(20269,NULL,'A-13',0,970),(20270,NULL,'A-14',0,970),(20271,NULL,'A-15',0,970),(20272,NULL,'A-16',0,970),(20273,NULL,'A-17',0,970),(20274,NULL,'A-18',0,970),(20275,NULL,'A-19',0,970),(20276,NULL,'A-20',0,970),(20277,NULL,'A-21',0,970),(20278,NULL,'A-22',0,970),(20279,NULL,'A-23',0,970),(20280,NULL,'A-24',0,970),(20281,NULL,'A-25',0,970),(20282,NULL,'A-26',0,970),(20283,NULL,'A-27',0,970),(20284,NULL,'A-28',0,970),(20285,NULL,'A-29',0,970),(20286,NULL,'A-30',0,970),(20287,NULL,'B-1',0,971),(20288,NULL,'B-2',0,971),(20289,NULL,'B-3',0,971),(20290,NULL,'B-4',0,971),(20291,NULL,'B-5',0,971),(20292,NULL,'B-6',0,971),(20293,NULL,'B-7',0,971),(20294,NULL,'B-8',0,971),(20295,NULL,'B-9',0,971),(20296,NULL,'B-10',0,971),(20297,NULL,'B-11',0,971),(20298,NULL,'B-12',0,971),(20299,NULL,'B-13',0,971),(20300,NULL,'B-14',0,971),(20301,NULL,'B-15',0,971),(20302,NULL,'B-16',0,971),(20303,NULL,'B-17',0,971),(20304,NULL,'B-18',0,971),(20305,NULL,'B-19',0,971),(20306,NULL,'B-20',0,971),(20307,NULL,'B-21',0,971),(20308,NULL,'B-22',0,971),(20309,NULL,'B-23',0,971),(20310,NULL,'B-24',0,971),(20311,NULL,'B-25',0,971),(20312,NULL,'B-26',0,971),(20313,NULL,'B-27',0,971),(20314,NULL,'B-28',0,971),(20315,NULL,'B-29',0,971),(20316,NULL,'B-30',0,971),(20317,NULL,'C-1',0,972),(20318,NULL,'C-2',0,972),(20319,NULL,'C-3',0,972),(20320,NULL,'C-4',0,972),(20321,NULL,'C-5',0,972),(20322,NULL,'C-6',0,972),(20323,NULL,'C-7',0,972),(20324,NULL,'C-8',0,972),(20325,NULL,'C-9',0,972),(20326,NULL,'C-10',0,972),(20327,NULL,'C-11',0,972),(20328,NULL,'C-12',0,972),(20329,NULL,'C-13',0,972),(20330,NULL,'C-14',0,972),(20331,NULL,'C-15',0,972),(20332,NULL,'C-16',0,972),(20333,NULL,'C-17',0,972),(20334,NULL,'C-18',0,972),(20335,NULL,'C-19',0,972),(20336,NULL,'C-20',0,972),(20337,NULL,'C-21',0,972),(20338,NULL,'C-22',0,972),(20339,NULL,'C-23',0,972),(20340,NULL,'C-24',0,972),(20341,NULL,'C-25',0,972),(20342,NULL,'C-26',0,972),(20343,NULL,'C-27',0,972),(20344,NULL,'C-28',0,972),(20345,NULL,'C-29',0,972),(20346,NULL,'C-30',0,972),(20347,NULL,'C-31',0,972),(20348,NULL,'C-32',0,972),(20349,NULL,'C-33',0,972),(20350,NULL,'C-34',0,972),(20351,NULL,'C-35',0,972),(20352,NULL,'C-36',0,972),(20353,NULL,'C-37',0,972),(20354,NULL,'C-38',0,972),(20355,NULL,'C-39',0,972),(20356,NULL,'C-40',0,972),(20357,NULL,'D-1',0,973),(20358,NULL,'D-2',0,973),(20359,NULL,'D-3',0,973),(20360,NULL,'D-4',0,973),(20361,NULL,'D-5',0,973),(20362,NULL,'D-6',0,973),(20363,NULL,'D-7',0,973),(20364,NULL,'D-8',0,973),(20365,NULL,'D-9',0,973),(20366,NULL,'D-10',0,973),(20367,NULL,'D-11',0,973),(20368,NULL,'D-12',0,973),(20369,NULL,'D-13',0,973),(20370,NULL,'D-14',0,973),(20371,NULL,'D-15',0,973),(20372,NULL,'D-16',0,973),(20373,NULL,'D-17',0,973),(20374,NULL,'D-18',0,973),(20375,NULL,'D-19',0,973),(20376,NULL,'D-20',0,973),(20377,NULL,'D-21',0,973),(20378,NULL,'D-22',0,973),(20379,NULL,'D-23',0,973),(20380,NULL,'D-24',0,973),(20381,NULL,'D-25',0,973),(20382,NULL,'D-26',0,973),(20383,NULL,'D-27',0,973),(20384,NULL,'D-28',0,973),(20385,NULL,'D-29',0,973),(20386,NULL,'D-30',0,973),(20387,NULL,'E-1',0,974),(20388,NULL,'E-2',0,974),(20389,NULL,'E-3',0,974),(20390,NULL,'E-4',0,974),(20391,NULL,'E-5',0,974),(20392,NULL,'E-6',0,974),(20393,NULL,'E-7',0,974),(20394,NULL,'E-8',0,974),(20395,NULL,'E-9',0,974),(20396,NULL,'E-10',0,974),(20397,NULL,'E-11',0,974),(20398,NULL,'E-12',0,974),(20399,NULL,'E-13',0,974),(20400,NULL,'E-14',0,974),(20401,NULL,'E-15',0,974),(20402,NULL,'E-16',0,974),(20403,NULL,'E-17',0,974),(20404,NULL,'E-18',0,974),(20405,NULL,'E-19',0,974),(20406,NULL,'E-20',0,974),(20407,NULL,'E-21',0,974),(20408,NULL,'E-22',0,974),(20409,NULL,'E-23',0,974),(20410,NULL,'E-24',0,974),(20411,NULL,'E-25',0,974),(20412,NULL,'E-26',0,974),(20413,NULL,'E-27',0,974),(20414,NULL,'E-28',0,974),(20415,NULL,'E-29',0,974),(20416,NULL,'E-30',0,974),(20417,NULL,'3-1',0,975),(20418,NULL,'3-2',0,975),(20419,NULL,'3-3',0,975),(20420,NULL,'3-4',0,975),(20421,NULL,'3-5',0,975),(20422,NULL,'3-6',0,975),(20423,NULL,'3-7',0,975),(20424,NULL,'3-8',0,975),(20425,NULL,'3-9',0,975),(20426,'2022-04-05 02:57:15.317000','3-10',1,975),(20427,'2022-04-05 06:33:47.738000','3-11',1,975),(20428,NULL,'3-12',0,975),(20429,NULL,'3-13',0,975),(20430,NULL,'3-14',0,975),(20431,NULL,'3-15',0,975),(20432,NULL,'3-16',0,975),(20433,NULL,'3-17',0,975),(20434,NULL,'3-18',0,975),(20435,NULL,'3-19',0,975),(20436,NULL,'3-20',0,975),(20437,NULL,'4-1',0,976),(20438,NULL,'4-2',0,976),(20439,NULL,'4-3',0,976),(20440,NULL,'4-4',0,976),(20441,NULL,'4-5',0,976),(20442,NULL,'4-6',0,976),(20443,NULL,'4-7',0,976),(20444,NULL,'4-8',0,976),(20445,NULL,'4-9',0,976),(20446,NULL,'4-10',0,976),(20447,NULL,'4-11',0,976),(20448,NULL,'4-12',0,976),(20449,NULL,'4-13',0,976),(20450,NULL,'4-14',0,976),(20451,NULL,'4-15',0,976),(20452,NULL,'4-16',0,976),(20453,NULL,'4-17',0,976),(20454,NULL,'4-18',0,976),(20455,NULL,'4-19',0,976),(20456,NULL,'4-20',0,976),(20457,NULL,'5-1',0,977),(20458,NULL,'5-2',0,977),(20459,NULL,'5-3',0,977),(20460,NULL,'5-4',0,977),(20461,NULL,'5-5',0,977),(20462,NULL,'5-6',0,977),(20463,NULL,'5-7',0,977),(20464,NULL,'5-8',0,977),(20465,NULL,'5-9',0,977),(20466,NULL,'5-10',0,977),(20467,NULL,'5-11',0,977),(20468,NULL,'5-12',0,977),(20469,NULL,'5-13',0,977),(20470,NULL,'5-14',0,977),(20471,NULL,'5-15',0,977),(20472,NULL,'5-16',0,977),(20473,NULL,'5-17',0,977),(20474,NULL,'5-18',0,977),(20475,NULL,'5-19',0,977),(20476,NULL,'5-20',0,977),(20477,NULL,'6-1',0,978),(20478,NULL,'6-2',0,978),(20479,NULL,'6-3',0,978),(20480,NULL,'6-4',0,978),(20481,NULL,'6-5',0,978),(20482,NULL,'6-6',0,978),(20483,NULL,'6-7',0,978),(20484,NULL,'6-8',0,978),(20485,NULL,'6-9',0,978),(20486,NULL,'6-10',0,978),(20487,NULL,'6-11',0,978),(20488,NULL,'6-12',0,978),(20489,NULL,'6-13',0,978),(20490,NULL,'6-14',0,978),(20491,NULL,'6-15',0,978),(20492,NULL,'6-16',0,978),(20493,NULL,'6-17',0,978),(20494,NULL,'6-18',0,978),(20495,NULL,'6-19',0,978),(20496,NULL,'6-20',0,978),(20497,NULL,'7-1',0,979),(20498,NULL,'7-2',0,979),(20499,NULL,'7-3',0,979),(20500,NULL,'7-4',0,979),(20501,NULL,'7-5',0,979),(20502,NULL,'7-6',0,979),(20503,NULL,'7-7',0,979),(20504,NULL,'7-8',0,979),(20505,NULL,'7-9',0,979),(20506,NULL,'7-10',0,979),(20507,NULL,'7-11',0,979),(20508,NULL,'7-12',0,979),(20509,NULL,'7-13',0,979),(20510,NULL,'7-14',0,979),(20511,NULL,'7-15',0,979),(20512,NULL,'7-16',0,979),(20513,NULL,'7-17',0,979),(20514,NULL,'7-18',0,979),(20515,NULL,'7-19',0,979),(20516,NULL,'7-20',0,979),(20517,NULL,'8-1',0,980),(20518,NULL,'8-2',0,980),(20519,NULL,'8-3',0,980),(20520,NULL,'8-4',0,980),(20521,NULL,'8-5',0,980),(20522,NULL,'8-6',0,980),(20523,NULL,'8-7',0,980),(20524,NULL,'8-8',0,980),(20525,NULL,'8-9',0,980),(20526,NULL,'8-10',0,980),(20527,NULL,'8-11',0,980),(20528,NULL,'8-12',0,980),(20529,NULL,'8-13',0,980),(20530,NULL,'8-14',0,980),(20531,NULL,'8-15',0,980),(20532,NULL,'8-16',0,980),(20533,NULL,'8-17',0,980),(20534,NULL,'8-18',0,980),(20535,NULL,'8-19',0,980),(20536,NULL,'8-20',0,980),(20537,NULL,'10-1',0,981),(20538,NULL,'10-2',0,981),(20539,NULL,'10-3',0,981),(20540,NULL,'10-4',0,981),(20541,NULL,'10-5',0,981),(20542,NULL,'10-6',0,981),(20543,NULL,'10-7',0,981),(20544,NULL,'10-8',0,981),(20545,NULL,'10-9',0,981),(20546,NULL,'10-10',0,981),(20547,NULL,'10-11',0,981),(20548,NULL,'10-12',0,981),(20549,NULL,'10-13',0,981),(20550,NULL,'10-14',0,981),(20551,NULL,'10-15',0,981),(20552,NULL,'10-16',0,981),(20553,NULL,'10-17',0,981),(20554,NULL,'10-18',0,981),(20555,NULL,'10-19',0,981),(20556,NULL,'10-20',0,981),(20557,NULL,'11-1',0,982),(20558,NULL,'11-2',0,982),(20559,NULL,'11-3',0,982),(20560,NULL,'11-4',0,982),(20561,NULL,'11-5',0,982),(20562,NULL,'11-6',0,982),(20563,NULL,'11-7',0,982),(20564,NULL,'11-8',0,982),(20565,NULL,'11-9',0,982),(20566,NULL,'11-10',0,982),(20567,NULL,'11-11',0,982),(20568,NULL,'11-12',0,982),(20569,NULL,'11-13',0,982),(20570,NULL,'11-14',0,982),(20571,NULL,'11-15',0,982),(20572,NULL,'11-16',0,982),(20573,NULL,'11-17',0,982),(20574,NULL,'11-18',0,982),(20575,NULL,'11-19',0,982),(20576,NULL,'11-20',0,982),(20577,NULL,'12-1',0,983),(20578,NULL,'12-2',0,983),(20579,NULL,'12-3',0,983),(20580,NULL,'12-4',0,983),(20581,NULL,'12-5',0,983),(20582,NULL,'12-6',0,983),(20583,NULL,'12-7',0,983),(20584,NULL,'12-8',0,983),(20585,NULL,'12-9',0,983),(20586,NULL,'12-10',0,983),(20587,NULL,'12-11',0,983),(20588,NULL,'12-12',0,983),(20589,NULL,'12-13',0,983),(20590,NULL,'12-14',0,983),(20591,NULL,'12-15',0,983),(20592,NULL,'12-16',0,983),(20593,NULL,'12-17',0,983),(20594,NULL,'12-18',0,983),(20595,NULL,'12-19',0,983),(20596,NULL,'12-20',0,983),(20597,NULL,'13-1',0,984),(20598,NULL,'13-2',0,984),(20599,NULL,'13-3',0,984),(20600,NULL,'13-4',0,984),(20601,NULL,'13-5',0,984),(20602,NULL,'13-6',0,984),(20603,NULL,'13-7',0,984),(20604,NULL,'13-8',0,984),(20605,NULL,'13-9',0,984),(20606,NULL,'13-10',0,984),(20607,NULL,'13-11',0,984),(20608,NULL,'13-12',0,984),(20609,NULL,'13-13',0,984),(20610,NULL,'13-14',0,984),(20611,NULL,'13-15',0,984),(20612,NULL,'13-16',0,984),(20613,NULL,'13-17',0,984),(20614,NULL,'13-18',0,984),(20615,NULL,'13-19',0,984),(20616,NULL,'13-20',0,984),(20617,NULL,'14-1',0,985),(20618,NULL,'14-2',0,985),(20619,NULL,'14-3',0,985),(20620,NULL,'14-4',0,985),(20621,NULL,'14-5',0,985),(20622,NULL,'14-6',0,985),(20623,NULL,'14-7',0,985),(20624,NULL,'14-8',0,985),(20625,NULL,'14-9',0,985),(20626,NULL,'14-10',0,985),(20627,NULL,'14-11',0,985),(20628,NULL,'14-12',0,985),(20629,NULL,'14-13',0,985),(20630,NULL,'14-14',0,985),(20631,NULL,'14-15',0,985),(20632,NULL,'14-16',0,985),(20633,NULL,'14-17',0,985),(20634,NULL,'14-18',0,985),(20635,NULL,'14-19',0,985),(20636,NULL,'14-20',0,985),(20637,NULL,'15-1',0,986),(20638,NULL,'15-2',0,986),(20639,NULL,'15-3',0,986),(20640,NULL,'15-4',0,986),(20641,NULL,'15-5',0,986),(20642,NULL,'15-6',0,986),(20643,NULL,'15-7',0,986),(20644,NULL,'15-8',0,986),(20645,NULL,'15-9',0,986),(20646,NULL,'15-10',0,986),(20647,NULL,'15-11',0,986),(20648,NULL,'15-12',0,986),(20649,NULL,'15-13',0,986),(20650,NULL,'15-14',0,986),(20651,NULL,'15-15',0,986),(20652,NULL,'15-16',0,986),(20653,NULL,'15-17',0,986),(20654,NULL,'15-18',0,986),(20655,NULL,'15-19',0,986),(20656,NULL,'15-20',0,986),(20657,NULL,'A-1',0,987),(20658,NULL,'A-2',0,987),(20659,NULL,'A-3',0,987),(20660,NULL,'A-4',0,987),(20661,NULL,'A-5',0,987),(20662,NULL,'A-6',0,987),(20663,NULL,'A-7',0,987),(20664,NULL,'A-8',0,987),(20665,NULL,'A-9',0,987),(20666,NULL,'A-10',0,987),(20667,NULL,'A-11',0,987),(20668,NULL,'A-12',0,987),(20669,NULL,'A-13',0,987),(20670,NULL,'A-14',0,987),(20671,NULL,'A-15',0,987),(20672,NULL,'A-16',0,987),(20673,NULL,'A-17',0,987),(20674,NULL,'A-18',0,987),(20675,NULL,'A-19',0,987),(20676,NULL,'A-20',0,987),(20677,NULL,'A-21',0,987),(20678,NULL,'A-22',0,987),(20679,NULL,'A-23',0,987),(20680,NULL,'A-24',0,987),(20681,NULL,'A-25',0,987),(20682,NULL,'A-26',0,987),(20683,NULL,'A-27',0,987),(20684,NULL,'A-28',0,987),(20685,NULL,'A-29',0,987),(20686,NULL,'A-30',0,987),(20687,NULL,'A-31',0,987),(20688,NULL,'A-32',0,987),(20689,NULL,'A-33',0,987),(20690,NULL,'A-34',0,987),(20691,NULL,'A-35',0,987),(20692,NULL,'A-36',0,987),(20693,NULL,'A-37',0,987),(20694,NULL,'A-38',0,987),(20695,NULL,'A-39',0,987),(20696,NULL,'A-40',0,987),(20697,NULL,'B-1',0,988),(20698,NULL,'B-2',0,988),(20699,NULL,'B-3',0,988),(20700,NULL,'B-4',0,988),(20701,NULL,'B-5',0,988),(20702,NULL,'B-6',0,988),(20703,NULL,'B-7',0,988),(20704,NULL,'B-8',0,988),(20705,NULL,'B-9',0,988),(20706,NULL,'B-10',0,988),(20707,NULL,'B-11',0,988),(20708,NULL,'B-12',0,988),(20709,NULL,'B-13',0,988),(20710,NULL,'B-14',0,988),(20711,NULL,'B-15',0,988),(20712,NULL,'B-16',0,988),(20713,NULL,'B-17',0,988),(20714,NULL,'B-18',0,988),(20715,NULL,'B-19',0,988),(20716,NULL,'B-20',0,988),(20717,NULL,'B-21',0,988),(20718,NULL,'B-22',0,988),(20719,NULL,'B-23',0,988),(20720,NULL,'B-24',0,988),(20721,NULL,'B-25',0,988),(20722,NULL,'B-26',0,988),(20723,NULL,'B-27',0,988),(20724,NULL,'B-28',0,988),(20725,NULL,'B-29',0,988),(20726,NULL,'B-30',0,988),(20727,NULL,'B-31',0,988),(20728,NULL,'B-32',0,988),(20729,NULL,'B-33',0,988),(20730,NULL,'B-34',0,988),(20731,NULL,'B-35',0,988),(20732,NULL,'B-36',0,988),(20733,NULL,'B-37',0,988),(20734,NULL,'B-38',0,988),(20735,NULL,'B-39',0,988),(20736,NULL,'B-40',0,988),(20737,NULL,'C-1',0,989),(20738,NULL,'C-2',0,989),(20739,NULL,'C-3',0,989),(20740,NULL,'C-4',0,989),(20741,NULL,'C-5',0,989),(20742,NULL,'C-6',0,989),(20743,NULL,'C-7',0,989),(20744,NULL,'C-8',0,989),(20745,NULL,'C-9',0,989),(20746,NULL,'C-10',0,989),(20747,NULL,'C-11',0,989),(20748,NULL,'C-12',0,989),(20749,NULL,'C-13',0,989),(20750,NULL,'C-14',0,989),(20751,NULL,'C-15',0,989),(20752,NULL,'C-16',0,989),(20753,NULL,'C-17',0,989),(20754,NULL,'C-18',0,989),(20755,NULL,'C-19',0,989),(20756,NULL,'C-20',0,989),(20757,NULL,'C-21',0,989),(20758,NULL,'C-22',0,989),(20759,NULL,'C-23',0,989),(20760,NULL,'C-24',0,989),(20761,NULL,'C-25',0,989),(20762,NULL,'C-26',0,989),(20763,NULL,'C-27',0,989),(20764,NULL,'C-28',0,989),(20765,NULL,'C-29',0,989),(20766,NULL,'C-30',0,989),(20767,NULL,'C-31',0,989),(20768,NULL,'C-32',0,989),(20769,NULL,'C-33',0,989),(20770,NULL,'C-34',0,989),(20771,NULL,'C-35',0,989),(20772,NULL,'C-36',0,989),(20773,NULL,'C-37',0,989),(20774,NULL,'C-38',0,989),(20775,NULL,'C-39',0,989),(20776,NULL,'C-40',0,989),(20777,NULL,'D-1',0,990),(20778,NULL,'D-2',0,990),(20779,NULL,'D-3',0,990),(20780,NULL,'D-4',0,990),(20781,NULL,'D-5',0,990),(20782,NULL,'D-6',0,990),(20783,NULL,'D-7',0,990),(20784,NULL,'D-8',0,990),(20785,NULL,'D-9',0,990),(20786,NULL,'D-10',0,990),(20787,NULL,'D-11',0,990),(20788,NULL,'D-12',0,990),(20789,NULL,'D-13',0,990),(20790,NULL,'D-14',0,990),(20791,NULL,'D-15',0,990),(20792,NULL,'D-16',0,990),(20793,NULL,'D-17',0,990),(20794,NULL,'D-18',0,990),(20795,NULL,'D-19',0,990),(20796,NULL,'D-20',0,990),(20797,NULL,'D-21',0,990),(20798,NULL,'D-22',0,990),(20799,NULL,'D-23',0,990),(20800,NULL,'D-24',0,990),(20801,NULL,'D-25',0,990),(20802,NULL,'D-26',0,990),(20803,NULL,'D-27',0,990),(20804,NULL,'D-28',0,990),(20805,NULL,'D-29',0,990),(20806,NULL,'D-30',0,990),(20807,NULL,'E-1',0,991),(20808,NULL,'E-2',0,991),(20809,NULL,'E-3',0,991),(20810,NULL,'E-4',0,991),(20811,NULL,'E-5',0,991),(20812,NULL,'E-6',0,991),(20813,NULL,'E-7',0,991),(20814,NULL,'E-8',0,991),(20815,NULL,'E-9',0,991),(20816,NULL,'E-10',0,991),(20817,NULL,'E-11',0,991),(20818,NULL,'E-12',0,991),(20819,NULL,'E-13',0,991),(20820,NULL,'E-14',0,991),(20821,NULL,'E-15',0,991),(20822,NULL,'E-16',0,991),(20823,NULL,'E-17',0,991),(20824,NULL,'E-18',0,991),(20825,NULL,'E-19',0,991),(20826,NULL,'E-20',0,991),(20827,NULL,'E-21',0,991),(20828,NULL,'E-22',0,991),(20829,NULL,'E-23',0,991),(20830,NULL,'E-24',0,991),(20831,NULL,'E-25',0,991),(20832,NULL,'E-26',0,991),(20833,NULL,'E-27',0,991),(20834,NULL,'E-28',0,991),(20835,NULL,'E-29',0,991),(20836,NULL,'E-30',0,991),(20837,NULL,'가-1',0,992),(20838,NULL,'가-2',0,992),(20839,NULL,'가-3',0,992),(20840,NULL,'가-4',0,992),(20841,NULL,'가-5',0,992),(20842,NULL,'가-6',0,992),(20843,NULL,'가-7',0,992),(20844,NULL,'가-8',0,992),(20845,NULL,'가-9',0,992),(20846,NULL,'가-10',0,992),(20847,NULL,'가-11',0,992),(20848,NULL,'가-12',0,992),(20849,NULL,'가-13',0,992),(20850,NULL,'가-14',0,992),(20851,NULL,'가-15',0,992),(20852,NULL,'가-16',0,992),(20853,NULL,'가-17',0,992),(20854,NULL,'가-18',0,992),(20855,NULL,'가-19',0,992),(20856,NULL,'가-20',0,992),(20857,NULL,'가-21',0,992),(20858,NULL,'가-22',0,992),(20859,NULL,'가-23',0,992),(20860,NULL,'가-24',0,992),(20861,NULL,'가-25',0,992),(20862,NULL,'가-26',0,992),(20863,NULL,'가-27',0,992),(20864,NULL,'가-28',0,992),(20865,NULL,'가-29',0,992),(20866,NULL,'가-30',0,992),(20867,NULL,'가-31',0,992),(20868,NULL,'가-32',0,992),(20869,NULL,'가-33',0,992),(20870,NULL,'가-34',0,992),(20871,NULL,'가-35',0,992),(20872,NULL,'가-36',0,992),(20873,NULL,'가-37',0,992),(20874,NULL,'가-38',0,992),(20875,NULL,'가-39',0,992),(20876,NULL,'가-40',0,992),(20877,NULL,'나-1',0,993),(20878,NULL,'나-2',0,993),(20879,NULL,'나-3',0,993),(20880,NULL,'나-4',0,993),(20881,NULL,'나-5',0,993),(20882,NULL,'나-6',0,993),(20883,NULL,'나-7',0,993),(20884,NULL,'나-8',0,993),(20885,NULL,'나-9',0,993),(20886,NULL,'나-10',0,993),(20887,NULL,'나-11',0,993),(20888,NULL,'나-12',0,993),(20889,NULL,'나-13',0,993),(20890,NULL,'나-14',0,993),(20891,NULL,'나-15',0,993),(20892,NULL,'나-16',0,993),(20893,NULL,'나-17',0,993),(20894,NULL,'나-18',0,993),(20895,NULL,'나-19',0,993),(20896,NULL,'나-20',0,993),(20897,NULL,'나-21',0,993),(20898,NULL,'나-22',0,993),(20899,NULL,'나-23',0,993),(20900,NULL,'나-24',0,993),(20901,NULL,'나-25',0,993),(20902,NULL,'나-26',0,993),(20903,NULL,'나-27',0,993),(20904,NULL,'나-28',0,993),(20905,NULL,'나-29',0,993),(20906,NULL,'나-30',0,993),(20907,NULL,'나-31',0,993),(20908,NULL,'나-32',0,993),(20909,NULL,'나-33',0,993),(20910,NULL,'나-34',0,993),(20911,NULL,'나-35',0,993),(20912,NULL,'나-36',0,993),(20913,NULL,'나-37',0,993),(20914,NULL,'나-38',0,993),(20915,NULL,'나-39',0,993),(20916,NULL,'나-40',0,993),(20917,NULL,'3-1',0,994),(20918,NULL,'3-2',0,994),(20919,NULL,'3-3',0,994),(20920,NULL,'3-4',0,994),(20921,NULL,'3-5',0,994),(20922,NULL,'3-6',0,994),(20923,NULL,'3-7',0,994),(20924,NULL,'3-8',0,994),(20925,NULL,'3-9',0,994),(20926,NULL,'3-10',0,994),(20927,NULL,'3-11',0,994),(20928,NULL,'3-12',0,994),(20929,NULL,'3-13',0,994),(20930,NULL,'3-14',0,994),(20931,NULL,'3-15',0,994),(20932,NULL,'3-16',0,994),(20933,NULL,'3-17',0,994),(20934,NULL,'3-18',0,994),(20935,NULL,'3-19',0,994),(20936,NULL,'3-20',0,994),(20937,NULL,'4-1',0,995),(20938,NULL,'4-2',0,995),(20939,NULL,'4-3',0,995),(20940,NULL,'4-4',0,995),(20941,NULL,'4-5',0,995),(20942,NULL,'4-6',0,995),(20943,NULL,'4-7',0,995),(20944,NULL,'4-8',0,995),(20945,NULL,'4-9',0,995),(20946,NULL,'4-10',0,995),(20947,NULL,'4-11',0,995),(20948,NULL,'4-12',0,995),(20949,NULL,'4-13',0,995),(20950,NULL,'4-14',0,995),(20951,NULL,'4-15',0,995),(20952,NULL,'4-16',0,995),(20953,NULL,'4-17',0,995),(20954,NULL,'4-18',0,995),(20955,NULL,'4-19',0,995),(20956,NULL,'4-20',0,995),(20957,NULL,'5-1',0,996),(20958,NULL,'5-2',0,996),(20959,NULL,'5-3',0,996),(20960,NULL,'5-4',0,996),(20961,NULL,'5-5',0,996),(20962,NULL,'5-6',0,996),(20963,NULL,'5-7',0,996),(20964,NULL,'5-8',0,996),(20965,NULL,'5-9',0,996),(20966,'2022-04-05 02:50:56.615000','5-10',1,996),(20967,NULL,'5-11',0,996),(20968,NULL,'5-12',0,996),(20969,NULL,'5-13',0,996),(20970,NULL,'5-14',0,996),(20971,NULL,'5-15',0,996),(20972,NULL,'5-16',0,996),(20973,NULL,'5-17',0,996),(20974,NULL,'5-18',0,996),(20975,NULL,'5-19',0,996),(20976,NULL,'5-20',0,996),(20977,NULL,'6-1',0,997),(20978,NULL,'6-2',0,997),(20979,NULL,'6-3',0,997),(20980,NULL,'6-4',0,997),(20981,NULL,'6-5',0,997),(20982,NULL,'6-6',0,997),(20983,NULL,'6-7',0,997),(20984,NULL,'6-8',0,997),(20985,NULL,'6-9',0,997),(20986,NULL,'6-10',0,997),(20987,NULL,'6-11',0,997),(20988,NULL,'6-12',0,997),(20989,NULL,'6-13',0,997),(20990,NULL,'6-14',0,997),(20991,NULL,'6-15',0,997),(20992,NULL,'6-16',0,997),(20993,NULL,'6-17',0,997),(20994,NULL,'6-18',0,997),(20995,NULL,'6-19',0,997),(20996,NULL,'6-20',0,997),(20997,NULL,'7-1',0,998),(20998,NULL,'7-2',0,998),(20999,NULL,'7-3',0,998),(21000,NULL,'7-4',0,998),(21001,NULL,'7-5',0,998),(21002,NULL,'7-6',0,998),(21003,NULL,'7-7',0,998),(21004,NULL,'7-8',0,998),(21005,NULL,'7-9',0,998),(21006,NULL,'7-10',0,998),(21007,NULL,'7-11',0,998),(21008,NULL,'7-12',0,998),(21009,NULL,'7-13',0,998),(21010,NULL,'7-14',0,998),(21011,NULL,'7-15',0,998),(21012,NULL,'7-16',0,998),(21013,NULL,'7-17',0,998),(21014,NULL,'7-18',0,998),(21015,NULL,'7-19',0,998),(21016,NULL,'7-20',0,998),(21017,NULL,'8-1',0,999),(21018,NULL,'8-2',0,999),(21019,NULL,'8-3',0,999),(21020,NULL,'8-4',0,999),(21021,NULL,'8-5',0,999),(21022,NULL,'8-6',0,999),(21023,NULL,'8-7',0,999),(21024,NULL,'8-8',0,999),(21025,NULL,'8-9',0,999),(21026,NULL,'8-10',0,999),(21027,NULL,'8-11',0,999),(21028,NULL,'8-12',0,999),(21029,NULL,'8-13',0,999),(21030,NULL,'8-14',0,999),(21031,NULL,'8-15',0,999),(21032,NULL,'8-16',0,999),(21033,NULL,'8-17',0,999),(21034,NULL,'8-18',0,999),(21035,NULL,'8-19',0,999),(21036,NULL,'8-20',0,999),(21037,NULL,'10-1',0,1000),(21038,NULL,'10-2',0,1000),(21039,NULL,'10-3',0,1000),(21040,NULL,'10-4',0,1000),(21041,NULL,'10-5',0,1000),(21042,NULL,'10-6',0,1000),(21043,NULL,'10-7',0,1000),(21044,NULL,'10-8',0,1000),(21045,NULL,'10-9',0,1000),(21046,NULL,'10-10',0,1000),(21047,NULL,'10-11',0,1000),(21048,NULL,'10-12',0,1000),(21049,NULL,'10-13',0,1000),(21050,NULL,'10-14',0,1000),(21051,NULL,'10-15',0,1000),(21052,NULL,'10-16',0,1000),(21053,NULL,'10-17',0,1000),(21054,NULL,'10-18',0,1000),(21055,NULL,'10-19',0,1000),(21056,NULL,'10-20',0,1000),(21057,NULL,'11-1',0,1001),(21058,NULL,'11-2',0,1001),(21059,NULL,'11-3',0,1001),(21060,NULL,'11-4',0,1001),(21061,NULL,'11-5',0,1001),(21062,NULL,'11-6',0,1001),(21063,NULL,'11-7',0,1001),(21064,NULL,'11-8',0,1001),(21065,NULL,'11-9',0,1001),(21066,NULL,'11-10',0,1001),(21067,NULL,'11-11',0,1001),(21068,NULL,'11-12',0,1001),(21069,NULL,'11-13',0,1001),(21070,NULL,'11-14',0,1001),(21071,NULL,'11-15',0,1001),(21072,NULL,'11-16',0,1001),(21073,NULL,'11-17',0,1001),(21074,NULL,'11-18',0,1001),(21075,NULL,'11-19',0,1001),(21076,NULL,'11-20',0,1001),(21077,NULL,'12-1',0,1002),(21078,NULL,'12-2',0,1002),(21079,NULL,'12-3',0,1002),(21080,NULL,'12-4',0,1002),(21081,NULL,'12-5',0,1002),(21082,NULL,'12-6',0,1002),(21083,NULL,'12-7',0,1002),(21084,NULL,'12-8',0,1002),(21085,NULL,'12-9',0,1002),(21086,NULL,'12-10',0,1002),(21087,NULL,'12-11',0,1002),(21088,NULL,'12-12',0,1002),(21089,NULL,'12-13',0,1002),(21090,NULL,'12-14',0,1002),(21091,NULL,'12-15',0,1002),(21092,NULL,'12-16',0,1002),(21093,NULL,'12-17',0,1002),(21094,NULL,'12-18',0,1002),(21095,NULL,'12-19',0,1002),(21096,NULL,'12-20',0,1002),(21097,NULL,'13-1',0,1003),(21098,NULL,'13-2',0,1003),(21099,NULL,'13-3',0,1003),(21100,NULL,'13-4',0,1003),(21101,NULL,'13-5',0,1003),(21102,NULL,'13-6',0,1003),(21103,NULL,'13-7',0,1003),(21104,NULL,'13-8',0,1003),(21105,NULL,'13-9',0,1003),(21106,NULL,'13-10',0,1003),(21107,NULL,'13-11',0,1003),(21108,NULL,'13-12',0,1003),(21109,NULL,'13-13',0,1003),(21110,NULL,'13-14',0,1003),(21111,NULL,'13-15',0,1003),(21112,NULL,'13-16',0,1003),(21113,NULL,'13-17',0,1003),(21114,NULL,'13-18',0,1003),(21115,NULL,'13-19',0,1003),(21116,NULL,'13-20',0,1003),(21117,NULL,'14-1',0,1004),(21118,NULL,'14-2',0,1004),(21119,NULL,'14-3',0,1004),(21120,NULL,'14-4',0,1004),(21121,NULL,'14-5',0,1004),(21122,NULL,'14-6',0,1004),(21123,NULL,'14-7',0,1004),(21124,NULL,'14-8',0,1004),(21125,NULL,'14-9',0,1004),(21126,NULL,'14-10',0,1004),(21127,NULL,'14-11',0,1004),(21128,NULL,'14-12',0,1004),(21129,NULL,'14-13',0,1004),(21130,NULL,'14-14',0,1004),(21131,NULL,'14-15',0,1004),(21132,NULL,'14-16',0,1004),(21133,NULL,'14-17',0,1004),(21134,NULL,'14-18',0,1004),(21135,NULL,'14-19',0,1004),(21136,NULL,'14-20',0,1004),(21137,NULL,'15-1',0,1005),(21138,NULL,'15-2',0,1005),(21139,NULL,'15-3',0,1005),(21140,NULL,'15-4',0,1005),(21141,NULL,'15-5',0,1005),(21142,NULL,'15-6',0,1005),(21143,NULL,'15-7',0,1005),(21144,NULL,'15-8',0,1005),(21145,NULL,'15-9',0,1005),(21146,NULL,'15-10',0,1005),(21147,NULL,'15-11',0,1005),(21148,NULL,'15-12',0,1005),(21149,NULL,'15-13',0,1005),(21150,NULL,'15-14',0,1005),(21151,NULL,'15-15',0,1005),(21152,NULL,'15-16',0,1005),(21153,NULL,'15-17',0,1005),(21154,NULL,'15-18',0,1005),(21155,NULL,'15-19',0,1005),(21156,NULL,'15-20',0,1005),(21157,NULL,'A-1',0,1006),(21158,NULL,'A-2',0,1006),(21159,NULL,'A-3',0,1006),(21160,NULL,'A-4',0,1006),(21161,NULL,'A-5',0,1006),(21162,NULL,'A-6',0,1006),(21163,NULL,'A-7',0,1006),(21164,NULL,'A-8',0,1006),(21165,NULL,'A-9',0,1006),(21166,NULL,'A-10',0,1006),(21167,NULL,'A-11',0,1006),(21168,NULL,'A-12',0,1006),(21169,NULL,'A-13',0,1006),(21170,NULL,'A-14',0,1006),(21171,NULL,'A-15',0,1006),(21172,NULL,'A-16',0,1006),(21173,NULL,'A-17',0,1006),(21174,NULL,'A-18',0,1006),(21175,NULL,'A-19',0,1006),(21176,NULL,'A-20',0,1006),(21177,NULL,'A-21',0,1006),(21178,NULL,'A-22',0,1006),(21179,NULL,'A-23',0,1006),(21180,NULL,'A-24',0,1006),(21181,NULL,'A-25',0,1006),(21182,NULL,'A-26',0,1006),(21183,NULL,'A-27',0,1006),(21184,NULL,'A-28',0,1006),(21185,NULL,'A-29',0,1006),(21186,NULL,'A-30',0,1006),(21187,NULL,'B-1',0,1007),(21188,NULL,'B-2',0,1007),(21189,NULL,'B-3',0,1007),(21190,NULL,'B-4',0,1007),(21191,NULL,'B-5',0,1007),(21192,NULL,'B-6',0,1007),(21193,NULL,'B-7',0,1007),(21194,NULL,'B-8',0,1007),(21195,NULL,'B-9',0,1007),(21196,NULL,'B-10',0,1007),(21197,NULL,'B-11',0,1007),(21198,NULL,'B-12',0,1007),(21199,NULL,'B-13',0,1007),(21200,NULL,'B-14',0,1007),(21201,NULL,'B-15',0,1007),(21202,NULL,'B-16',0,1007),(21203,NULL,'B-17',0,1007),(21204,NULL,'B-18',0,1007),(21205,NULL,'B-19',0,1007),(21206,NULL,'B-20',0,1007),(21207,NULL,'B-21',0,1007),(21208,NULL,'B-22',0,1007),(21209,NULL,'B-23',0,1007),(21210,NULL,'B-24',0,1007),(21211,NULL,'B-25',0,1007),(21212,NULL,'B-26',0,1007),(21213,NULL,'B-27',0,1007),(21214,NULL,'B-28',0,1007),(21215,NULL,'B-29',0,1007),(21216,NULL,'B-30',0,1007),(21217,NULL,'C-1',0,1008),(21218,NULL,'C-2',0,1008),(21219,NULL,'C-3',0,1008),(21220,NULL,'C-4',0,1008),(21221,NULL,'C-5',0,1008),(21222,NULL,'C-6',0,1008),(21223,NULL,'C-7',0,1008),(21224,NULL,'C-8',0,1008),(21225,NULL,'C-9',0,1008),(21226,NULL,'C-10',0,1008),(21227,NULL,'C-11',0,1008),(21228,NULL,'C-12',0,1008),(21229,NULL,'C-13',0,1008),(21230,NULL,'C-14',0,1008),(21231,NULL,'C-15',0,1008),(21232,NULL,'C-16',0,1008),(21233,NULL,'C-17',0,1008),(21234,NULL,'C-18',0,1008),(21235,NULL,'C-19',0,1008),(21236,NULL,'C-20',0,1008),(21237,NULL,'C-21',0,1008),(21238,NULL,'C-22',0,1008),(21239,NULL,'C-23',0,1008),(21240,NULL,'C-24',0,1008),(21241,NULL,'C-25',0,1008),(21242,NULL,'C-26',0,1008),(21243,NULL,'C-27',0,1008),(21244,NULL,'C-28',0,1008),(21245,NULL,'C-29',0,1008),(21246,NULL,'C-30',0,1008),(21247,NULL,'D-1',0,1009),(21248,NULL,'D-2',0,1009),(21249,NULL,'D-3',0,1009),(21250,NULL,'D-4',0,1009),(21251,NULL,'D-5',0,1009),(21252,NULL,'D-6',0,1009),(21253,NULL,'D-7',0,1009),(21254,NULL,'D-8',0,1009),(21255,NULL,'D-9',0,1009),(21256,NULL,'D-10',0,1009),(21257,NULL,'D-11',0,1009),(21258,NULL,'D-12',0,1009),(21259,NULL,'D-13',0,1009),(21260,NULL,'D-14',0,1009),(21261,NULL,'D-15',0,1009),(21262,NULL,'D-16',0,1009),(21263,NULL,'D-17',0,1009),(21264,NULL,'D-18',0,1009),(21265,NULL,'D-19',0,1009),(21266,NULL,'D-20',0,1009),(21267,NULL,'D-21',0,1009),(21268,NULL,'D-22',0,1009),(21269,NULL,'D-23',0,1009),(21270,NULL,'D-24',0,1009),(21271,NULL,'D-25',0,1009),(21272,NULL,'D-26',0,1009),(21273,NULL,'D-27',0,1009),(21274,NULL,'D-28',0,1009),(21275,NULL,'D-29',0,1009),(21276,NULL,'D-30',0,1009),(21277,NULL,'E-1',0,1010),(21278,NULL,'E-2',0,1010),(21279,NULL,'E-3',0,1010),(21280,NULL,'E-4',0,1010),(21281,NULL,'E-5',0,1010),(21282,NULL,'E-6',0,1010),(21283,NULL,'E-7',0,1010),(21284,NULL,'E-8',0,1010),(21285,NULL,'E-9',0,1010),(21286,NULL,'E-10',0,1010),(21287,NULL,'E-11',0,1010),(21288,NULL,'E-12',0,1010),(21289,NULL,'E-13',0,1010),(21290,NULL,'E-14',0,1010),(21291,NULL,'E-15',0,1010),(21292,NULL,'E-16',0,1010),(21293,NULL,'E-17',0,1010),(21294,NULL,'E-18',0,1010),(21295,NULL,'E-19',0,1010),(21296,NULL,'E-20',0,1010),(21297,NULL,'E-21',0,1010),(21298,NULL,'E-22',0,1010),(21299,NULL,'E-23',0,1010),(21300,NULL,'E-24',0,1010),(21301,NULL,'E-25',0,1010),(21302,NULL,'E-26',0,1010),(21303,NULL,'E-27',0,1010),(21304,NULL,'E-28',0,1010),(21305,NULL,'E-29',0,1010),(21306,NULL,'E-30',0,1010),(21307,NULL,'가-1',0,1011),(21308,NULL,'가-2',0,1011),(21309,NULL,'가-3',0,1011),(21310,NULL,'가-4',0,1011),(21311,NULL,'가-5',0,1011),(21312,NULL,'가-6',0,1011),(21313,NULL,'가-7',0,1011),(21314,NULL,'가-8',0,1011),(21315,NULL,'가-9',0,1011),(21316,NULL,'가-10',0,1011),(21317,NULL,'가-11',0,1011),(21318,NULL,'가-12',0,1011),(21319,NULL,'가-13',0,1011),(21320,NULL,'가-14',0,1011),(21321,NULL,'가-15',0,1011),(21322,NULL,'가-16',0,1011),(21323,NULL,'가-17',0,1011),(21324,NULL,'가-18',0,1011),(21325,NULL,'가-19',0,1011),(21326,NULL,'가-20',0,1011),(21327,NULL,'가-21',0,1011),(21328,NULL,'가-22',0,1011),(21329,NULL,'가-23',0,1011),(21330,NULL,'가-24',0,1011),(21331,NULL,'가-25',0,1011),(21332,NULL,'가-26',0,1011),(21333,NULL,'가-27',0,1011),(21334,NULL,'가-28',0,1011),(21335,NULL,'가-29',0,1011),(21336,NULL,'가-30',0,1011),(21337,NULL,'가-31',0,1011),(21338,NULL,'가-32',0,1011),(21339,NULL,'가-33',0,1011),(21340,NULL,'가-34',0,1011),(21341,NULL,'가-35',0,1011),(21342,NULL,'가-36',0,1011),(21343,NULL,'가-37',0,1011),(21344,NULL,'가-38',0,1011),(21345,NULL,'가-39',0,1011),(21346,NULL,'가-40',0,1011),(21347,NULL,'나-1',0,1012),(21348,NULL,'나-2',0,1012),(21349,NULL,'나-3',0,1012),(21350,NULL,'나-4',0,1012),(21351,NULL,'나-5',0,1012),(21352,NULL,'나-6',0,1012),(21353,NULL,'나-7',0,1012),(21354,NULL,'나-8',0,1012),(21355,NULL,'나-9',0,1012),(21356,NULL,'나-10',0,1012),(21357,NULL,'나-11',0,1012),(21358,NULL,'나-12',0,1012),(21359,NULL,'나-13',0,1012),(21360,NULL,'나-14',0,1012),(21361,NULL,'나-15',0,1012),(21362,NULL,'나-16',0,1012),(21363,NULL,'나-17',0,1012),(21364,NULL,'나-18',0,1012),(21365,NULL,'나-19',0,1012),(21366,NULL,'나-20',0,1012),(21367,NULL,'나-21',0,1012),(21368,NULL,'나-22',0,1012),(21369,NULL,'나-23',0,1012),(21370,NULL,'나-24',0,1012),(21371,NULL,'나-25',0,1012),(21372,NULL,'나-26',0,1012),(21373,NULL,'나-27',0,1012),(21374,NULL,'나-28',0,1012),(21375,NULL,'나-29',0,1012),(21376,NULL,'나-30',0,1012),(21377,NULL,'나-31',0,1012),(21378,NULL,'나-32',0,1012),(21379,NULL,'나-33',0,1012),(21380,NULL,'나-34',0,1012),(21381,NULL,'나-35',0,1012),(21382,NULL,'나-36',0,1012),(21383,NULL,'나-37',0,1012),(21384,NULL,'나-38',0,1012),(21385,NULL,'나-39',0,1012),(21386,NULL,'나-40',0,1012),(21387,NULL,'3-1',0,1013),(21388,NULL,'3-2',0,1013),(21389,NULL,'3-3',0,1013),(21390,NULL,'3-4',0,1013),(21391,NULL,'3-5',0,1013),(21392,NULL,'3-6',0,1013),(21393,NULL,'3-7',0,1013),(21394,NULL,'3-8',0,1013),(21395,NULL,'3-9',0,1013),(21396,NULL,'3-10',0,1013),(21397,NULL,'3-11',0,1013),(21398,NULL,'3-12',0,1013),(21399,NULL,'3-13',0,1013),(21400,NULL,'3-14',0,1013),(21401,NULL,'3-15',0,1013),(21402,NULL,'3-16',0,1013),(21403,NULL,'3-17',0,1013),(21404,NULL,'3-18',0,1013),(21405,NULL,'3-19',0,1013),(21406,NULL,'3-20',0,1013),(21407,'2022-04-05 00:16:25.944000','4-1',1,1014),(21408,'2022-04-05 00:17:48.870000','4-2',1,1014),(21409,'2022-04-05 00:28:40.617000','4-3',1,1014),(21410,'2022-04-05 00:29:08.591000','4-4',1,1014),(21411,'2022-04-05 00:29:46.364000','4-5',1,1014),(21412,'2022-04-05 00:30:50.162000','4-6',1,1014),(21413,'2022-04-05 00:31:33.606000','4-7',1,1014),(21414,'2022-04-05 00:32:26.851000','4-8',1,1014),(21415,'2022-04-05 00:32:43.375000','4-9',1,1014),(21416,'2022-04-05 00:33:47.122000','4-10',1,1014),(21417,'2022-04-05 01:01:34.224000','4-11',1,1014),(21418,'2022-04-05 01:02:44.905000','4-12',1,1014),(21419,'2022-04-05 01:26:35.113000','4-13',1,1014),(21420,'2022-04-05 01:47:31.420000','4-14',1,1014),(21421,NULL,'4-15',0,1014),(21422,NULL,'4-16',0,1014),(21423,NULL,'4-17',0,1014),(21424,NULL,'4-18',0,1014),(21425,NULL,'4-19',0,1014),(21426,NULL,'4-20',0,1014),(21427,NULL,'5-1',0,1015),(21428,NULL,'5-2',0,1015),(21429,NULL,'5-3',0,1015),(21430,NULL,'5-4',0,1015),(21431,NULL,'5-5',0,1015),(21432,NULL,'5-6',0,1015),(21433,NULL,'5-7',0,1015),(21434,NULL,'5-8',0,1015),(21435,NULL,'5-9',0,1015),(21436,NULL,'5-10',0,1015),(21437,NULL,'5-11',0,1015),(21438,NULL,'5-12',0,1015),(21439,NULL,'5-13',0,1015),(21440,NULL,'5-14',0,1015),(21441,NULL,'5-15',0,1015),(21442,NULL,'5-16',0,1015),(21443,NULL,'5-17',0,1015),(21444,NULL,'5-18',0,1015),(21445,NULL,'5-19',0,1015),(21446,NULL,'5-20',0,1015),(21447,NULL,'6-1',0,1016),(21448,NULL,'6-2',0,1016),(21449,NULL,'6-3',0,1016),(21450,NULL,'6-4',0,1016),(21451,NULL,'6-5',0,1016),(21452,NULL,'6-6',0,1016),(21453,NULL,'6-7',0,1016),(21454,NULL,'6-8',0,1016),(21455,NULL,'6-9',0,1016),(21456,NULL,'6-10',0,1016),(21457,NULL,'6-11',0,1016),(21458,NULL,'6-12',0,1016),(21459,NULL,'6-13',0,1016),(21460,NULL,'6-14',0,1016),(21461,NULL,'6-15',0,1016),(21462,NULL,'6-16',0,1016),(21463,NULL,'6-17',0,1016),(21464,NULL,'6-18',0,1016),(21465,NULL,'6-19',0,1016),(21466,NULL,'6-20',0,1016),(21467,NULL,'7-1',0,1017),(21468,NULL,'7-2',0,1017),(21469,NULL,'7-3',0,1017),(21470,NULL,'7-4',0,1017),(21471,NULL,'7-5',0,1017),(21472,NULL,'7-6',0,1017),(21473,NULL,'7-7',0,1017),(21474,NULL,'7-8',0,1017),(21475,NULL,'7-9',0,1017),(21476,NULL,'7-10',0,1017),(21477,NULL,'7-11',0,1017),(21478,NULL,'7-12',0,1017),(21479,NULL,'7-13',0,1017),(21480,NULL,'7-14',0,1017),(21481,NULL,'7-15',0,1017),(21482,NULL,'7-16',0,1017),(21483,NULL,'7-17',0,1017),(21484,NULL,'7-18',0,1017),(21485,NULL,'7-19',0,1017),(21486,NULL,'7-20',0,1017),(21487,NULL,'8-1',0,1018),(21488,NULL,'8-2',0,1018),(21489,NULL,'8-3',0,1018),(21490,NULL,'8-4',0,1018),(21491,NULL,'8-5',0,1018),(21492,NULL,'8-6',0,1018),(21493,NULL,'8-7',0,1018),(21494,NULL,'8-8',0,1018),(21495,NULL,'8-9',0,1018),(21496,NULL,'8-10',0,1018),(21497,NULL,'8-11',0,1018),(21498,NULL,'8-12',0,1018),(21499,NULL,'8-13',0,1018),(21500,NULL,'8-14',0,1018),(21501,NULL,'8-15',0,1018),(21502,NULL,'8-16',0,1018),(21503,NULL,'8-17',0,1018),(21504,NULL,'8-18',0,1018),(21505,NULL,'8-19',0,1018),(21506,NULL,'8-20',0,1018),(21507,NULL,'10-1',0,1019),(21508,NULL,'10-2',0,1019),(21509,NULL,'10-3',0,1019),(21510,NULL,'10-4',0,1019),(21511,NULL,'10-5',0,1019),(21512,NULL,'10-6',0,1019),(21513,NULL,'10-7',0,1019),(21514,NULL,'10-8',0,1019),(21515,NULL,'10-9',0,1019),(21516,NULL,'10-10',0,1019),(21517,NULL,'10-11',0,1019),(21518,NULL,'10-12',0,1019),(21519,NULL,'10-13',0,1019),(21520,NULL,'10-14',0,1019),(21521,NULL,'10-15',0,1019),(21522,NULL,'10-16',0,1019),(21523,NULL,'10-17',0,1019),(21524,NULL,'10-18',0,1019),(21525,NULL,'10-19',0,1019),(21526,NULL,'10-20',0,1019),(21527,NULL,'11-1',0,1020),(21528,NULL,'11-2',0,1020),(21529,NULL,'11-3',0,1020),(21530,NULL,'11-4',0,1020),(21531,NULL,'11-5',0,1020),(21532,NULL,'11-6',0,1020),(21533,NULL,'11-7',0,1020),(21534,NULL,'11-8',0,1020),(21535,NULL,'11-9',0,1020),(21536,NULL,'11-10',0,1020),(21537,NULL,'11-11',0,1020),(21538,NULL,'11-12',0,1020),(21539,NULL,'11-13',0,1020),(21540,NULL,'11-14',0,1020),(21541,NULL,'11-15',0,1020),(21542,NULL,'11-16',0,1020),(21543,NULL,'11-17',0,1020),(21544,NULL,'11-18',0,1020),(21545,NULL,'11-19',0,1020),(21546,NULL,'11-20',0,1020),(21547,NULL,'12-1',0,1021),(21548,NULL,'12-2',0,1021),(21549,NULL,'12-3',0,1021),(21550,NULL,'12-4',0,1021),(21551,NULL,'12-5',0,1021),(21552,NULL,'12-6',0,1021),(21553,NULL,'12-7',0,1021),(21554,NULL,'12-8',0,1021),(21555,NULL,'12-9',0,1021),(21556,NULL,'12-10',0,1021),(21557,NULL,'12-11',0,1021),(21558,NULL,'12-12',0,1021),(21559,NULL,'12-13',0,1021),(21560,NULL,'12-14',0,1021),(21561,NULL,'12-15',0,1021),(21562,NULL,'12-16',0,1021),(21563,NULL,'12-17',0,1021),(21564,NULL,'12-18',0,1021),(21565,NULL,'12-19',0,1021),(21566,NULL,'12-20',0,1021),(21567,NULL,'13-1',0,1022),(21568,NULL,'13-2',0,1022),(21569,NULL,'13-3',0,1022),(21570,NULL,'13-4',0,1022),(21571,NULL,'13-5',0,1022),(21572,NULL,'13-6',0,1022),(21573,NULL,'13-7',0,1022),(21574,NULL,'13-8',0,1022),(21575,NULL,'13-9',0,1022),(21576,NULL,'13-10',0,1022),(21577,NULL,'13-11',0,1022),(21578,NULL,'13-12',0,1022),(21579,NULL,'13-13',0,1022),(21580,NULL,'13-14',0,1022),(21581,NULL,'13-15',0,1022),(21582,NULL,'13-16',0,1022),(21583,NULL,'13-17',0,1022),(21584,NULL,'13-18',0,1022),(21585,NULL,'13-19',0,1022),(21586,NULL,'13-20',0,1022),(21587,NULL,'14-1',0,1023),(21588,NULL,'14-2',0,1023),(21589,NULL,'14-3',0,1023),(21590,NULL,'14-4',0,1023),(21591,NULL,'14-5',0,1023),(21592,NULL,'14-6',0,1023),(21593,NULL,'14-7',0,1023),(21594,NULL,'14-8',0,1023),(21595,NULL,'14-9',0,1023),(21596,NULL,'14-10',0,1023),(21597,NULL,'14-11',0,1023),(21598,NULL,'14-12',0,1023),(21599,NULL,'14-13',0,1023),(21600,NULL,'14-14',0,1023),(21601,NULL,'14-15',0,1023),(21602,NULL,'14-16',0,1023),(21603,NULL,'14-17',0,1023),(21604,NULL,'14-18',0,1023),(21605,NULL,'14-19',0,1023),(21606,NULL,'14-20',0,1023),(21607,NULL,'15-1',0,1024),(21608,NULL,'15-2',0,1024),(21609,NULL,'15-3',0,1024),(21610,NULL,'15-4',0,1024),(21611,NULL,'15-5',0,1024),(21612,NULL,'15-6',0,1024),(21613,NULL,'15-7',0,1024),(21614,NULL,'15-8',0,1024),(21615,NULL,'15-9',0,1024),(21616,NULL,'15-10',0,1024),(21617,NULL,'15-11',0,1024),(21618,NULL,'15-12',0,1024),(21619,NULL,'15-13',0,1024),(21620,NULL,'15-14',0,1024),(21621,NULL,'15-15',0,1024),(21622,NULL,'15-16',0,1024),(21623,NULL,'15-17',0,1024),(21624,NULL,'15-18',0,1024),(21625,NULL,'15-19',0,1024),(21626,NULL,'15-20',0,1024),(21627,NULL,'A-1',0,1025),(21628,NULL,'A-2',0,1025),(21629,NULL,'A-3',0,1025),(21630,NULL,'A-4',0,1025),(21631,NULL,'A-5',0,1025),(21632,NULL,'A-6',0,1025),(21633,NULL,'A-7',0,1025),(21634,NULL,'A-8',0,1025),(21635,NULL,'A-9',0,1025),(21636,NULL,'A-10',0,1025),(21637,NULL,'A-11',0,1025),(21638,NULL,'A-12',0,1025),(21639,NULL,'A-13',0,1025),(21640,NULL,'A-14',0,1025),(21641,NULL,'A-15',0,1025),(21642,NULL,'A-16',0,1025),(21643,NULL,'A-17',0,1025),(21644,NULL,'A-18',0,1025),(21645,NULL,'A-19',0,1025),(21646,NULL,'A-20',0,1025),(21647,NULL,'A-21',0,1025),(21648,NULL,'A-22',0,1025),(21649,NULL,'A-23',0,1025),(21650,NULL,'A-24',0,1025),(21651,NULL,'A-25',0,1025),(21652,NULL,'A-26',0,1025),(21653,NULL,'A-27',0,1025),(21654,NULL,'A-28',0,1025),(21655,NULL,'A-29',0,1025),(21656,NULL,'A-30',0,1025),(21657,NULL,'B-1',0,1026),(21658,NULL,'B-2',0,1026),(21659,NULL,'B-3',0,1026),(21660,NULL,'B-4',0,1026),(21661,NULL,'B-5',0,1026),(21662,NULL,'B-6',0,1026),(21663,NULL,'B-7',0,1026),(21664,NULL,'B-8',0,1026),(21665,NULL,'B-9',0,1026),(21666,NULL,'B-10',0,1026),(21667,NULL,'B-11',0,1026),(21668,NULL,'B-12',0,1026),(21669,NULL,'B-13',0,1026),(21670,NULL,'B-14',0,1026),(21671,NULL,'B-15',0,1026),(21672,NULL,'B-16',0,1026),(21673,NULL,'B-17',0,1026),(21674,NULL,'B-18',0,1026),(21675,NULL,'B-19',0,1026),(21676,NULL,'B-20',0,1026),(21677,NULL,'B-21',0,1026),(21678,NULL,'B-22',0,1026),(21679,NULL,'B-23',0,1026),(21680,NULL,'B-24',0,1026),(21681,NULL,'B-25',0,1026),(21682,NULL,'B-26',0,1026),(21683,NULL,'B-27',0,1026),(21684,NULL,'B-28',0,1026),(21685,NULL,'B-29',0,1026),(21686,NULL,'B-30',0,1026),(21687,NULL,'C-1',0,1027),(21688,NULL,'C-2',0,1027),(21689,NULL,'C-3',0,1027),(21690,NULL,'C-4',0,1027),(21691,NULL,'C-5',0,1027),(21692,NULL,'C-6',0,1027),(21693,NULL,'C-7',0,1027),(21694,NULL,'C-8',0,1027),(21695,NULL,'C-9',0,1027),(21696,NULL,'C-10',0,1027),(21697,NULL,'C-11',0,1027),(21698,NULL,'C-12',0,1027),(21699,NULL,'C-13',0,1027),(21700,NULL,'C-14',0,1027),(21701,NULL,'C-15',0,1027),(21702,NULL,'C-16',0,1027),(21703,NULL,'C-17',0,1027),(21704,NULL,'C-18',0,1027),(21705,NULL,'C-19',0,1027),(21706,NULL,'C-20',0,1027),(21707,NULL,'C-21',0,1027),(21708,NULL,'C-22',0,1027),(21709,NULL,'C-23',0,1027),(21710,NULL,'C-24',0,1027),(21711,NULL,'C-25',0,1027),(21712,NULL,'C-26',0,1027),(21713,NULL,'C-27',0,1027),(21714,NULL,'C-28',0,1027),(21715,NULL,'C-29',0,1027),(21716,NULL,'C-30',0,1027),(21717,NULL,'D-1',0,1028),(21718,NULL,'D-2',0,1028),(21719,NULL,'D-3',0,1028),(21720,NULL,'D-4',0,1028),(21721,NULL,'D-5',0,1028),(21722,NULL,'D-6',0,1028),(21723,NULL,'D-7',0,1028),(21724,NULL,'D-8',0,1028),(21725,NULL,'D-9',0,1028),(21726,NULL,'D-10',0,1028),(21727,NULL,'D-11',0,1028),(21728,NULL,'D-12',0,1028),(21729,NULL,'D-13',0,1028),(21730,NULL,'D-14',0,1028),(21731,NULL,'D-15',0,1028),(21732,NULL,'D-16',0,1028),(21733,NULL,'D-17',0,1028),(21734,NULL,'D-18',0,1028),(21735,NULL,'D-19',0,1028),(21736,NULL,'D-20',0,1028),(21737,NULL,'D-21',0,1028),(21738,NULL,'D-22',0,1028),(21739,NULL,'D-23',0,1028),(21740,NULL,'D-24',0,1028),(21741,NULL,'D-25',0,1028),(21742,NULL,'D-26',0,1028),(21743,NULL,'D-27',0,1028),(21744,NULL,'D-28',0,1028),(21745,NULL,'D-29',0,1028),(21746,NULL,'D-30',0,1028),(21747,NULL,'E-1',0,1029),(21748,NULL,'E-2',0,1029),(21749,NULL,'E-3',0,1029),(21750,NULL,'E-4',0,1029),(21751,NULL,'E-5',0,1029),(21752,NULL,'E-6',0,1029),(21753,NULL,'E-7',0,1029),(21754,NULL,'E-8',0,1029),(21755,NULL,'E-9',0,1029),(21756,NULL,'E-10',0,1029),(21757,NULL,'E-11',0,1029),(21758,NULL,'E-12',0,1029),(21759,NULL,'E-13',0,1029),(21760,NULL,'E-14',0,1029),(21761,NULL,'E-15',0,1029),(21762,NULL,'E-16',0,1029),(21763,NULL,'E-17',0,1029),(21764,NULL,'E-18',0,1029),(21765,NULL,'E-19',0,1029),(21766,NULL,'E-20',0,1029),(21767,NULL,'E-21',0,1029),(21768,NULL,'E-22',0,1029),(21769,NULL,'E-23',0,1029),(21770,NULL,'E-24',0,1029),(21771,NULL,'E-25',0,1029),(21772,NULL,'E-26',0,1029),(21773,NULL,'E-27',0,1029),(21774,NULL,'E-28',0,1029),(21775,NULL,'E-29',0,1029),(21776,NULL,'E-30',0,1029),(21777,NULL,'가-1',0,1030),(21778,NULL,'가-2',0,1030),(21779,NULL,'가-3',0,1030),(21780,NULL,'가-4',0,1030),(21781,NULL,'가-5',0,1030),(21782,NULL,'가-6',0,1030),(21783,NULL,'가-7',0,1030),(21784,NULL,'가-8',0,1030),(21785,NULL,'가-9',0,1030),(21786,NULL,'가-10',0,1030),(21787,NULL,'가-11',0,1030),(21788,NULL,'가-12',0,1030),(21789,NULL,'가-13',0,1030),(21790,NULL,'가-14',0,1030),(21791,NULL,'가-15',0,1030),(21792,NULL,'가-16',0,1030),(21793,NULL,'가-17',0,1030),(21794,NULL,'가-18',0,1030),(21795,NULL,'가-19',0,1030),(21796,NULL,'가-20',0,1030),(21797,NULL,'가-21',0,1030),(21798,NULL,'가-22',0,1030),(21799,NULL,'가-23',0,1030),(21800,NULL,'가-24',0,1030),(21801,NULL,'가-25',0,1030),(21802,NULL,'가-26',0,1030),(21803,NULL,'가-27',0,1030),(21804,NULL,'가-28',0,1030),(21805,NULL,'가-29',0,1030),(21806,NULL,'가-30',0,1030),(21807,NULL,'가-31',0,1030),(21808,NULL,'가-32',0,1030),(21809,NULL,'가-33',0,1030),(21810,NULL,'가-34',0,1030),(21811,NULL,'가-35',0,1030),(21812,NULL,'가-36',0,1030),(21813,NULL,'가-37',0,1030),(21814,NULL,'가-38',0,1030),(21815,NULL,'가-39',0,1030),(21816,NULL,'가-40',0,1030),(21817,NULL,'나-1',0,1031),(21818,NULL,'나-2',0,1031),(21819,NULL,'나-3',0,1031),(21820,NULL,'나-4',0,1031),(21821,NULL,'나-5',0,1031),(21822,NULL,'나-6',0,1031),(21823,NULL,'나-7',0,1031),(21824,NULL,'나-8',0,1031),(21825,NULL,'나-9',0,1031),(21826,NULL,'나-10',0,1031),(21827,NULL,'나-11',0,1031),(21828,NULL,'나-12',0,1031),(21829,NULL,'나-13',0,1031),(21830,NULL,'나-14',0,1031),(21831,NULL,'나-15',0,1031),(21832,NULL,'나-16',0,1031),(21833,NULL,'나-17',0,1031),(21834,NULL,'나-18',0,1031),(21835,NULL,'나-19',0,1031),(21836,NULL,'나-20',0,1031),(21837,NULL,'나-21',0,1031),(21838,NULL,'나-22',0,1031),(21839,NULL,'나-23',0,1031),(21840,NULL,'나-24',0,1031),(21841,NULL,'나-25',0,1031),(21842,NULL,'나-26',0,1031),(21843,NULL,'나-27',0,1031),(21844,NULL,'나-28',0,1031),(21845,NULL,'나-29',0,1031),(21846,NULL,'나-30',0,1031),(21847,NULL,'나-31',0,1031),(21848,NULL,'나-32',0,1031),(21849,NULL,'나-33',0,1031),(21850,NULL,'나-34',0,1031),(21851,NULL,'나-35',0,1031),(21852,NULL,'나-36',0,1031),(21853,NULL,'나-37',0,1031),(21854,NULL,'나-38',0,1031),(21855,NULL,'나-39',0,1031),(21856,NULL,'나-40',0,1031),(21857,NULL,'3-1',0,1032),(21858,NULL,'3-2',0,1032),(21859,NULL,'3-3',0,1032),(21860,NULL,'3-4',0,1032),(21861,NULL,'3-5',0,1032),(21862,NULL,'3-6',0,1032),(21863,NULL,'3-7',0,1032),(21864,NULL,'3-8',0,1032),(21865,NULL,'3-9',0,1032),(21866,NULL,'3-10',0,1032),(21867,NULL,'3-11',0,1032),(21868,NULL,'3-12',0,1032),(21869,NULL,'3-13',0,1032),(21870,NULL,'3-14',0,1032),(21871,NULL,'3-15',0,1032),(21872,NULL,'3-16',0,1032),(21873,NULL,'3-17',0,1032),(21874,NULL,'3-18',0,1032),(21875,NULL,'3-19',0,1032),(21876,NULL,'3-20',0,1032),(21877,NULL,'4-1',0,1033),(21878,NULL,'4-2',0,1033),(21879,NULL,'4-3',0,1033),(21880,NULL,'4-4',0,1033),(21881,NULL,'4-5',0,1033),(21882,NULL,'4-6',0,1033),(21883,NULL,'4-7',0,1033),(21884,NULL,'4-8',0,1033),(21885,NULL,'4-9',0,1033),(21886,NULL,'4-10',0,1033),(21887,NULL,'4-11',0,1033),(21888,NULL,'4-12',0,1033),(21889,NULL,'4-13',0,1033),(21890,NULL,'4-14',0,1033),(21891,NULL,'4-15',0,1033),(21892,NULL,'4-16',0,1033),(21893,NULL,'4-17',0,1033),(21894,NULL,'4-18',0,1033),(21895,NULL,'4-19',0,1033),(21896,NULL,'4-20',0,1033),(21897,NULL,'5-1',0,1034),(21898,NULL,'5-2',0,1034),(21899,NULL,'5-3',0,1034),(21900,NULL,'5-4',0,1034),(21901,NULL,'5-5',0,1034),(21902,NULL,'5-6',0,1034),(21903,NULL,'5-7',0,1034),(21904,NULL,'5-8',0,1034),(21905,NULL,'5-9',0,1034),(21906,NULL,'5-10',0,1034),(21907,NULL,'5-11',0,1034),(21908,NULL,'5-12',0,1034),(21909,NULL,'5-13',0,1034),(21910,NULL,'5-14',0,1034),(21911,NULL,'5-15',0,1034),(21912,NULL,'5-16',0,1034),(21913,NULL,'5-17',0,1034),(21914,NULL,'5-18',0,1034),(21915,NULL,'5-19',0,1034),(21916,NULL,'5-20',0,1034),(21917,NULL,'6-1',0,1035),(21918,NULL,'6-2',0,1035),(21919,NULL,'6-3',0,1035),(21920,NULL,'6-4',0,1035),(21921,NULL,'6-5',0,1035),(21922,NULL,'6-6',0,1035),(21923,NULL,'6-7',0,1035),(21924,NULL,'6-8',0,1035),(21925,NULL,'6-9',0,1035),(21926,NULL,'6-10',0,1035),(21927,NULL,'6-11',0,1035),(21928,NULL,'6-12',0,1035),(21929,NULL,'6-13',0,1035),(21930,NULL,'6-14',0,1035),(21931,NULL,'6-15',0,1035),(21932,NULL,'6-16',0,1035),(21933,NULL,'6-17',0,1035),(21934,NULL,'6-18',0,1035),(21935,NULL,'6-19',0,1035),(21936,NULL,'6-20',0,1035),(21937,NULL,'7-1',0,1036),(21938,NULL,'7-2',0,1036),(21939,NULL,'7-3',0,1036),(21940,NULL,'7-4',0,1036),(21941,NULL,'7-5',0,1036),(21942,NULL,'7-6',0,1036),(21943,NULL,'7-7',0,1036),(21944,NULL,'7-8',0,1036),(21945,NULL,'7-9',0,1036),(21946,NULL,'7-10',0,1036),(21947,NULL,'7-11',0,1036),(21948,NULL,'7-12',0,1036),(21949,NULL,'7-13',0,1036),(21950,NULL,'7-14',0,1036),(21951,NULL,'7-15',0,1036),(21952,NULL,'7-16',0,1036),(21953,NULL,'7-17',0,1036),(21954,NULL,'7-18',0,1036),(21955,NULL,'7-19',0,1036),(21956,NULL,'7-20',0,1036),(21957,NULL,'8-1',0,1037),(21958,NULL,'8-2',0,1037),(21959,NULL,'8-3',0,1037),(21960,NULL,'8-4',0,1037),(21961,NULL,'8-5',0,1037),(21962,NULL,'8-6',0,1037),(21963,NULL,'8-7',0,1037),(21964,NULL,'8-8',0,1037),(21965,NULL,'8-9',0,1037),(21966,NULL,'8-10',0,1037),(21967,NULL,'8-11',0,1037),(21968,NULL,'8-12',0,1037),(21969,NULL,'8-13',0,1037),(21970,NULL,'8-14',0,1037),(21971,NULL,'8-15',0,1037),(21972,NULL,'8-16',0,1037),(21973,NULL,'8-17',0,1037),(21974,NULL,'8-18',0,1037),(21975,NULL,'8-19',0,1037),(21976,NULL,'8-20',0,1037),(21977,NULL,'10-1',0,1038),(21978,NULL,'10-2',0,1038),(21979,NULL,'10-3',0,1038),(21980,NULL,'10-4',0,1038),(21981,NULL,'10-5',0,1038),(21982,NULL,'10-6',0,1038),(21983,NULL,'10-7',0,1038),(21984,NULL,'10-8',0,1038),(21985,NULL,'10-9',0,1038),(21986,NULL,'10-10',0,1038),(21987,NULL,'10-11',0,1038),(21988,NULL,'10-12',0,1038),(21989,NULL,'10-13',0,1038),(21990,NULL,'10-14',0,1038),(21991,NULL,'10-15',0,1038),(21992,NULL,'10-16',0,1038),(21993,NULL,'10-17',0,1038),(21994,NULL,'10-18',0,1038),(21995,NULL,'10-19',0,1038),(21996,NULL,'10-20',0,1038),(21997,NULL,'11-1',0,1039),(21998,NULL,'11-2',0,1039),(21999,NULL,'11-3',0,1039),(22000,NULL,'11-4',0,1039),(22001,NULL,'11-5',0,1039),(22002,NULL,'11-6',0,1039),(22003,NULL,'11-7',0,1039),(22004,NULL,'11-8',0,1039),(22005,NULL,'11-9',0,1039),(22006,NULL,'11-10',0,1039),(22007,NULL,'11-11',0,1039),(22008,NULL,'11-12',0,1039),(22009,NULL,'11-13',0,1039),(22010,NULL,'11-14',0,1039),(22011,NULL,'11-15',0,1039),(22012,NULL,'11-16',0,1039),(22013,NULL,'11-17',0,1039),(22014,NULL,'11-18',0,1039),(22015,NULL,'11-19',0,1039),(22016,NULL,'11-20',0,1039),(22017,NULL,'12-1',0,1040),(22018,NULL,'12-2',0,1040),(22019,NULL,'12-3',0,1040),(22020,NULL,'12-4',0,1040),(22021,NULL,'12-5',0,1040),(22022,NULL,'12-6',0,1040),(22023,NULL,'12-7',0,1040),(22024,NULL,'12-8',0,1040),(22025,NULL,'12-9',0,1040),(22026,NULL,'12-10',0,1040),(22027,NULL,'12-11',0,1040),(22028,NULL,'12-12',0,1040),(22029,NULL,'12-13',0,1040),(22030,NULL,'12-14',0,1040),(22031,NULL,'12-15',0,1040),(22032,NULL,'12-16',0,1040),(22033,NULL,'12-17',0,1040),(22034,NULL,'12-18',0,1040),(22035,NULL,'12-19',0,1040),(22036,NULL,'12-20',0,1040),(22037,NULL,'13-1',0,1041),(22038,NULL,'13-2',0,1041),(22039,NULL,'13-3',0,1041),(22040,NULL,'13-4',0,1041),(22041,NULL,'13-5',0,1041),(22042,NULL,'13-6',0,1041),(22043,NULL,'13-7',0,1041),(22044,NULL,'13-8',0,1041),(22045,NULL,'13-9',0,1041),(22046,NULL,'13-10',0,1041),(22047,NULL,'13-11',0,1041),(22048,NULL,'13-12',0,1041),(22049,NULL,'13-13',0,1041),(22050,NULL,'13-14',0,1041),(22051,NULL,'13-15',0,1041),(22052,NULL,'13-16',0,1041),(22053,NULL,'13-17',0,1041),(22054,NULL,'13-18',0,1041),(22055,NULL,'13-19',0,1041),(22056,NULL,'13-20',0,1041),(22057,NULL,'14-1',0,1042),(22058,NULL,'14-2',0,1042),(22059,NULL,'14-3',0,1042),(22060,NULL,'14-4',0,1042),(22061,NULL,'14-5',0,1042),(22062,NULL,'14-6',0,1042),(22063,NULL,'14-7',0,1042),(22064,NULL,'14-8',0,1042),(22065,NULL,'14-9',0,1042),(22066,NULL,'14-10',0,1042),(22067,NULL,'14-11',0,1042),(22068,NULL,'14-12',0,1042),(22069,NULL,'14-13',0,1042),(22070,NULL,'14-14',0,1042),(22071,NULL,'14-15',0,1042),(22072,NULL,'14-16',0,1042),(22073,NULL,'14-17',0,1042),(22074,NULL,'14-18',0,1042),(22075,NULL,'14-19',0,1042),(22076,NULL,'14-20',0,1042),(22077,NULL,'15-1',0,1043),(22078,NULL,'15-2',0,1043),(22079,NULL,'15-3',0,1043),(22080,NULL,'15-4',0,1043),(22081,NULL,'15-5',0,1043),(22082,NULL,'15-6',0,1043),(22083,NULL,'15-7',0,1043),(22084,NULL,'15-8',0,1043),(22085,NULL,'15-9',0,1043),(22086,NULL,'15-10',0,1043),(22087,NULL,'15-11',0,1043),(22088,NULL,'15-12',0,1043),(22089,NULL,'15-13',0,1043),(22090,NULL,'15-14',0,1043),(22091,NULL,'15-15',0,1043),(22092,NULL,'15-16',0,1043),(22093,NULL,'15-17',0,1043),(22094,NULL,'15-18',0,1043),(22095,NULL,'15-19',0,1043),(22096,NULL,'15-20',0,1043),(22097,NULL,'A-1',0,1044),(22098,NULL,'A-2',0,1044),(22099,NULL,'A-3',0,1044),(22100,NULL,'A-4',0,1044),(22101,NULL,'A-5',0,1044),(22102,NULL,'A-6',0,1044),(22103,NULL,'A-7',0,1044),(22104,NULL,'A-8',0,1044),(22105,NULL,'A-9',0,1044),(22106,NULL,'A-10',0,1044),(22107,NULL,'A-11',0,1044),(22108,NULL,'A-12',0,1044),(22109,NULL,'A-13',0,1044),(22110,NULL,'A-14',0,1044),(22111,NULL,'A-15',0,1044),(22112,NULL,'A-16',0,1044),(22113,NULL,'A-17',0,1044),(22114,NULL,'A-18',0,1044),(22115,NULL,'A-19',0,1044),(22116,NULL,'A-20',0,1044),(22117,NULL,'A-21',0,1044),(22118,NULL,'A-22',0,1044),(22119,NULL,'A-23',0,1044),(22120,NULL,'A-24',0,1044),(22121,NULL,'A-25',0,1044),(22122,NULL,'A-26',0,1044),(22123,NULL,'A-27',0,1044),(22124,NULL,'A-28',0,1044),(22125,NULL,'A-29',0,1044),(22126,NULL,'A-30',0,1044),(22127,NULL,'B-1',0,1045),(22128,NULL,'B-2',0,1045),(22129,NULL,'B-3',0,1045),(22130,NULL,'B-4',0,1045),(22131,NULL,'B-5',0,1045),(22132,NULL,'B-6',0,1045),(22133,NULL,'B-7',0,1045),(22134,NULL,'B-8',0,1045),(22135,NULL,'B-9',0,1045),(22136,NULL,'B-10',0,1045),(22137,NULL,'B-11',0,1045),(22138,NULL,'B-12',0,1045),(22139,NULL,'B-13',0,1045),(22140,NULL,'B-14',0,1045),(22141,NULL,'B-15',0,1045),(22142,NULL,'B-16',0,1045),(22143,NULL,'B-17',0,1045),(22144,NULL,'B-18',0,1045),(22145,NULL,'B-19',0,1045),(22146,NULL,'B-20',0,1045),(22147,NULL,'B-21',0,1045),(22148,NULL,'B-22',0,1045),(22149,NULL,'B-23',0,1045),(22150,NULL,'B-24',0,1045),(22151,NULL,'B-25',0,1045),(22152,NULL,'B-26',0,1045),(22153,NULL,'B-27',0,1045),(22154,NULL,'B-28',0,1045),(22155,NULL,'B-29',0,1045),(22156,NULL,'B-30',0,1045),(22157,NULL,'C-1',0,1046),(22158,NULL,'C-2',0,1046),(22159,NULL,'C-3',0,1046),(22160,NULL,'C-4',0,1046),(22161,NULL,'C-5',0,1046),(22162,NULL,'C-6',0,1046),(22163,NULL,'C-7',0,1046),(22164,NULL,'C-8',0,1046),(22165,NULL,'C-9',0,1046),(22166,NULL,'C-10',0,1046),(22167,NULL,'C-11',0,1046),(22168,NULL,'C-12',0,1046),(22169,NULL,'C-13',0,1046),(22170,NULL,'C-14',0,1046),(22171,NULL,'C-15',0,1046),(22172,NULL,'C-16',0,1046),(22173,NULL,'C-17',0,1046),(22174,NULL,'C-18',0,1046),(22175,NULL,'C-19',0,1046),(22176,NULL,'C-20',0,1046),(22177,NULL,'C-21',0,1046),(22178,NULL,'C-22',0,1046),(22179,NULL,'C-23',0,1046),(22180,NULL,'C-24',0,1046),(22181,NULL,'C-25',0,1046),(22182,NULL,'C-26',0,1046),(22183,NULL,'C-27',0,1046),(22184,NULL,'C-28',0,1046),(22185,NULL,'C-29',0,1046),(22186,NULL,'C-30',0,1046),(22187,NULL,'D-1',0,1047),(22188,NULL,'D-2',0,1047),(22189,NULL,'D-3',0,1047),(22190,NULL,'D-4',0,1047),(22191,NULL,'D-5',0,1047),(22192,NULL,'D-6',0,1047),(22193,NULL,'D-7',0,1047),(22194,NULL,'D-8',0,1047),(22195,NULL,'D-9',0,1047),(22196,NULL,'D-10',0,1047),(22197,NULL,'D-11',0,1047),(22198,NULL,'D-12',0,1047),(22199,NULL,'D-13',0,1047),(22200,NULL,'D-14',0,1047),(22201,NULL,'D-15',0,1047),(22202,NULL,'D-16',0,1047),(22203,NULL,'D-17',0,1047),(22204,NULL,'D-18',0,1047),(22205,NULL,'D-19',0,1047),(22206,NULL,'D-20',0,1047),(22207,NULL,'D-21',0,1047),(22208,NULL,'D-22',0,1047),(22209,NULL,'D-23',0,1047),(22210,NULL,'D-24',0,1047),(22211,NULL,'D-25',0,1047),(22212,NULL,'D-26',0,1047),(22213,NULL,'D-27',0,1047),(22214,NULL,'D-28',0,1047),(22215,NULL,'D-29',0,1047),(22216,NULL,'D-30',0,1047),(22217,NULL,'E-1',0,1048),(22218,NULL,'E-2',0,1048),(22219,NULL,'E-3',0,1048),(22220,NULL,'E-4',0,1048),(22221,NULL,'E-5',0,1048),(22222,NULL,'E-6',0,1048),(22223,NULL,'E-7',0,1048),(22224,NULL,'E-8',0,1048),(22225,NULL,'E-9',0,1048),(22226,NULL,'E-10',0,1048),(22227,NULL,'E-11',0,1048),(22228,NULL,'E-12',0,1048),(22229,NULL,'E-13',0,1048),(22230,NULL,'E-14',0,1048),(22231,NULL,'E-15',0,1048),(22232,NULL,'E-16',0,1048),(22233,NULL,'E-17',0,1048),(22234,NULL,'E-18',0,1048),(22235,NULL,'E-19',0,1048),(22236,NULL,'E-20',0,1048),(22237,NULL,'E-21',0,1048),(22238,NULL,'E-22',0,1048),(22239,NULL,'E-23',0,1048),(22240,NULL,'E-24',0,1048),(22241,NULL,'E-25',0,1048),(22242,NULL,'E-26',0,1048),(22243,NULL,'E-27',0,1048),(22244,NULL,'E-28',0,1048),(22245,NULL,'E-29',0,1048),(22246,NULL,'E-30',0,1048),(22247,NULL,'가-1',0,1049),(22248,NULL,'가-2',0,1049),(22249,NULL,'가-3',0,1049),(22250,NULL,'가-4',0,1049),(22251,NULL,'가-5',0,1049),(22252,NULL,'가-6',0,1049),(22253,NULL,'가-7',0,1049),(22254,NULL,'가-8',0,1049),(22255,NULL,'가-9',0,1049),(22256,NULL,'가-10',0,1049),(22257,NULL,'가-11',0,1049),(22258,NULL,'가-12',0,1049),(22259,NULL,'가-13',0,1049),(22260,NULL,'가-14',0,1049),(22261,NULL,'가-15',0,1049),(22262,NULL,'가-16',0,1049),(22263,NULL,'가-17',0,1049),(22264,NULL,'가-18',0,1049),(22265,NULL,'가-19',0,1049),(22266,NULL,'가-20',0,1049),(22267,NULL,'가-21',0,1049),(22268,NULL,'가-22',0,1049),(22269,NULL,'가-23',0,1049),(22270,NULL,'가-24',0,1049),(22271,NULL,'가-25',0,1049),(22272,NULL,'가-26',0,1049),(22273,NULL,'가-27',0,1049),(22274,NULL,'가-28',0,1049),(22275,NULL,'가-29',0,1049),(22276,NULL,'가-30',0,1049),(22277,NULL,'가-31',0,1049),(22278,NULL,'가-32',0,1049),(22279,NULL,'가-33',0,1049),(22280,NULL,'가-34',0,1049),(22281,NULL,'가-35',0,1049),(22282,NULL,'가-36',0,1049),(22283,NULL,'가-37',0,1049),(22284,NULL,'가-38',0,1049),(22285,NULL,'가-39',0,1049),(22286,NULL,'가-40',0,1049),(22287,NULL,'나-1',0,1050),(22288,NULL,'나-2',0,1050),(22289,NULL,'나-3',0,1050),(22290,NULL,'나-4',0,1050),(22291,NULL,'나-5',0,1050),(22292,NULL,'나-6',0,1050),(22293,NULL,'나-7',0,1050),(22294,NULL,'나-8',0,1050),(22295,NULL,'나-9',0,1050),(22296,NULL,'나-10',0,1050),(22297,NULL,'나-11',0,1050),(22298,NULL,'나-12',0,1050),(22299,NULL,'나-13',0,1050),(22300,NULL,'나-14',0,1050),(22301,NULL,'나-15',0,1050),(22302,NULL,'나-16',0,1050),(22303,NULL,'나-17',0,1050),(22304,NULL,'나-18',0,1050),(22305,NULL,'나-19',0,1050),(22306,NULL,'나-20',0,1050),(22307,NULL,'나-21',0,1050),(22308,NULL,'나-22',0,1050),(22309,NULL,'나-23',0,1050),(22310,NULL,'나-24',0,1050),(22311,NULL,'나-25',0,1050),(22312,NULL,'나-26',0,1050),(22313,NULL,'나-27',0,1050),(22314,NULL,'나-28',0,1050),(22315,NULL,'나-29',0,1050),(22316,NULL,'나-30',0,1050),(22317,NULL,'나-31',0,1050),(22318,NULL,'나-32',0,1050),(22319,NULL,'나-33',0,1050),(22320,NULL,'나-34',0,1050),(22321,NULL,'나-35',0,1050),(22322,NULL,'나-36',0,1050),(22323,NULL,'나-37',0,1050),(22324,NULL,'나-38',0,1050),(22325,NULL,'나-39',0,1050),(22326,NULL,'나-40',0,1050),(22327,NULL,'1-1',0,1051),(22328,NULL,'1-2',0,1051),(22329,NULL,'1-3',0,1051),(22330,NULL,'1-4',0,1051),(22331,NULL,'1-5',0,1051),(22332,NULL,'1-6',0,1051),(22333,NULL,'1-7',0,1051),(22334,NULL,'1-8',0,1051),(22335,NULL,'1-9',0,1051),(22336,NULL,'1-10',0,1051),(22337,NULL,'1-11',0,1051),(22338,NULL,'1-12',0,1051),(22339,NULL,'1-13',0,1051),(22340,NULL,'1-14',0,1051),(22341,NULL,'1-15',0,1051),(22342,NULL,'1-16',0,1051),(22343,NULL,'1-17',0,1051),(22344,NULL,'1-18',0,1051),(22345,NULL,'1-19',0,1051),(22346,NULL,'1-20',0,1051),(22347,NULL,'2-1',0,1052),(22348,NULL,'2-2',0,1052),(22349,NULL,'2-3',0,1052),(22350,NULL,'2-4',0,1052),(22351,NULL,'2-5',0,1052),(22352,NULL,'2-6',0,1052),(22353,NULL,'2-7',0,1052),(22354,NULL,'2-8',0,1052),(22355,NULL,'2-9',0,1052),(22356,NULL,'2-10',0,1052),(22357,NULL,'2-11',0,1052),(22358,NULL,'2-12',0,1052),(22359,NULL,'2-13',0,1052),(22360,NULL,'2-14',0,1052),(22361,NULL,'2-15',0,1052),(22362,NULL,'2-16',0,1052),(22363,NULL,'2-17',0,1052),(22364,NULL,'2-18',0,1052),(22365,NULL,'2-19',0,1052),(22366,NULL,'2-20',0,1052),(22367,NULL,'3-1',0,1053),(22368,NULL,'3-2',0,1053),(22369,NULL,'3-3',0,1053),(22370,NULL,'3-4',0,1053),(22371,NULL,'3-5',0,1053),(22372,NULL,'3-6',0,1053),(22373,NULL,'3-7',0,1053),(22374,NULL,'3-8',0,1053),(22375,NULL,'3-9',0,1053),(22376,NULL,'3-10',0,1053),(22377,NULL,'3-11',0,1053),(22378,NULL,'3-12',0,1053),(22379,NULL,'3-13',0,1053),(22380,NULL,'3-14',0,1053),(22381,NULL,'3-15',0,1053),(22382,NULL,'3-16',0,1053),(22383,NULL,'3-17',0,1053),(22384,NULL,'3-18',0,1053),(22385,NULL,'3-19',0,1053),(22386,NULL,'3-20',0,1053),(22387,NULL,'4-1',0,1054),(22388,NULL,'4-2',0,1054),(22389,NULL,'4-3',0,1054),(22390,NULL,'4-4',0,1054),(22391,NULL,'4-5',0,1054),(22392,NULL,'4-6',0,1054),(22393,NULL,'4-7',0,1054),(22394,NULL,'4-8',0,1054),(22395,NULL,'4-9',0,1054),(22396,NULL,'4-10',0,1054),(22397,NULL,'4-11',0,1054),(22398,NULL,'4-12',0,1054),(22399,NULL,'4-13',0,1054),(22400,NULL,'4-14',0,1054),(22401,NULL,'4-15',0,1054),(22402,NULL,'4-16',0,1054),(22403,NULL,'4-17',0,1054),(22404,NULL,'4-18',0,1054),(22405,NULL,'4-19',0,1054),(22406,NULL,'4-20',0,1054),(22407,NULL,'5-1',0,1055),(22408,NULL,'5-2',0,1055),(22409,NULL,'5-3',0,1055),(22410,NULL,'5-4',0,1055),(22411,NULL,'5-5',0,1055),(22412,NULL,'5-6',0,1055),(22413,NULL,'5-7',0,1055),(22414,NULL,'5-8',0,1055),(22415,NULL,'5-9',0,1055),(22416,NULL,'5-10',0,1055),(22417,NULL,'5-11',0,1055),(22418,NULL,'5-12',0,1055),(22419,NULL,'5-13',0,1055),(22420,NULL,'5-14',0,1055),(22421,NULL,'5-15',0,1055),(22422,NULL,'5-16',0,1055),(22423,NULL,'5-17',0,1055),(22424,NULL,'5-18',0,1055),(22425,NULL,'5-19',0,1055),(22426,NULL,'5-20',0,1055),(22427,NULL,'6-1',0,1056),(22428,NULL,'6-2',0,1056),(22429,NULL,'6-3',0,1056),(22430,NULL,'6-4',0,1056),(22431,NULL,'6-5',0,1056),(22432,NULL,'6-6',0,1056),(22433,NULL,'6-7',0,1056),(22434,NULL,'6-8',0,1056),(22435,NULL,'6-9',0,1056),(22436,NULL,'6-10',0,1056),(22437,NULL,'6-11',0,1056),(22438,NULL,'6-12',0,1056),(22439,NULL,'6-13',0,1056),(22440,NULL,'6-14',0,1056),(22441,NULL,'6-15',0,1056),(22442,NULL,'6-16',0,1056),(22443,NULL,'6-17',0,1056),(22444,NULL,'6-18',0,1056),(22445,NULL,'6-19',0,1056),(22446,NULL,'6-20',0,1056),(22447,NULL,'7-1',0,1057),(22448,NULL,'7-2',0,1057),(22449,NULL,'7-3',0,1057),(22450,NULL,'7-4',0,1057),(22451,NULL,'7-5',0,1057),(22452,NULL,'7-6',0,1057),(22453,NULL,'7-7',0,1057),(22454,NULL,'7-8',0,1057),(22455,NULL,'7-9',0,1057),(22456,NULL,'7-10',0,1057),(22457,NULL,'7-11',0,1057),(22458,NULL,'7-12',0,1057),(22459,NULL,'7-13',0,1057),(22460,NULL,'7-14',0,1057),(22461,NULL,'7-15',0,1057),(22462,NULL,'7-16',0,1057),(22463,NULL,'7-17',0,1057),(22464,NULL,'7-18',0,1057),(22465,NULL,'7-19',0,1057),(22466,NULL,'7-20',0,1057),(22467,NULL,'8-1',0,1058),(22468,NULL,'8-2',0,1058),(22469,NULL,'8-3',0,1058),(22470,NULL,'8-4',0,1058),(22471,NULL,'8-5',0,1058),(22472,NULL,'8-6',0,1058),(22473,NULL,'8-7',0,1058),(22474,NULL,'8-8',0,1058),(22475,NULL,'8-9',0,1058),(22476,NULL,'8-10',0,1058),(22477,NULL,'8-11',0,1058),(22478,NULL,'8-12',0,1058),(22479,NULL,'8-13',0,1058),(22480,NULL,'8-14',0,1058),(22481,NULL,'8-15',0,1058),(22482,NULL,'8-16',0,1058),(22483,NULL,'8-17',0,1058),(22484,NULL,'8-18',0,1058),(22485,NULL,'8-19',0,1058),(22486,NULL,'8-20',0,1058),(22487,NULL,'9-1',0,1059),(22488,NULL,'9-2',0,1059),(22489,NULL,'9-3',0,1059),(22490,NULL,'9-4',0,1059),(22491,NULL,'9-5',0,1059),(22492,NULL,'9-6',0,1059),(22493,NULL,'9-7',0,1059),(22494,NULL,'9-8',0,1059),(22495,NULL,'9-9',0,1059),(22496,NULL,'9-10',0,1059),(22497,NULL,'9-11',0,1059),(22498,NULL,'9-12',0,1059),(22499,NULL,'9-13',0,1059),(22500,NULL,'9-14',0,1059),(22501,NULL,'9-15',0,1059),(22502,NULL,'9-16',0,1059),(22503,NULL,'9-17',0,1059),(22504,NULL,'9-18',0,1059),(22505,NULL,'9-19',0,1059),(22506,NULL,'9-20',0,1059),(22507,NULL,'10-1',0,1060),(22508,NULL,'10-2',0,1060),(22509,NULL,'10-3',0,1060),(22510,NULL,'10-4',0,1060),(22511,NULL,'10-5',0,1060),(22512,NULL,'10-6',0,1060),(22513,NULL,'10-7',0,1060),(22514,NULL,'10-8',0,1060),(22515,NULL,'10-9',0,1060),(22516,NULL,'10-10',0,1060),(22517,NULL,'10-11',0,1060),(22518,NULL,'10-12',0,1060),(22519,NULL,'10-13',0,1060),(22520,NULL,'10-14',0,1060),(22521,NULL,'10-15',0,1060),(22522,NULL,'10-16',0,1060),(22523,NULL,'10-17',0,1060),(22524,NULL,'10-18',0,1060),(22525,NULL,'10-19',0,1060),(22526,NULL,'10-20',0,1060),(22527,NULL,'11-1',0,1061),(22528,NULL,'11-2',0,1061),(22529,NULL,'11-3',0,1061),(22530,NULL,'11-4',0,1061),(22531,NULL,'11-5',0,1061),(22532,NULL,'11-6',0,1061),(22533,NULL,'11-7',0,1061),(22534,NULL,'11-8',0,1061),(22535,NULL,'11-9',0,1061),(22536,NULL,'11-10',0,1061),(22537,NULL,'11-11',0,1061),(22538,NULL,'11-12',0,1061),(22539,NULL,'11-13',0,1061),(22540,NULL,'11-14',0,1061),(22541,NULL,'11-15',0,1061),(22542,NULL,'11-16',0,1061),(22543,NULL,'11-17',0,1061),(22544,NULL,'11-18',0,1061),(22545,NULL,'11-19',0,1061),(22546,NULL,'11-20',0,1061),(22547,NULL,'12-1',0,1062),(22548,NULL,'12-2',0,1062),(22549,NULL,'12-3',0,1062),(22550,NULL,'12-4',0,1062),(22551,NULL,'12-5',0,1062),(22552,NULL,'12-6',0,1062),(22553,NULL,'12-7',0,1062),(22554,NULL,'12-8',0,1062),(22555,NULL,'12-9',0,1062),(22556,NULL,'12-10',0,1062),(22557,NULL,'12-11',0,1062),(22558,NULL,'12-12',0,1062),(22559,NULL,'12-13',0,1062),(22560,NULL,'12-14',0,1062),(22561,NULL,'12-15',0,1062),(22562,NULL,'12-16',0,1062),(22563,NULL,'12-17',0,1062),(22564,NULL,'12-18',0,1062),(22565,NULL,'12-19',0,1062),(22566,NULL,'12-20',0,1062),(22567,NULL,'13-1',0,1063),(22568,NULL,'13-2',0,1063),(22569,NULL,'13-3',0,1063),(22570,NULL,'13-4',0,1063),(22571,NULL,'13-5',0,1063),(22572,NULL,'13-6',0,1063),(22573,NULL,'13-7',0,1063),(22574,NULL,'13-8',0,1063),(22575,NULL,'13-9',0,1063),(22576,NULL,'13-10',0,1063),(22577,NULL,'13-11',0,1063),(22578,NULL,'13-12',0,1063),(22579,NULL,'13-13',0,1063),(22580,NULL,'13-14',0,1063),(22581,NULL,'13-15',0,1063),(22582,NULL,'13-16',0,1063),(22583,NULL,'13-17',0,1063),(22584,NULL,'13-18',0,1063),(22585,NULL,'13-19',0,1063),(22586,NULL,'13-20',0,1063),(22587,NULL,'14-1',0,1064),(22588,NULL,'14-2',0,1064),(22589,NULL,'14-3',0,1064),(22590,NULL,'14-4',0,1064),(22591,NULL,'14-5',0,1064),(22592,NULL,'14-6',0,1064),(22593,NULL,'14-7',0,1064),(22594,NULL,'14-8',0,1064),(22595,NULL,'14-9',0,1064),(22596,NULL,'14-10',0,1064),(22597,NULL,'14-11',0,1064),(22598,NULL,'14-12',0,1064),(22599,NULL,'14-13',0,1064),(22600,NULL,'14-14',0,1064),(22601,NULL,'14-15',0,1064),(22602,NULL,'14-16',0,1064),(22603,NULL,'14-17',0,1064),(22604,NULL,'14-18',0,1064),(22605,NULL,'14-19',0,1064),(22606,NULL,'14-20',0,1064),(22607,NULL,'15-1',0,1065),(22608,NULL,'15-2',0,1065),(22609,NULL,'15-3',0,1065),(22610,NULL,'15-4',0,1065),(22611,NULL,'15-5',0,1065),(22612,NULL,'15-6',0,1065),(22613,NULL,'15-7',0,1065),(22614,NULL,'15-8',0,1065),(22615,NULL,'15-9',0,1065),(22616,NULL,'15-10',0,1065),(22617,NULL,'15-11',0,1065),(22618,NULL,'15-12',0,1065),(22619,NULL,'15-13',0,1065),(22620,NULL,'15-14',0,1065),(22621,NULL,'15-15',0,1065),(22622,NULL,'15-16',0,1065),(22623,NULL,'15-17',0,1065),(22624,NULL,'15-18',0,1065),(22625,NULL,'15-19',0,1065),(22626,NULL,'15-20',0,1065),(22627,NULL,'16-1',0,1066),(22628,NULL,'16-2',0,1066),(22629,NULL,'16-3',0,1066),(22630,NULL,'16-4',0,1066),(22631,NULL,'16-5',0,1066),(22632,NULL,'16-6',0,1066),(22633,NULL,'16-7',0,1066),(22634,NULL,'16-8',0,1066),(22635,NULL,'16-9',0,1066),(22636,NULL,'16-10',0,1066),(22637,NULL,'16-11',0,1066),(22638,NULL,'16-12',0,1066),(22639,NULL,'16-13',0,1066),(22640,NULL,'16-14',0,1066),(22641,NULL,'16-15',0,1066),(22642,NULL,'16-16',0,1066),(22643,NULL,'16-17',0,1066),(22644,NULL,'16-18',0,1066),(22645,NULL,'16-19',0,1066),(22646,NULL,'16-20',0,1066),(22647,NULL,'17-1',0,1067),(22648,NULL,'17-2',0,1067),(22649,NULL,'17-3',0,1067),(22650,NULL,'17-4',0,1067),(22651,NULL,'17-5',0,1067),(22652,NULL,'17-6',0,1067),(22653,NULL,'17-7',0,1067),(22654,NULL,'17-8',0,1067),(22655,NULL,'17-9',0,1067),(22656,NULL,'17-10',0,1067),(22657,NULL,'17-11',0,1067),(22658,NULL,'17-12',0,1067),(22659,NULL,'17-13',0,1067),(22660,NULL,'17-14',0,1067),(22661,NULL,'17-15',0,1067),(22662,NULL,'17-16',0,1067),(22663,NULL,'17-17',0,1067),(22664,NULL,'17-18',0,1067),(22665,NULL,'17-19',0,1067),(22666,NULL,'17-20',0,1067),(22667,NULL,'18-1',0,1068),(22668,NULL,'18-2',0,1068),(22669,NULL,'18-3',0,1068),(22670,NULL,'18-4',0,1068),(22671,NULL,'18-5',0,1068),(22672,NULL,'18-6',0,1068),(22673,NULL,'18-7',0,1068),(22674,NULL,'18-8',0,1068),(22675,NULL,'18-9',0,1068),(22676,NULL,'18-10',0,1068),(22677,NULL,'18-11',0,1068),(22678,NULL,'18-12',0,1068),(22679,NULL,'18-13',0,1068),(22680,NULL,'18-14',0,1068),(22681,NULL,'18-15',0,1068),(22682,NULL,'18-16',0,1068),(22683,NULL,'18-17',0,1068),(22684,NULL,'18-18',0,1068),(22685,NULL,'18-19',0,1068),(22686,NULL,'18-20',0,1068),(22687,NULL,'A-1',0,1069),(22688,NULL,'A-2',0,1069),(22689,NULL,'A-3',0,1069),(22690,NULL,'A-4',0,1069),(22691,NULL,'A-5',0,1069),(22692,NULL,'A-6',0,1069),(22693,NULL,'A-7',0,1069),(22694,NULL,'A-8',0,1069),(22695,NULL,'A-9',0,1069),(22696,NULL,'A-10',0,1069),(22697,NULL,'A-11',0,1069),(22698,NULL,'A-12',0,1069),(22699,NULL,'A-13',0,1069),(22700,NULL,'A-14',0,1069),(22701,NULL,'A-15',0,1069),(22702,NULL,'A-16',0,1069),(22703,NULL,'A-17',0,1069),(22704,NULL,'A-18',0,1069),(22705,NULL,'A-19',0,1069),(22706,NULL,'A-20',0,1069),(22707,NULL,'B-1',0,1070),(22708,NULL,'B-2',0,1070),(22709,NULL,'B-3',0,1070),(22710,NULL,'B-4',0,1070),(22711,NULL,'B-5',0,1070),(22712,NULL,'B-6',0,1070),(22713,NULL,'B-7',0,1070),(22714,NULL,'B-8',0,1070),(22715,NULL,'B-9',0,1070),(22716,NULL,'B-10',0,1070),(22717,NULL,'B-11',0,1070),(22718,NULL,'B-12',0,1070),(22719,NULL,'B-13',0,1070),(22720,NULL,'B-14',0,1070),(22721,NULL,'B-15',0,1070),(22722,NULL,'B-16',0,1070),(22723,NULL,'B-17',0,1070),(22724,NULL,'B-18',0,1070),(22725,NULL,'B-19',0,1070),(22726,NULL,'B-20',0,1070),(22727,NULL,'C-1',0,1071),(22728,NULL,'C-2',0,1071),(22729,NULL,'C-3',0,1071),(22730,NULL,'C-4',0,1071),(22731,NULL,'C-5',0,1071),(22732,NULL,'C-6',0,1071),(22733,NULL,'C-7',0,1071),(22734,NULL,'C-8',0,1071),(22735,NULL,'C-9',0,1071),(22736,NULL,'C-10',0,1071),(22737,NULL,'C-11',0,1071),(22738,NULL,'C-12',0,1071),(22739,NULL,'C-13',0,1071),(22740,NULL,'C-14',0,1071),(22741,NULL,'C-15',0,1071),(22742,NULL,'C-16',0,1071),(22743,NULL,'C-17',0,1071),(22744,NULL,'C-18',0,1071),(22745,NULL,'C-19',0,1071),(22746,NULL,'C-20',0,1071),(22747,NULL,'D-1',0,1072),(22748,NULL,'D-2',0,1072),(22749,NULL,'D-3',0,1072),(22750,NULL,'D-4',0,1072),(22751,NULL,'D-5',0,1072),(22752,NULL,'D-6',0,1072),(22753,NULL,'D-7',0,1072),(22754,NULL,'D-8',0,1072),(22755,NULL,'D-9',0,1072),(22756,NULL,'D-10',0,1072),(22757,NULL,'D-11',0,1072),(22758,NULL,'D-12',0,1072),(22759,NULL,'D-13',0,1072),(22760,NULL,'D-14',0,1072),(22761,NULL,'D-15',0,1072),(22762,NULL,'D-16',0,1072),(22763,NULL,'D-17',0,1072),(22764,NULL,'D-18',0,1072),(22765,NULL,'D-19',0,1072),(22766,NULL,'D-20',0,1072),(22767,NULL,'E-1',0,1073),(22768,NULL,'E-2',0,1073),(22769,NULL,'E-3',0,1073),(22770,NULL,'E-4',0,1073),(22771,NULL,'E-5',0,1073),(22772,NULL,'E-6',0,1073),(22773,NULL,'E-7',0,1073),(22774,NULL,'E-8',0,1073),(22775,NULL,'E-9',0,1073),(22776,NULL,'E-10',0,1073),(22777,NULL,'E-11',0,1073),(22778,NULL,'E-12',0,1073),(22779,NULL,'E-13',0,1073),(22780,NULL,'E-14',0,1073),(22781,NULL,'E-15',0,1073),(22782,NULL,'E-16',0,1073),(22783,NULL,'E-17',0,1073),(22784,NULL,'E-18',0,1073),(22785,NULL,'E-19',0,1073),(22786,NULL,'E-20',0,1073),(22787,NULL,'F-1',0,1074),(22788,NULL,'F-2',0,1074),(22789,NULL,'F-3',0,1074),(22790,NULL,'F-4',0,1074),(22791,NULL,'F-5',0,1074),(22792,NULL,'F-6',0,1074),(22793,NULL,'F-7',0,1074),(22794,NULL,'F-8',0,1074),(22795,NULL,'F-9',0,1074),(22796,NULL,'F-10',0,1074),(22797,NULL,'F-11',0,1074),(22798,NULL,'F-12',0,1074),(22799,NULL,'F-13',0,1074),(22800,NULL,'F-14',0,1074),(22801,NULL,'F-15',0,1074),(22802,NULL,'F-16',0,1074),(22803,NULL,'F-17',0,1074),(22804,NULL,'F-18',0,1074),(22805,NULL,'F-19',0,1074),(22806,NULL,'F-20',0,1074),(22807,NULL,'G-1',0,1075),(22808,NULL,'G-2',0,1075),(22809,NULL,'G-3',0,1075),(22810,NULL,'G-4',0,1075),(22811,NULL,'G-5',0,1075),(22812,NULL,'G-6',0,1075),(22813,NULL,'G-7',0,1075),(22814,NULL,'G-8',0,1075),(22815,NULL,'G-9',0,1075),(22816,NULL,'G-10',0,1075),(22817,NULL,'G-11',0,1075),(22818,NULL,'G-12',0,1075),(22819,NULL,'G-13',0,1075),(22820,NULL,'G-14',0,1075),(22821,NULL,'G-15',0,1075),(22822,NULL,'G-16',0,1075),(22823,NULL,'G-17',0,1075),(22824,NULL,'G-18',0,1075),(22825,NULL,'G-19',0,1075),(22826,NULL,'G-20',0,1075),(22827,NULL,'H-1',0,1076),(22828,NULL,'H-2',0,1076),(22829,NULL,'H-3',0,1076),(22830,NULL,'H-4',0,1076),(22831,NULL,'H-5',0,1076),(22832,NULL,'H-6',0,1076),(22833,NULL,'H-7',0,1076),(22834,NULL,'H-8',0,1076),(22835,NULL,'H-9',0,1076),(22836,NULL,'H-10',0,1076),(22837,NULL,'H-11',0,1076),(22838,NULL,'H-12',0,1076),(22839,NULL,'H-13',0,1076),(22840,NULL,'H-14',0,1076),(22841,NULL,'H-15',0,1076),(22842,NULL,'H-16',0,1076),(22843,NULL,'H-17',0,1076),(22844,NULL,'H-18',0,1076),(22845,NULL,'H-19',0,1076),(22846,NULL,'H-20',0,1076),(22847,NULL,'1-1',0,1077),(22848,NULL,'1-2',0,1077),(22849,NULL,'1-3',0,1077),(22850,NULL,'1-4',0,1077),(22851,NULL,'1-5',0,1077),(22852,NULL,'1-6',0,1077),(22853,NULL,'1-7',0,1077),(22854,NULL,'1-8',0,1077),(22855,NULL,'1-9',0,1077),(22856,NULL,'1-10',0,1077),(22857,NULL,'1-11',0,1077),(22858,NULL,'1-12',0,1077),(22859,NULL,'1-13',0,1077),(22860,NULL,'1-14',0,1077),(22861,NULL,'1-15',0,1077),(22862,NULL,'1-16',0,1077),(22863,NULL,'1-17',0,1077),(22864,NULL,'1-18',0,1077),(22865,NULL,'1-19',0,1077),(22866,NULL,'1-20',0,1077),(22867,NULL,'2-1',0,1078),(22868,NULL,'2-2',0,1078),(22869,NULL,'2-3',0,1078),(22870,NULL,'2-4',0,1078),(22871,NULL,'2-5',0,1078),(22872,NULL,'2-6',0,1078),(22873,NULL,'2-7',0,1078),(22874,NULL,'2-8',0,1078),(22875,NULL,'2-9',0,1078),(22876,NULL,'2-10',0,1078),(22877,NULL,'2-11',0,1078),(22878,NULL,'2-12',0,1078),(22879,NULL,'2-13',0,1078),(22880,NULL,'2-14',0,1078),(22881,NULL,'2-15',0,1078),(22882,NULL,'2-16',0,1078),(22883,NULL,'2-17',0,1078),(22884,NULL,'2-18',0,1078),(22885,NULL,'2-19',0,1078),(22886,NULL,'2-20',0,1078),(22887,NULL,'3-1',0,1079),(22888,NULL,'3-2',0,1079),(22889,NULL,'3-3',0,1079),(22890,NULL,'3-4',0,1079),(22891,NULL,'3-5',0,1079),(22892,NULL,'3-6',0,1079),(22893,NULL,'3-7',0,1079),(22894,NULL,'3-8',0,1079),(22895,NULL,'3-9',0,1079),(22896,NULL,'3-10',0,1079),(22897,NULL,'3-11',0,1079),(22898,NULL,'3-12',0,1079),(22899,NULL,'3-13',0,1079),(22900,NULL,'3-14',0,1079),(22901,NULL,'3-15',0,1079),(22902,NULL,'3-16',0,1079),(22903,NULL,'3-17',0,1079),(22904,NULL,'3-18',0,1079),(22905,NULL,'3-19',0,1079),(22906,NULL,'3-20',0,1079),(22907,NULL,'4-1',0,1080),(22908,NULL,'4-2',0,1080),(22909,NULL,'4-3',0,1080),(22910,NULL,'4-4',0,1080),(22911,NULL,'4-5',0,1080),(22912,NULL,'4-6',0,1080),(22913,NULL,'4-7',0,1080),(22914,NULL,'4-8',0,1080),(22915,NULL,'4-9',0,1080),(22916,NULL,'4-10',0,1080),(22917,NULL,'4-11',0,1080),(22918,NULL,'4-12',0,1080),(22919,NULL,'4-13',0,1080),(22920,NULL,'4-14',0,1080),(22921,NULL,'4-15',0,1080),(22922,NULL,'4-16',0,1080),(22923,NULL,'4-17',0,1080),(22924,NULL,'4-18',0,1080),(22925,NULL,'4-19',0,1080),(22926,NULL,'4-20',0,1080),(22927,NULL,'5-1',0,1081),(22928,NULL,'5-2',0,1081),(22929,NULL,'5-3',0,1081),(22930,NULL,'5-4',0,1081),(22931,NULL,'5-5',0,1081),(22932,NULL,'5-6',0,1081),(22933,NULL,'5-7',0,1081),(22934,NULL,'5-8',0,1081),(22935,NULL,'5-9',0,1081),(22936,NULL,'5-10',0,1081),(22937,NULL,'5-11',0,1081),(22938,NULL,'5-12',0,1081),(22939,NULL,'5-13',0,1081),(22940,NULL,'5-14',0,1081),(22941,NULL,'5-15',0,1081),(22942,NULL,'5-16',0,1081),(22943,NULL,'5-17',0,1081),(22944,NULL,'5-18',0,1081),(22945,NULL,'5-19',0,1081),(22946,NULL,'5-20',0,1081),(22947,NULL,'6-1',0,1082),(22948,NULL,'6-2',0,1082),(22949,NULL,'6-3',0,1082),(22950,NULL,'6-4',0,1082),(22951,NULL,'6-5',0,1082),(22952,NULL,'6-6',0,1082),(22953,NULL,'6-7',0,1082),(22954,NULL,'6-8',0,1082),(22955,NULL,'6-9',0,1082),(22956,NULL,'6-10',0,1082),(22957,NULL,'6-11',0,1082),(22958,NULL,'6-12',0,1082),(22959,NULL,'6-13',0,1082),(22960,NULL,'6-14',0,1082),(22961,NULL,'6-15',0,1082),(22962,NULL,'6-16',0,1082),(22963,NULL,'6-17',0,1082),(22964,NULL,'6-18',0,1082),(22965,NULL,'6-19',0,1082),(22966,NULL,'6-20',0,1082),(22967,NULL,'7-1',0,1083),(22968,NULL,'7-2',0,1083),(22969,NULL,'7-3',0,1083),(22970,NULL,'7-4',0,1083),(22971,NULL,'7-5',0,1083),(22972,NULL,'7-6',0,1083),(22973,NULL,'7-7',0,1083),(22974,NULL,'7-8',0,1083),(22975,NULL,'7-9',0,1083),(22976,NULL,'7-10',0,1083),(22977,NULL,'7-11',0,1083),(22978,NULL,'7-12',0,1083),(22979,NULL,'7-13',0,1083),(22980,NULL,'7-14',0,1083),(22981,NULL,'7-15',0,1083),(22982,NULL,'7-16',0,1083),(22983,NULL,'7-17',0,1083),(22984,NULL,'7-18',0,1083),(22985,NULL,'7-19',0,1083),(22986,NULL,'7-20',0,1083),(22987,NULL,'8-1',0,1084),(22988,NULL,'8-2',0,1084),(22989,NULL,'8-3',0,1084),(22990,NULL,'8-4',0,1084),(22991,NULL,'8-5',0,1084),(22992,NULL,'8-6',0,1084),(22993,NULL,'8-7',0,1084),(22994,NULL,'8-8',0,1084),(22995,NULL,'8-9',0,1084),(22996,NULL,'8-10',0,1084),(22997,NULL,'8-11',0,1084),(22998,NULL,'8-12',0,1084),(22999,NULL,'8-13',0,1084),(23000,NULL,'8-14',0,1084),(23001,NULL,'8-15',0,1084),(23002,NULL,'8-16',0,1084),(23003,NULL,'8-17',0,1084),(23004,NULL,'8-18',0,1084),(23005,NULL,'8-19',0,1084),(23006,NULL,'8-20',0,1084),(23007,NULL,'9-1',0,1085),(23008,NULL,'9-2',0,1085),(23009,NULL,'9-3',0,1085),(23010,NULL,'9-4',0,1085),(23011,NULL,'9-5',0,1085),(23012,NULL,'9-6',0,1085),(23013,NULL,'9-7',0,1085),(23014,NULL,'9-8',0,1085),(23015,NULL,'9-9',0,1085),(23016,NULL,'9-10',0,1085),(23017,NULL,'9-11',0,1085),(23018,NULL,'9-12',0,1085),(23019,NULL,'9-13',0,1085),(23020,NULL,'9-14',0,1085),(23021,NULL,'9-15',0,1085),(23022,NULL,'9-16',0,1085),(23023,NULL,'9-17',0,1085),(23024,NULL,'9-18',0,1085),(23025,NULL,'9-19',0,1085),(23026,NULL,'9-20',0,1085),(23027,NULL,'10-1',0,1086),(23028,NULL,'10-2',0,1086),(23029,NULL,'10-3',0,1086),(23030,NULL,'10-4',0,1086),(23031,NULL,'10-5',0,1086),(23032,NULL,'10-6',0,1086),(23033,NULL,'10-7',0,1086),(23034,NULL,'10-8',0,1086),(23035,NULL,'10-9',0,1086),(23036,NULL,'10-10',0,1086),(23037,NULL,'10-11',0,1086),(23038,NULL,'10-12',0,1086),(23039,NULL,'10-13',0,1086),(23040,NULL,'10-14',0,1086),(23041,NULL,'10-15',0,1086),(23042,NULL,'10-16',0,1086),(23043,NULL,'10-17',0,1086),(23044,NULL,'10-18',0,1086),(23045,NULL,'10-19',0,1086),(23046,NULL,'10-20',0,1086),(23047,NULL,'11-1',0,1087),(23048,NULL,'11-2',0,1087),(23049,NULL,'11-3',0,1087),(23050,NULL,'11-4',0,1087),(23051,NULL,'11-5',0,1087),(23052,NULL,'11-6',0,1087),(23053,NULL,'11-7',0,1087),(23054,NULL,'11-8',0,1087),(23055,NULL,'11-9',0,1087),(23056,NULL,'11-10',0,1087),(23057,NULL,'11-11',0,1087),(23058,NULL,'11-12',0,1087),(23059,NULL,'11-13',0,1087),(23060,NULL,'11-14',0,1087),(23061,NULL,'11-15',0,1087),(23062,NULL,'11-16',0,1087),(23063,NULL,'11-17',0,1087),(23064,NULL,'11-18',0,1087),(23065,NULL,'11-19',0,1087),(23066,NULL,'11-20',0,1087),(23067,NULL,'12-1',0,1088),(23068,NULL,'12-2',0,1088),(23069,NULL,'12-3',0,1088),(23070,NULL,'12-4',0,1088),(23071,NULL,'12-5',0,1088),(23072,NULL,'12-6',0,1088),(23073,NULL,'12-7',0,1088),(23074,NULL,'12-8',0,1088),(23075,NULL,'12-9',0,1088),(23076,NULL,'12-10',0,1088),(23077,NULL,'12-11',0,1088),(23078,NULL,'12-12',0,1088),(23079,NULL,'12-13',0,1088),(23080,NULL,'12-14',0,1088),(23081,NULL,'12-15',0,1088),(23082,NULL,'12-16',0,1088),(23083,NULL,'12-17',0,1088),(23084,NULL,'12-18',0,1088),(23085,NULL,'12-19',0,1088),(23086,NULL,'12-20',0,1088),(23087,NULL,'13-1',0,1089),(23088,NULL,'13-2',0,1089),(23089,NULL,'13-3',0,1089),(23090,NULL,'13-4',0,1089),(23091,NULL,'13-5',0,1089),(23092,NULL,'13-6',0,1089),(23093,NULL,'13-7',0,1089),(23094,NULL,'13-8',0,1089),(23095,NULL,'13-9',0,1089),(23096,NULL,'13-10',0,1089),(23097,NULL,'13-11',0,1089),(23098,NULL,'13-12',0,1089),(23099,NULL,'13-13',0,1089),(23100,NULL,'13-14',0,1089),(23101,NULL,'13-15',0,1089),(23102,NULL,'13-16',0,1089),(23103,NULL,'13-17',0,1089),(23104,NULL,'13-18',0,1089),(23105,NULL,'13-19',0,1089),(23106,NULL,'13-20',0,1089),(23107,NULL,'14-1',0,1090),(23108,NULL,'14-2',0,1090),(23109,NULL,'14-3',0,1090),(23110,NULL,'14-4',0,1090),(23111,NULL,'14-5',0,1090),(23112,NULL,'14-6',0,1090),(23113,NULL,'14-7',0,1090),(23114,NULL,'14-8',0,1090),(23115,NULL,'14-9',0,1090),(23116,NULL,'14-10',0,1090),(23117,NULL,'14-11',0,1090),(23118,NULL,'14-12',0,1090),(23119,NULL,'14-13',0,1090),(23120,NULL,'14-14',0,1090),(23121,NULL,'14-15',0,1090),(23122,NULL,'14-16',0,1090),(23123,NULL,'14-17',0,1090),(23124,NULL,'14-18',0,1090),(23125,NULL,'14-19',0,1090),(23126,NULL,'14-20',0,1090),(23127,NULL,'15-1',0,1091),(23128,NULL,'15-2',0,1091),(23129,NULL,'15-3',0,1091),(23130,NULL,'15-4',0,1091),(23131,NULL,'15-5',0,1091),(23132,NULL,'15-6',0,1091),(23133,NULL,'15-7',0,1091),(23134,NULL,'15-8',0,1091),(23135,NULL,'15-9',0,1091),(23136,NULL,'15-10',0,1091),(23137,NULL,'15-11',0,1091),(23138,NULL,'15-12',0,1091),(23139,NULL,'15-13',0,1091),(23140,NULL,'15-14',0,1091),(23141,NULL,'15-15',0,1091),(23142,NULL,'15-16',0,1091),(23143,NULL,'15-17',0,1091),(23144,NULL,'15-18',0,1091),(23145,NULL,'15-19',0,1091),(23146,NULL,'15-20',0,1091),(23147,NULL,'16-1',0,1092),(23148,NULL,'16-2',0,1092),(23149,NULL,'16-3',0,1092),(23150,NULL,'16-4',0,1092),(23151,NULL,'16-5',0,1092),(23152,NULL,'16-6',0,1092),(23153,NULL,'16-7',0,1092),(23154,NULL,'16-8',0,1092),(23155,NULL,'16-9',0,1092),(23156,NULL,'16-10',0,1092),(23157,NULL,'16-11',0,1092),(23158,NULL,'16-12',0,1092),(23159,NULL,'16-13',0,1092),(23160,NULL,'16-14',0,1092),(23161,NULL,'16-15',0,1092),(23162,NULL,'16-16',0,1092),(23163,NULL,'16-17',0,1092),(23164,NULL,'16-18',0,1092),(23165,NULL,'16-19',0,1092),(23166,NULL,'16-20',0,1092),(23167,NULL,'17-1',0,1093),(23168,NULL,'17-2',0,1093),(23169,NULL,'17-3',0,1093),(23170,NULL,'17-4',0,1093),(23171,NULL,'17-5',0,1093),(23172,NULL,'17-6',0,1093),(23173,NULL,'17-7',0,1093),(23174,NULL,'17-8',0,1093),(23175,NULL,'17-9',0,1093),(23176,NULL,'17-10',0,1093),(23177,NULL,'17-11',0,1093),(23178,NULL,'17-12',0,1093),(23179,NULL,'17-13',0,1093),(23180,NULL,'17-14',0,1093),(23181,NULL,'17-15',0,1093),(23182,NULL,'17-16',0,1093),(23183,NULL,'17-17',0,1093),(23184,NULL,'17-18',0,1093),(23185,NULL,'17-19',0,1093),(23186,NULL,'17-20',0,1093),(23187,NULL,'18-1',0,1094),(23188,NULL,'18-2',0,1094),(23189,NULL,'18-3',0,1094),(23190,NULL,'18-4',0,1094),(23191,NULL,'18-5',0,1094),(23192,NULL,'18-6',0,1094),(23193,NULL,'18-7',0,1094),(23194,NULL,'18-8',0,1094),(23195,NULL,'18-9',0,1094),(23196,NULL,'18-10',0,1094),(23197,NULL,'18-11',0,1094),(23198,NULL,'18-12',0,1094),(23199,NULL,'18-13',0,1094),(23200,NULL,'18-14',0,1094),(23201,NULL,'18-15',0,1094),(23202,NULL,'18-16',0,1094),(23203,NULL,'18-17',0,1094),(23204,NULL,'18-18',0,1094),(23205,NULL,'18-19',0,1094),(23206,NULL,'18-20',0,1094),(23207,NULL,'A-1',0,1095),(23208,NULL,'A-2',0,1095),(23209,NULL,'A-3',0,1095),(23210,NULL,'A-4',0,1095),(23211,NULL,'A-5',0,1095),(23212,NULL,'A-6',0,1095),(23213,NULL,'A-7',0,1095),(23214,NULL,'A-8',0,1095),(23215,NULL,'A-9',0,1095),(23216,NULL,'A-10',0,1095),(23217,NULL,'A-11',0,1095),(23218,NULL,'A-12',0,1095),(23219,NULL,'A-13',0,1095),(23220,NULL,'A-14',0,1095),(23221,NULL,'A-15',0,1095),(23222,NULL,'A-16',0,1095),(23223,NULL,'A-17',0,1095),(23224,NULL,'A-18',0,1095),(23225,NULL,'A-19',0,1095),(23226,NULL,'A-20',0,1095),(23227,NULL,'B-1',0,1096),(23228,NULL,'B-2',0,1096),(23229,NULL,'B-3',0,1096),(23230,NULL,'B-4',0,1096),(23231,NULL,'B-5',0,1096),(23232,NULL,'B-6',0,1096),(23233,NULL,'B-7',0,1096),(23234,NULL,'B-8',0,1096),(23235,NULL,'B-9',0,1096),(23236,NULL,'B-10',0,1096),(23237,NULL,'B-11',0,1096),(23238,NULL,'B-12',0,1096),(23239,NULL,'B-13',0,1096),(23240,NULL,'B-14',0,1096),(23241,NULL,'B-15',0,1096),(23242,NULL,'B-16',0,1096),(23243,NULL,'B-17',0,1096),(23244,NULL,'B-18',0,1096),(23245,NULL,'B-19',0,1096),(23246,NULL,'B-20',0,1096),(23247,NULL,'C-1',0,1097),(23248,NULL,'C-2',0,1097),(23249,NULL,'C-3',0,1097),(23250,NULL,'C-4',0,1097),(23251,NULL,'C-5',0,1097),(23252,NULL,'C-6',0,1097),(23253,NULL,'C-7',0,1097),(23254,NULL,'C-8',0,1097),(23255,NULL,'C-9',0,1097),(23256,NULL,'C-10',0,1097),(23257,NULL,'C-11',0,1097),(23258,NULL,'C-12',0,1097),(23259,NULL,'C-13',0,1097),(23260,NULL,'C-14',0,1097),(23261,NULL,'C-15',0,1097),(23262,NULL,'C-16',0,1097),(23263,NULL,'C-17',0,1097),(23264,NULL,'C-18',0,1097),(23265,NULL,'C-19',0,1097),(23266,NULL,'C-20',0,1097),(23267,NULL,'D-1',0,1098),(23268,NULL,'D-2',0,1098),(23269,NULL,'D-3',0,1098),(23270,NULL,'D-4',0,1098),(23271,NULL,'D-5',0,1098),(23272,NULL,'D-6',0,1098),(23273,NULL,'D-7',0,1098),(23274,NULL,'D-8',0,1098),(23275,NULL,'D-9',0,1098),(23276,NULL,'D-10',0,1098),(23277,NULL,'D-11',0,1098),(23278,NULL,'D-12',0,1098),(23279,NULL,'D-13',0,1098),(23280,NULL,'D-14',0,1098),(23281,NULL,'D-15',0,1098),(23282,NULL,'D-16',0,1098),(23283,NULL,'D-17',0,1098),(23284,NULL,'D-18',0,1098),(23285,NULL,'D-19',0,1098),(23286,NULL,'D-20',0,1098),(23287,NULL,'E-1',0,1099),(23288,NULL,'E-2',0,1099),(23289,NULL,'E-3',0,1099),(23290,NULL,'E-4',0,1099),(23291,NULL,'E-5',0,1099),(23292,NULL,'E-6',0,1099),(23293,NULL,'E-7',0,1099),(23294,NULL,'E-8',0,1099),(23295,NULL,'E-9',0,1099),(23296,NULL,'E-10',0,1099),(23297,NULL,'E-11',0,1099),(23298,NULL,'E-12',0,1099),(23299,NULL,'E-13',0,1099),(23300,NULL,'E-14',0,1099),(23301,NULL,'E-15',0,1099),(23302,NULL,'E-16',0,1099),(23303,NULL,'E-17',0,1099),(23304,NULL,'E-18',0,1099),(23305,NULL,'E-19',0,1099),(23306,NULL,'E-20',0,1099),(23307,NULL,'F-1',0,1100),(23308,NULL,'F-2',0,1100),(23309,NULL,'F-3',0,1100),(23310,NULL,'F-4',0,1100),(23311,NULL,'F-5',0,1100),(23312,NULL,'F-6',0,1100),(23313,NULL,'F-7',0,1100),(23314,NULL,'F-8',0,1100),(23315,NULL,'F-9',0,1100),(23316,NULL,'F-10',0,1100),(23317,NULL,'F-11',0,1100),(23318,NULL,'F-12',0,1100),(23319,NULL,'F-13',0,1100),(23320,NULL,'F-14',0,1100),(23321,NULL,'F-15',0,1100),(23322,NULL,'F-16',0,1100),(23323,NULL,'F-17',0,1100),(23324,NULL,'F-18',0,1100),(23325,NULL,'F-19',0,1100),(23326,NULL,'F-20',0,1100),(23327,NULL,'G-1',0,1101),(23328,NULL,'G-2',0,1101),(23329,NULL,'G-3',0,1101),(23330,NULL,'G-4',0,1101),(23331,NULL,'G-5',0,1101),(23332,NULL,'G-6',0,1101),(23333,NULL,'G-7',0,1101),(23334,NULL,'G-8',0,1101),(23335,NULL,'G-9',0,1101),(23336,NULL,'G-10',0,1101),(23337,NULL,'G-11',0,1101),(23338,NULL,'G-12',0,1101),(23339,NULL,'G-13',0,1101),(23340,NULL,'G-14',0,1101),(23341,NULL,'G-15',0,1101),(23342,NULL,'G-16',0,1101),(23343,NULL,'G-17',0,1101),(23344,NULL,'G-18',0,1101),(23345,NULL,'G-19',0,1101),(23346,NULL,'G-20',0,1101),(23347,NULL,'H-1',0,1102),(23348,NULL,'H-2',0,1102),(23349,NULL,'H-3',0,1102),(23350,NULL,'H-4',0,1102),(23351,NULL,'H-5',0,1102),(23352,NULL,'H-6',0,1102),(23353,NULL,'H-7',0,1102),(23354,NULL,'H-8',0,1102),(23355,NULL,'H-9',0,1102),(23356,NULL,'H-10',0,1102),(23357,NULL,'H-11',0,1102),(23358,NULL,'H-12',0,1102),(23359,NULL,'H-13',0,1102),(23360,NULL,'H-14',0,1102),(23361,NULL,'H-15',0,1102),(23362,NULL,'H-16',0,1102),(23363,NULL,'H-17',0,1102),(23364,NULL,'H-18',0,1102),(23365,NULL,'H-19',0,1102),(23366,NULL,'H-20',0,1102),(23367,NULL,'1-1',0,1103),(23368,NULL,'1-2',0,1103),(23369,NULL,'1-3',0,1103),(23370,NULL,'1-4',0,1103),(23371,NULL,'1-5',0,1103),(23372,NULL,'1-6',0,1103),(23373,NULL,'1-7',0,1103),(23374,NULL,'1-8',0,1103),(23375,NULL,'1-9',0,1103),(23376,NULL,'1-10',0,1103),(23377,NULL,'1-11',0,1103),(23378,NULL,'1-12',0,1103),(23379,NULL,'1-13',0,1103),(23380,NULL,'1-14',0,1103),(23381,NULL,'1-15',0,1103),(23382,NULL,'1-16',0,1103),(23383,NULL,'1-17',0,1103),(23384,NULL,'1-18',0,1103),(23385,NULL,'1-19',0,1103),(23386,NULL,'1-20',0,1103),(23387,NULL,'2-1',0,1104),(23388,NULL,'2-2',0,1104),(23389,NULL,'2-3',0,1104),(23390,NULL,'2-4',0,1104),(23391,NULL,'2-5',0,1104),(23392,NULL,'2-6',0,1104),(23393,NULL,'2-7',0,1104),(23394,NULL,'2-8',0,1104),(23395,NULL,'2-9',0,1104),(23396,NULL,'2-10',0,1104),(23397,NULL,'2-11',0,1104),(23398,NULL,'2-12',0,1104),(23399,NULL,'2-13',0,1104),(23400,NULL,'2-14',0,1104),(23401,NULL,'2-15',0,1104),(23402,NULL,'2-16',0,1104),(23403,NULL,'2-17',0,1104),(23404,NULL,'2-18',0,1104),(23405,NULL,'2-19',0,1104),(23406,NULL,'2-20',0,1104),(23407,NULL,'3-1',0,1105),(23408,NULL,'3-2',0,1105),(23409,NULL,'3-3',0,1105),(23410,NULL,'3-4',0,1105),(23411,NULL,'3-5',0,1105),(23412,NULL,'3-6',0,1105),(23413,NULL,'3-7',0,1105),(23414,NULL,'3-8',0,1105),(23415,NULL,'3-9',0,1105),(23416,NULL,'3-10',0,1105),(23417,NULL,'3-11',0,1105),(23418,NULL,'3-12',0,1105),(23419,NULL,'3-13',0,1105),(23420,NULL,'3-14',0,1105),(23421,NULL,'3-15',0,1105),(23422,NULL,'3-16',0,1105),(23423,NULL,'3-17',0,1105),(23424,NULL,'3-18',0,1105),(23425,NULL,'3-19',0,1105),(23426,NULL,'3-20',0,1105),(23427,NULL,'4-1',0,1106),(23428,NULL,'4-2',0,1106),(23429,NULL,'4-3',0,1106),(23430,NULL,'4-4',0,1106),(23431,NULL,'4-5',0,1106),(23432,NULL,'4-6',0,1106),(23433,NULL,'4-7',0,1106),(23434,NULL,'4-8',0,1106),(23435,NULL,'4-9',0,1106),(23436,NULL,'4-10',0,1106),(23437,NULL,'4-11',0,1106),(23438,NULL,'4-12',0,1106),(23439,NULL,'4-13',0,1106),(23440,NULL,'4-14',0,1106),(23441,NULL,'4-15',0,1106),(23442,NULL,'4-16',0,1106),(23443,NULL,'4-17',0,1106),(23444,NULL,'4-18',0,1106),(23445,NULL,'4-19',0,1106),(23446,NULL,'4-20',0,1106),(23447,NULL,'5-1',0,1107),(23448,NULL,'5-2',0,1107),(23449,NULL,'5-3',0,1107),(23450,NULL,'5-4',0,1107),(23451,NULL,'5-5',0,1107),(23452,NULL,'5-6',0,1107),(23453,NULL,'5-7',0,1107),(23454,NULL,'5-8',0,1107),(23455,NULL,'5-9',0,1107),(23456,NULL,'5-10',0,1107),(23457,NULL,'5-11',0,1107),(23458,NULL,'5-12',0,1107),(23459,NULL,'5-13',0,1107),(23460,NULL,'5-14',0,1107),(23461,NULL,'5-15',0,1107),(23462,NULL,'5-16',0,1107),(23463,NULL,'5-17',0,1107),(23464,NULL,'5-18',0,1107),(23465,NULL,'5-19',0,1107),(23466,NULL,'5-20',0,1107),(23467,NULL,'6-1',0,1108),(23468,NULL,'6-2',0,1108),(23469,NULL,'6-3',0,1108),(23470,NULL,'6-4',0,1108),(23471,NULL,'6-5',0,1108),(23472,NULL,'6-6',0,1108),(23473,NULL,'6-7',0,1108),(23474,NULL,'6-8',0,1108),(23475,NULL,'6-9',0,1108),(23476,NULL,'6-10',0,1108),(23477,NULL,'6-11',0,1108),(23478,NULL,'6-12',0,1108),(23479,NULL,'6-13',0,1108),(23480,NULL,'6-14',0,1108),(23481,NULL,'6-15',0,1108),(23482,NULL,'6-16',0,1108),(23483,NULL,'6-17',0,1108),(23484,NULL,'6-18',0,1108),(23485,NULL,'6-19',0,1108),(23486,NULL,'6-20',0,1108),(23487,NULL,'7-1',0,1109),(23488,NULL,'7-2',0,1109),(23489,NULL,'7-3',0,1109),(23490,NULL,'7-4',0,1109),(23491,NULL,'7-5',0,1109),(23492,NULL,'7-6',0,1109),(23493,NULL,'7-7',0,1109),(23494,NULL,'7-8',0,1109),(23495,NULL,'7-9',0,1109),(23496,NULL,'7-10',0,1109),(23497,NULL,'7-11',0,1109),(23498,NULL,'7-12',0,1109),(23499,NULL,'7-13',0,1109),(23500,NULL,'7-14',0,1109),(23501,NULL,'7-15',0,1109),(23502,NULL,'7-16',0,1109),(23503,NULL,'7-17',0,1109),(23504,NULL,'7-18',0,1109),(23505,NULL,'7-19',0,1109),(23506,NULL,'7-20',0,1109),(23507,NULL,'8-1',0,1110),(23508,NULL,'8-2',0,1110),(23509,NULL,'8-3',0,1110),(23510,NULL,'8-4',0,1110),(23511,NULL,'8-5',0,1110),(23512,NULL,'8-6',0,1110),(23513,NULL,'8-7',0,1110),(23514,NULL,'8-8',0,1110),(23515,NULL,'8-9',0,1110),(23516,NULL,'8-10',0,1110),(23517,NULL,'8-11',0,1110),(23518,NULL,'8-12',0,1110),(23519,NULL,'8-13',0,1110),(23520,NULL,'8-14',0,1110),(23521,NULL,'8-15',0,1110),(23522,NULL,'8-16',0,1110),(23523,NULL,'8-17',0,1110),(23524,NULL,'8-18',0,1110),(23525,NULL,'8-19',0,1110),(23526,NULL,'8-20',0,1110),(23527,NULL,'9-1',0,1111),(23528,NULL,'9-2',0,1111),(23529,NULL,'9-3',0,1111),(23530,NULL,'9-4',0,1111),(23531,NULL,'9-5',0,1111),(23532,NULL,'9-6',0,1111),(23533,NULL,'9-7',0,1111),(23534,NULL,'9-8',0,1111),(23535,NULL,'9-9',0,1111),(23536,NULL,'9-10',0,1111),(23537,NULL,'9-11',0,1111),(23538,NULL,'9-12',0,1111),(23539,NULL,'9-13',0,1111),(23540,NULL,'9-14',0,1111),(23541,NULL,'9-15',0,1111),(23542,NULL,'9-16',0,1111),(23543,NULL,'9-17',0,1111),(23544,NULL,'9-18',0,1111),(23545,NULL,'9-19',0,1111),(23546,NULL,'9-20',0,1111),(23547,NULL,'10-1',0,1112),(23548,NULL,'10-2',0,1112),(23549,NULL,'10-3',0,1112),(23550,NULL,'10-4',0,1112),(23551,NULL,'10-5',0,1112),(23552,NULL,'10-6',0,1112),(23553,NULL,'10-7',0,1112),(23554,NULL,'10-8',0,1112),(23555,NULL,'10-9',0,1112),(23556,NULL,'10-10',0,1112),(23557,NULL,'10-11',0,1112),(23558,NULL,'10-12',0,1112),(23559,NULL,'10-13',0,1112),(23560,NULL,'10-14',0,1112),(23561,NULL,'10-15',0,1112),(23562,NULL,'10-16',0,1112),(23563,NULL,'10-17',0,1112),(23564,NULL,'10-18',0,1112),(23565,NULL,'10-19',0,1112),(23566,NULL,'10-20',0,1112),(23567,NULL,'11-1',0,1113),(23568,NULL,'11-2',0,1113),(23569,NULL,'11-3',0,1113),(23570,NULL,'11-4',0,1113),(23571,NULL,'11-5',0,1113),(23572,NULL,'11-6',0,1113),(23573,NULL,'11-7',0,1113),(23574,NULL,'11-8',0,1113),(23575,NULL,'11-9',0,1113),(23576,NULL,'11-10',0,1113),(23577,NULL,'11-11',0,1113),(23578,NULL,'11-12',0,1113),(23579,NULL,'11-13',0,1113),(23580,NULL,'11-14',0,1113),(23581,NULL,'11-15',0,1113),(23582,NULL,'11-16',0,1113),(23583,NULL,'11-17',0,1113),(23584,NULL,'11-18',0,1113),(23585,NULL,'11-19',0,1113),(23586,NULL,'11-20',0,1113),(23587,NULL,'12-1',0,1114),(23588,NULL,'12-2',0,1114),(23589,NULL,'12-3',0,1114),(23590,NULL,'12-4',0,1114),(23591,NULL,'12-5',0,1114),(23592,NULL,'12-6',0,1114),(23593,NULL,'12-7',0,1114),(23594,NULL,'12-8',0,1114),(23595,NULL,'12-9',0,1114),(23596,NULL,'12-10',0,1114),(23597,NULL,'12-11',0,1114),(23598,NULL,'12-12',0,1114),(23599,NULL,'12-13',0,1114),(23600,NULL,'12-14',0,1114),(23601,NULL,'12-15',0,1114),(23602,NULL,'12-16',0,1114),(23603,NULL,'12-17',0,1114),(23604,NULL,'12-18',0,1114),(23605,NULL,'12-19',0,1114),(23606,NULL,'12-20',0,1114),(23607,NULL,'13-1',0,1115),(23608,NULL,'13-2',0,1115),(23609,NULL,'13-3',0,1115),(23610,NULL,'13-4',0,1115),(23611,NULL,'13-5',0,1115),(23612,NULL,'13-6',0,1115),(23613,NULL,'13-7',0,1115),(23614,NULL,'13-8',0,1115),(23615,NULL,'13-9',0,1115),(23616,NULL,'13-10',0,1115),(23617,NULL,'13-11',0,1115),(23618,NULL,'13-12',0,1115),(23619,NULL,'13-13',0,1115),(23620,NULL,'13-14',0,1115),(23621,NULL,'13-15',0,1115),(23622,NULL,'13-16',0,1115),(23623,NULL,'13-17',0,1115),(23624,NULL,'13-18',0,1115),(23625,NULL,'13-19',0,1115),(23626,NULL,'13-20',0,1115),(23627,NULL,'14-1',0,1116),(23628,NULL,'14-2',0,1116),(23629,NULL,'14-3',0,1116),(23630,NULL,'14-4',0,1116),(23631,NULL,'14-5',0,1116),(23632,NULL,'14-6',0,1116),(23633,NULL,'14-7',0,1116),(23634,NULL,'14-8',0,1116),(23635,NULL,'14-9',0,1116),(23636,NULL,'14-10',0,1116),(23637,NULL,'14-11',0,1116),(23638,NULL,'14-12',0,1116),(23639,NULL,'14-13',0,1116),(23640,NULL,'14-14',0,1116),(23641,NULL,'14-15',0,1116),(23642,NULL,'14-16',0,1116),(23643,NULL,'14-17',0,1116),(23644,NULL,'14-18',0,1116),(23645,NULL,'14-19',0,1116),(23646,NULL,'14-20',0,1116),(23647,NULL,'15-1',0,1117),(23648,NULL,'15-2',0,1117),(23649,NULL,'15-3',0,1117),(23650,NULL,'15-4',0,1117),(23651,NULL,'15-5',0,1117),(23652,NULL,'15-6',0,1117),(23653,NULL,'15-7',0,1117),(23654,NULL,'15-8',0,1117),(23655,NULL,'15-9',0,1117),(23656,NULL,'15-10',0,1117),(23657,NULL,'15-11',0,1117),(23658,NULL,'15-12',0,1117),(23659,NULL,'15-13',0,1117),(23660,NULL,'15-14',0,1117),(23661,NULL,'15-15',0,1117),(23662,NULL,'15-16',0,1117),(23663,NULL,'15-17',0,1117),(23664,NULL,'15-18',0,1117),(23665,NULL,'15-19',0,1117),(23666,NULL,'15-20',0,1117),(23667,NULL,'16-1',0,1118),(23668,NULL,'16-2',0,1118),(23669,NULL,'16-3',0,1118),(23670,NULL,'16-4',0,1118),(23671,NULL,'16-5',0,1118),(23672,NULL,'16-6',0,1118),(23673,NULL,'16-7',0,1118),(23674,NULL,'16-8',0,1118),(23675,NULL,'16-9',0,1118),(23676,NULL,'16-10',0,1118),(23677,NULL,'16-11',0,1118),(23678,NULL,'16-12',0,1118),(23679,NULL,'16-13',0,1118),(23680,NULL,'16-14',0,1118),(23681,NULL,'16-15',0,1118),(23682,NULL,'16-16',0,1118),(23683,NULL,'16-17',0,1118),(23684,NULL,'16-18',0,1118),(23685,NULL,'16-19',0,1118),(23686,NULL,'16-20',0,1118),(23687,NULL,'17-1',0,1119),(23688,NULL,'17-2',0,1119),(23689,NULL,'17-3',0,1119),(23690,NULL,'17-4',0,1119),(23691,NULL,'17-5',0,1119),(23692,NULL,'17-6',0,1119),(23693,NULL,'17-7',0,1119),(23694,NULL,'17-8',0,1119),(23695,NULL,'17-9',0,1119),(23696,NULL,'17-10',0,1119),(23697,NULL,'17-11',0,1119),(23698,NULL,'17-12',0,1119),(23699,NULL,'17-13',0,1119),(23700,NULL,'17-14',0,1119),(23701,NULL,'17-15',0,1119),(23702,NULL,'17-16',0,1119),(23703,NULL,'17-17',0,1119),(23704,NULL,'17-18',0,1119),(23705,NULL,'17-19',0,1119),(23706,NULL,'17-20',0,1119),(23707,NULL,'18-1',0,1120),(23708,NULL,'18-2',0,1120),(23709,NULL,'18-3',0,1120),(23710,NULL,'18-4',0,1120),(23711,NULL,'18-5',0,1120),(23712,NULL,'18-6',0,1120),(23713,NULL,'18-7',0,1120),(23714,NULL,'18-8',0,1120),(23715,NULL,'18-9',0,1120),(23716,NULL,'18-10',0,1120),(23717,NULL,'18-11',0,1120),(23718,NULL,'18-12',0,1120),(23719,NULL,'18-13',0,1120),(23720,NULL,'18-14',0,1120),(23721,NULL,'18-15',0,1120),(23722,NULL,'18-16',0,1120),(23723,NULL,'18-17',0,1120),(23724,NULL,'18-18',0,1120),(23725,NULL,'18-19',0,1120),(23726,NULL,'18-20',0,1120),(23727,NULL,'A-1',0,1121),(23728,NULL,'A-2',0,1121),(23729,NULL,'A-3',0,1121),(23730,NULL,'A-4',0,1121),(23731,NULL,'A-5',0,1121),(23732,NULL,'A-6',0,1121),(23733,NULL,'A-7',0,1121),(23734,NULL,'A-8',0,1121),(23735,NULL,'A-9',0,1121),(23736,NULL,'A-10',0,1121),(23737,NULL,'A-11',0,1121),(23738,NULL,'A-12',0,1121),(23739,NULL,'A-13',0,1121),(23740,NULL,'A-14',0,1121),(23741,NULL,'A-15',0,1121),(23742,NULL,'A-16',0,1121),(23743,NULL,'A-17',0,1121),(23744,NULL,'A-18',0,1121),(23745,NULL,'A-19',0,1121),(23746,NULL,'A-20',0,1121),(23747,NULL,'B-1',0,1122),(23748,NULL,'B-2',0,1122),(23749,NULL,'B-3',0,1122),(23750,NULL,'B-4',0,1122),(23751,NULL,'B-5',0,1122),(23752,NULL,'B-6',0,1122),(23753,NULL,'B-7',0,1122),(23754,NULL,'B-8',0,1122),(23755,NULL,'B-9',0,1122),(23756,NULL,'B-10',0,1122),(23757,NULL,'B-11',0,1122),(23758,NULL,'B-12',0,1122),(23759,NULL,'B-13',0,1122),(23760,NULL,'B-14',0,1122),(23761,NULL,'B-15',0,1122),(23762,NULL,'B-16',0,1122),(23763,NULL,'B-17',0,1122),(23764,NULL,'B-18',0,1122),(23765,NULL,'B-19',0,1122),(23766,NULL,'B-20',0,1122),(23767,NULL,'C-1',0,1123),(23768,NULL,'C-2',0,1123),(23769,NULL,'C-3',0,1123),(23770,NULL,'C-4',0,1123),(23771,NULL,'C-5',0,1123),(23772,NULL,'C-6',0,1123),(23773,NULL,'C-7',0,1123),(23774,NULL,'C-8',0,1123),(23775,NULL,'C-9',0,1123),(23776,NULL,'C-10',0,1123),(23777,NULL,'C-11',0,1123),(23778,NULL,'C-12',0,1123),(23779,NULL,'C-13',0,1123),(23780,NULL,'C-14',0,1123),(23781,NULL,'C-15',0,1123),(23782,NULL,'C-16',0,1123),(23783,NULL,'C-17',0,1123),(23784,NULL,'C-18',0,1123),(23785,NULL,'C-19',0,1123),(23786,NULL,'C-20',0,1123),(23787,NULL,'D-1',0,1124),(23788,NULL,'D-2',0,1124),(23789,NULL,'D-3',0,1124),(23790,NULL,'D-4',0,1124),(23791,NULL,'D-5',0,1124),(23792,NULL,'D-6',0,1124),(23793,NULL,'D-7',0,1124),(23794,NULL,'D-8',0,1124),(23795,NULL,'D-9',0,1124),(23796,NULL,'D-10',0,1124),(23797,NULL,'D-11',0,1124),(23798,NULL,'D-12',0,1124),(23799,NULL,'D-13',0,1124),(23800,NULL,'D-14',0,1124),(23801,NULL,'D-15',0,1124),(23802,NULL,'D-16',0,1124),(23803,NULL,'D-17',0,1124),(23804,NULL,'D-18',0,1124),(23805,NULL,'D-19',0,1124),(23806,NULL,'D-20',0,1124),(23807,NULL,'E-1',0,1125),(23808,NULL,'E-2',0,1125),(23809,NULL,'E-3',0,1125),(23810,NULL,'E-4',0,1125),(23811,NULL,'E-5',0,1125),(23812,NULL,'E-6',0,1125),(23813,NULL,'E-7',0,1125),(23814,NULL,'E-8',0,1125),(23815,NULL,'E-9',0,1125),(23816,NULL,'E-10',0,1125),(23817,NULL,'E-11',0,1125),(23818,NULL,'E-12',0,1125),(23819,NULL,'E-13',0,1125),(23820,NULL,'E-14',0,1125),(23821,NULL,'E-15',0,1125),(23822,NULL,'E-16',0,1125),(23823,NULL,'E-17',0,1125),(23824,NULL,'E-18',0,1125),(23825,NULL,'E-19',0,1125),(23826,NULL,'E-20',0,1125),(23827,NULL,'F-1',0,1126),(23828,NULL,'F-2',0,1126),(23829,NULL,'F-3',0,1126),(23830,NULL,'F-4',0,1126),(23831,NULL,'F-5',0,1126),(23832,NULL,'F-6',0,1126),(23833,NULL,'F-7',0,1126),(23834,NULL,'F-8',0,1126),(23835,NULL,'F-9',0,1126),(23836,NULL,'F-10',0,1126),(23837,NULL,'F-11',0,1126),(23838,NULL,'F-12',0,1126),(23839,NULL,'F-13',0,1126),(23840,NULL,'F-14',0,1126),(23841,NULL,'F-15',0,1126),(23842,NULL,'F-16',0,1126),(23843,NULL,'F-17',0,1126),(23844,NULL,'F-18',0,1126),(23845,NULL,'F-19',0,1126),(23846,NULL,'F-20',0,1126),(23847,NULL,'G-1',0,1127),(23848,NULL,'G-2',0,1127),(23849,NULL,'G-3',0,1127),(23850,NULL,'G-4',0,1127),(23851,NULL,'G-5',0,1127),(23852,NULL,'G-6',0,1127),(23853,NULL,'G-7',0,1127),(23854,NULL,'G-8',0,1127),(23855,NULL,'G-9',0,1127),(23856,NULL,'G-10',0,1127),(23857,NULL,'G-11',0,1127),(23858,NULL,'G-12',0,1127),(23859,NULL,'G-13',0,1127),(23860,NULL,'G-14',0,1127),(23861,NULL,'G-15',0,1127),(23862,NULL,'G-16',0,1127),(23863,NULL,'G-17',0,1127),(23864,NULL,'G-18',0,1127),(23865,NULL,'G-19',0,1127),(23866,NULL,'G-20',0,1127),(23867,NULL,'H-1',0,1128),(23868,NULL,'H-2',0,1128),(23869,NULL,'H-3',0,1128),(23870,NULL,'H-4',0,1128),(23871,NULL,'H-5',0,1128),(23872,NULL,'H-6',0,1128),(23873,NULL,'H-7',0,1128),(23874,NULL,'H-8',0,1128),(23875,NULL,'H-9',0,1128),(23876,NULL,'H-10',0,1128),(23877,NULL,'H-11',0,1128),(23878,NULL,'H-12',0,1128),(23879,NULL,'H-13',0,1128),(23880,NULL,'H-14',0,1128),(23881,NULL,'H-15',0,1128),(23882,NULL,'H-16',0,1128),(23883,NULL,'H-17',0,1128),(23884,NULL,'H-18',0,1128),(23885,NULL,'H-19',0,1128),(23886,NULL,'H-20',0,1128),(23887,NULL,'3-1',0,1129),(23888,NULL,'3-2',0,1129),(23889,NULL,'3-3',0,1129),(23890,NULL,'3-4',0,1129),(23891,NULL,'3-5',0,1129),(23892,NULL,'3-6',0,1129),(23893,NULL,'3-7',0,1129),(23894,NULL,'3-8',0,1129),(23895,NULL,'3-9',0,1129),(23896,NULL,'3-10',0,1129),(23897,NULL,'3-11',0,1129),(23898,NULL,'3-12',0,1129),(23899,NULL,'3-13',0,1129),(23900,NULL,'3-14',0,1129),(23901,NULL,'3-15',0,1129),(23902,NULL,'3-16',0,1129),(23903,NULL,'3-17',0,1129),(23904,NULL,'3-18',0,1129),(23905,NULL,'3-19',0,1129),(23906,NULL,'3-20',0,1129),(23907,NULL,'4-1',0,1130),(23908,NULL,'4-2',0,1130),(23909,NULL,'4-3',0,1130),(23910,NULL,'4-4',0,1130),(23911,NULL,'4-5',0,1130),(23912,NULL,'4-6',0,1130),(23913,NULL,'4-7',0,1130),(23914,NULL,'4-8',0,1130),(23915,NULL,'4-9',0,1130),(23916,NULL,'4-10',0,1130),(23917,NULL,'4-11',0,1130),(23918,NULL,'4-12',0,1130),(23919,NULL,'4-13',0,1130),(23920,NULL,'4-14',0,1130),(23921,NULL,'4-15',0,1130),(23922,NULL,'4-16',0,1130),(23923,NULL,'4-17',0,1130),(23924,NULL,'4-18',0,1130),(23925,NULL,'4-19',0,1130),(23926,NULL,'4-20',0,1130),(23927,NULL,'5-1',0,1131),(23928,NULL,'5-2',0,1131),(23929,NULL,'5-3',0,1131),(23930,NULL,'5-4',0,1131),(23931,NULL,'5-5',0,1131),(23932,NULL,'5-6',0,1131),(23933,NULL,'5-7',0,1131),(23934,NULL,'5-8',0,1131),(23935,NULL,'5-9',0,1131),(23936,NULL,'5-10',0,1131),(23937,NULL,'5-11',0,1131),(23938,NULL,'5-12',0,1131),(23939,NULL,'5-13',0,1131),(23940,NULL,'5-14',0,1131),(23941,NULL,'5-15',0,1131),(23942,NULL,'5-16',0,1131),(23943,NULL,'5-17',0,1131),(23944,NULL,'5-18',0,1131),(23945,NULL,'5-19',0,1131),(23946,NULL,'5-20',0,1131),(23947,NULL,'6-1',0,1132),(23948,NULL,'6-2',0,1132),(23949,NULL,'6-3',0,1132),(23950,NULL,'6-4',0,1132),(23951,NULL,'6-5',0,1132),(23952,NULL,'6-6',0,1132),(23953,NULL,'6-7',0,1132),(23954,NULL,'6-8',0,1132),(23955,NULL,'6-9',0,1132),(23956,NULL,'6-10',0,1132),(23957,NULL,'6-11',0,1132),(23958,NULL,'6-12',0,1132),(23959,NULL,'6-13',0,1132),(23960,NULL,'6-14',0,1132),(23961,NULL,'6-15',0,1132),(23962,NULL,'6-16',0,1132),(23963,NULL,'6-17',0,1132),(23964,NULL,'6-18',0,1132),(23965,NULL,'6-19',0,1132),(23966,NULL,'6-20',0,1132),(23967,NULL,'7-1',0,1133),(23968,NULL,'7-2',0,1133),(23969,NULL,'7-3',0,1133),(23970,NULL,'7-4',0,1133),(23971,NULL,'7-5',0,1133),(23972,NULL,'7-6',0,1133),(23973,NULL,'7-7',0,1133),(23974,NULL,'7-8',0,1133),(23975,NULL,'7-9',0,1133),(23976,NULL,'7-10',0,1133),(23977,NULL,'7-11',0,1133),(23978,NULL,'7-12',0,1133),(23979,NULL,'7-13',0,1133),(23980,NULL,'7-14',0,1133),(23981,NULL,'7-15',0,1133),(23982,NULL,'7-16',0,1133),(23983,NULL,'7-17',0,1133),(23984,NULL,'7-18',0,1133),(23985,NULL,'7-19',0,1133),(23986,NULL,'7-20',0,1133),(23987,NULL,'8-1',0,1134),(23988,NULL,'8-2',0,1134),(23989,NULL,'8-3',0,1134),(23990,NULL,'8-4',0,1134),(23991,NULL,'8-5',0,1134),(23992,NULL,'8-6',0,1134),(23993,NULL,'8-7',0,1134),(23994,NULL,'8-8',0,1134),(23995,NULL,'8-9',0,1134),(23996,NULL,'8-10',0,1134),(23997,NULL,'8-11',0,1134),(23998,NULL,'8-12',0,1134),(23999,NULL,'8-13',0,1134),(24000,NULL,'8-14',0,1134),(24001,NULL,'8-15',0,1134),(24002,NULL,'8-16',0,1134),(24003,NULL,'8-17',0,1134),(24004,NULL,'8-18',0,1134),(24005,NULL,'8-19',0,1134),(24006,NULL,'8-20',0,1134),(24007,NULL,'10-1',0,1135),(24008,NULL,'10-2',0,1135),(24009,NULL,'10-3',0,1135),(24010,NULL,'10-4',0,1135),(24011,NULL,'10-5',0,1135),(24012,NULL,'10-6',0,1135),(24013,NULL,'10-7',0,1135),(24014,NULL,'10-8',0,1135),(24015,NULL,'10-9',0,1135),(24016,NULL,'10-10',0,1135),(24017,NULL,'10-11',0,1135),(24018,NULL,'10-12',0,1135),(24019,NULL,'10-13',0,1135),(24020,NULL,'10-14',0,1135),(24021,NULL,'10-15',0,1135),(24022,NULL,'10-16',0,1135),(24023,NULL,'10-17',0,1135),(24024,NULL,'10-18',0,1135),(24025,NULL,'10-19',0,1135),(24026,NULL,'10-20',0,1135),(24027,NULL,'11-1',0,1136),(24028,NULL,'11-2',0,1136),(24029,NULL,'11-3',0,1136),(24030,NULL,'11-4',0,1136),(24031,NULL,'11-5',0,1136),(24032,NULL,'11-6',0,1136),(24033,NULL,'11-7',0,1136),(24034,NULL,'11-8',0,1136),(24035,NULL,'11-9',0,1136),(24036,NULL,'11-10',0,1136),(24037,NULL,'11-11',0,1136),(24038,NULL,'11-12',0,1136),(24039,NULL,'11-13',0,1136),(24040,NULL,'11-14',0,1136),(24041,NULL,'11-15',0,1136),(24042,NULL,'11-16',0,1136),(24043,NULL,'11-17',0,1136),(24044,NULL,'11-18',0,1136),(24045,NULL,'11-19',0,1136),(24046,NULL,'11-20',0,1136),(24047,NULL,'12-1',0,1137),(24048,NULL,'12-2',0,1137),(24049,NULL,'12-3',0,1137),(24050,NULL,'12-4',0,1137),(24051,NULL,'12-5',0,1137),(24052,NULL,'12-6',0,1137),(24053,NULL,'12-7',0,1137),(24054,NULL,'12-8',0,1137),(24055,NULL,'12-9',0,1137),(24056,NULL,'12-10',0,1137),(24057,NULL,'12-11',0,1137),(24058,NULL,'12-12',0,1137),(24059,NULL,'12-13',0,1137),(24060,NULL,'12-14',0,1137),(24061,NULL,'12-15',0,1137),(24062,NULL,'12-16',0,1137),(24063,NULL,'12-17',0,1137),(24064,NULL,'12-18',0,1137),(24065,NULL,'12-19',0,1137),(24066,NULL,'12-20',0,1137),(24067,NULL,'13-1',0,1138),(24068,NULL,'13-2',0,1138),(24069,NULL,'13-3',0,1138),(24070,NULL,'13-4',0,1138),(24071,NULL,'13-5',0,1138),(24072,NULL,'13-6',0,1138),(24073,NULL,'13-7',0,1138),(24074,NULL,'13-8',0,1138),(24075,NULL,'13-9',0,1138),(24076,NULL,'13-10',0,1138),(24077,NULL,'13-11',0,1138),(24078,NULL,'13-12',0,1138),(24079,NULL,'13-13',0,1138),(24080,NULL,'13-14',0,1138),(24081,NULL,'13-15',0,1138),(24082,NULL,'13-16',0,1138),(24083,NULL,'13-17',0,1138),(24084,NULL,'13-18',0,1138),(24085,NULL,'13-19',0,1138),(24086,NULL,'13-20',0,1138),(24087,NULL,'14-1',0,1139),(24088,NULL,'14-2',0,1139),(24089,NULL,'14-3',0,1139),(24090,NULL,'14-4',0,1139),(24091,NULL,'14-5',0,1139),(24092,NULL,'14-6',0,1139),(24093,NULL,'14-7',0,1139),(24094,NULL,'14-8',0,1139),(24095,NULL,'14-9',0,1139),(24096,NULL,'14-10',0,1139),(24097,NULL,'14-11',0,1139),(24098,NULL,'14-12',0,1139),(24099,NULL,'14-13',0,1139),(24100,NULL,'14-14',0,1139),(24101,NULL,'14-15',0,1139),(24102,NULL,'14-16',0,1139),(24103,NULL,'14-17',0,1139),(24104,NULL,'14-18',0,1139),(24105,NULL,'14-19',0,1139),(24106,NULL,'14-20',0,1139),(24107,NULL,'15-1',0,1140),(24108,NULL,'15-2',0,1140),(24109,NULL,'15-3',0,1140),(24110,NULL,'15-4',0,1140),(24111,NULL,'15-5',0,1140),(24112,NULL,'15-6',0,1140),(24113,NULL,'15-7',0,1140),(24114,NULL,'15-8',0,1140),(24115,NULL,'15-9',0,1140),(24116,NULL,'15-10',0,1140),(24117,NULL,'15-11',0,1140),(24118,NULL,'15-12',0,1140),(24119,NULL,'15-13',0,1140),(24120,NULL,'15-14',0,1140),(24121,NULL,'15-15',0,1140),(24122,NULL,'15-16',0,1140),(24123,NULL,'15-17',0,1140),(24124,NULL,'15-18',0,1140),(24125,NULL,'15-19',0,1140),(24126,NULL,'15-20',0,1140),(24127,NULL,'A-1',0,1141),(24128,NULL,'A-2',0,1141),(24129,NULL,'A-3',0,1141),(24130,NULL,'A-4',0,1141),(24131,NULL,'A-5',0,1141),(24132,NULL,'A-6',0,1141),(24133,NULL,'A-7',0,1141),(24134,NULL,'A-8',0,1141),(24135,NULL,'A-9',0,1141),(24136,NULL,'A-10',0,1141),(24137,NULL,'A-11',0,1141),(24138,NULL,'A-12',0,1141),(24139,NULL,'A-13',0,1141),(24140,NULL,'A-14',0,1141),(24141,NULL,'A-15',0,1141),(24142,NULL,'A-16',0,1141),(24143,NULL,'A-17',0,1141),(24144,NULL,'A-18',0,1141),(24145,NULL,'A-19',0,1141),(24146,NULL,'A-20',0,1141),(24147,NULL,'A-21',0,1141),(24148,NULL,'A-22',0,1141),(24149,NULL,'A-23',0,1141),(24150,NULL,'A-24',0,1141),(24151,NULL,'A-25',0,1141),(24152,NULL,'A-26',0,1141),(24153,NULL,'A-27',0,1141),(24154,NULL,'A-28',0,1141),(24155,NULL,'A-29',0,1141),(24156,NULL,'A-30',0,1141),(24157,NULL,'B-1',0,1142),(24158,NULL,'B-2',0,1142),(24159,NULL,'B-3',0,1142),(24160,NULL,'B-4',0,1142),(24161,NULL,'B-5',0,1142),(24162,NULL,'B-6',0,1142),(24163,NULL,'B-7',0,1142),(24164,NULL,'B-8',0,1142),(24165,NULL,'B-9',0,1142),(24166,NULL,'B-10',0,1142),(24167,NULL,'B-11',0,1142),(24168,NULL,'B-12',0,1142),(24169,NULL,'B-13',0,1142),(24170,NULL,'B-14',0,1142),(24171,NULL,'B-15',0,1142),(24172,NULL,'B-16',0,1142),(24173,NULL,'B-17',0,1142),(24174,NULL,'B-18',0,1142),(24175,NULL,'B-19',0,1142),(24176,NULL,'B-20',0,1142),(24177,NULL,'B-21',0,1142),(24178,NULL,'B-22',0,1142),(24179,NULL,'B-23',0,1142),(24180,NULL,'B-24',0,1142),(24181,NULL,'B-25',0,1142),(24182,NULL,'B-26',0,1142),(24183,NULL,'B-27',0,1142),(24184,NULL,'B-28',0,1142),(24185,NULL,'B-29',0,1142),(24186,NULL,'B-30',0,1142),(24187,NULL,'C-1',0,1143),(24188,NULL,'C-2',0,1143),(24189,NULL,'C-3',0,1143),(24190,NULL,'C-4',0,1143),(24191,NULL,'C-5',0,1143),(24192,NULL,'C-6',0,1143),(24193,NULL,'C-7',0,1143),(24194,NULL,'C-8',0,1143),(24195,NULL,'C-9',0,1143),(24196,NULL,'C-10',0,1143),(24197,NULL,'C-11',0,1143),(24198,NULL,'C-12',0,1143),(24199,NULL,'C-13',0,1143),(24200,NULL,'C-14',0,1143),(24201,NULL,'C-15',0,1143),(24202,NULL,'C-16',0,1143),(24203,NULL,'C-17',0,1143),(24204,NULL,'C-18',0,1143),(24205,NULL,'C-19',0,1143),(24206,NULL,'C-20',0,1143),(24207,NULL,'C-21',0,1143),(24208,NULL,'C-22',0,1143),(24209,NULL,'C-23',0,1143),(24210,NULL,'C-24',0,1143),(24211,NULL,'C-25',0,1143),(24212,NULL,'C-26',0,1143),(24213,NULL,'C-27',0,1143),(24214,NULL,'C-28',0,1143),(24215,NULL,'C-29',0,1143),(24216,NULL,'C-30',0,1143),(24217,NULL,'D-1',0,1144),(24218,NULL,'D-2',0,1144),(24219,NULL,'D-3',0,1144),(24220,NULL,'D-4',0,1144),(24221,NULL,'D-5',0,1144),(24222,NULL,'D-6',0,1144),(24223,NULL,'D-7',0,1144),(24224,NULL,'D-8',0,1144),(24225,NULL,'D-9',0,1144),(24226,NULL,'D-10',0,1144),(24227,NULL,'D-11',0,1144),(24228,NULL,'D-12',0,1144),(24229,NULL,'D-13',0,1144),(24230,NULL,'D-14',0,1144),(24231,NULL,'D-15',0,1144),(24232,NULL,'D-16',0,1144),(24233,NULL,'D-17',0,1144),(24234,NULL,'D-18',0,1144),(24235,NULL,'D-19',0,1144),(24236,NULL,'D-20',0,1144),(24237,NULL,'D-21',0,1144),(24238,NULL,'D-22',0,1144),(24239,NULL,'D-23',0,1144),(24240,NULL,'D-24',0,1144),(24241,NULL,'D-25',0,1144),(24242,NULL,'D-26',0,1144),(24243,NULL,'D-27',0,1144),(24244,NULL,'D-28',0,1144),(24245,NULL,'D-29',0,1144),(24246,NULL,'D-30',0,1144),(24247,NULL,'E-1',0,1145),(24248,NULL,'E-2',0,1145),(24249,NULL,'E-3',0,1145),(24250,NULL,'E-4',0,1145),(24251,NULL,'E-5',0,1145),(24252,NULL,'E-6',0,1145),(24253,NULL,'E-7',0,1145),(24254,NULL,'E-8',0,1145),(24255,NULL,'E-9',0,1145),(24256,NULL,'E-10',0,1145),(24257,NULL,'E-11',0,1145),(24258,NULL,'E-12',0,1145),(24259,NULL,'E-13',0,1145),(24260,NULL,'E-14',0,1145),(24261,NULL,'E-15',0,1145),(24262,NULL,'E-16',0,1145),(24263,NULL,'E-17',0,1145),(24264,NULL,'E-18',0,1145),(24265,NULL,'E-19',0,1145),(24266,NULL,'E-20',0,1145),(24267,NULL,'E-21',0,1145),(24268,NULL,'E-22',0,1145),(24269,NULL,'E-23',0,1145),(24270,NULL,'E-24',0,1145),(24271,NULL,'E-25',0,1145),(24272,NULL,'E-26',0,1145),(24273,NULL,'E-27',0,1145),(24274,NULL,'E-28',0,1145),(24275,NULL,'E-29',0,1145),(24276,NULL,'E-30',0,1145),(24277,NULL,'가-1',0,1146),(24278,NULL,'가-2',0,1146),(24279,NULL,'가-3',0,1146),(24280,NULL,'가-4',0,1146),(24281,NULL,'가-5',0,1146),(24282,NULL,'가-6',0,1146),(24283,NULL,'가-7',0,1146),(24284,NULL,'가-8',0,1146),(24285,NULL,'가-9',0,1146),(24286,NULL,'가-10',0,1146),(24287,NULL,'가-11',0,1146),(24288,NULL,'가-12',0,1146),(24289,NULL,'가-13',0,1146),(24290,NULL,'가-14',0,1146),(24291,NULL,'가-15',0,1146),(24292,NULL,'가-16',0,1146),(24293,NULL,'가-17',0,1146),(24294,NULL,'가-18',0,1146),(24295,NULL,'가-19',0,1146),(24296,NULL,'가-20',0,1146),(24297,NULL,'가-21',0,1146),(24298,NULL,'가-22',0,1146),(24299,NULL,'가-23',0,1146),(24300,NULL,'가-24',0,1146),(24301,NULL,'가-25',0,1146),(24302,NULL,'가-26',0,1146),(24303,NULL,'가-27',0,1146),(24304,NULL,'가-28',0,1146),(24305,NULL,'가-29',0,1146),(24306,NULL,'가-30',0,1146),(24307,NULL,'가-31',0,1146),(24308,NULL,'가-32',0,1146),(24309,NULL,'가-33',0,1146),(24310,NULL,'가-34',0,1146),(24311,NULL,'가-35',0,1146),(24312,NULL,'가-36',0,1146),(24313,NULL,'가-37',0,1146),(24314,NULL,'가-38',0,1146),(24315,NULL,'가-39',0,1146),(24316,NULL,'가-40',0,1146),(24317,NULL,'나-1',0,1147),(24318,NULL,'나-2',0,1147),(24319,NULL,'나-3',0,1147),(24320,NULL,'나-4',0,1147),(24321,NULL,'나-5',0,1147),(24322,NULL,'나-6',0,1147),(24323,NULL,'나-7',0,1147),(24324,NULL,'나-8',0,1147),(24325,NULL,'나-9',0,1147),(24326,NULL,'나-10',0,1147),(24327,NULL,'나-11',0,1147),(24328,NULL,'나-12',0,1147),(24329,NULL,'나-13',0,1147),(24330,NULL,'나-14',0,1147),(24331,NULL,'나-15',0,1147),(24332,NULL,'나-16',0,1147),(24333,NULL,'나-17',0,1147),(24334,NULL,'나-18',0,1147),(24335,NULL,'나-19',0,1147),(24336,NULL,'나-20',0,1147),(24337,NULL,'나-21',0,1147),(24338,NULL,'나-22',0,1147),(24339,NULL,'나-23',0,1147),(24340,NULL,'나-24',0,1147),(24341,NULL,'나-25',0,1147),(24342,NULL,'나-26',0,1147),(24343,NULL,'나-27',0,1147),(24344,NULL,'나-28',0,1147),(24345,NULL,'나-29',0,1147),(24346,NULL,'나-30',0,1147),(24347,NULL,'나-31',0,1147),(24348,NULL,'나-32',0,1147),(24349,NULL,'나-33',0,1147),(24350,NULL,'나-34',0,1147),(24351,NULL,'나-35',0,1147),(24352,NULL,'나-36',0,1147),(24353,NULL,'나-37',0,1147),(24354,NULL,'나-38',0,1147),(24355,NULL,'나-39',0,1147),(24356,NULL,'나-40',0,1147),(24357,NULL,'3-1',0,1148),(24358,NULL,'3-2',0,1148),(24359,NULL,'3-3',0,1148),(24360,NULL,'3-4',0,1148),(24361,NULL,'3-5',0,1148),(24362,NULL,'3-6',0,1148),(24363,NULL,'3-7',0,1148),(24364,NULL,'3-8',0,1148),(24365,NULL,'3-9',0,1148),(24366,NULL,'3-10',0,1148),(24367,NULL,'3-11',0,1148),(24368,NULL,'3-12',0,1148),(24369,NULL,'3-13',0,1148),(24370,NULL,'3-14',0,1148),(24371,NULL,'3-15',0,1148),(24372,NULL,'3-16',0,1148),(24373,NULL,'3-17',0,1148),(24374,NULL,'3-18',0,1148),(24375,NULL,'3-19',0,1148),(24376,NULL,'3-20',0,1148),(24377,NULL,'4-1',0,1149),(24378,NULL,'4-2',0,1149),(24379,NULL,'4-3',0,1149),(24380,NULL,'4-4',0,1149),(24381,NULL,'4-5',0,1149),(24382,NULL,'4-6',0,1149),(24383,NULL,'4-7',0,1149),(24384,NULL,'4-8',0,1149),(24385,NULL,'4-9',0,1149),(24386,NULL,'4-10',0,1149),(24387,NULL,'4-11',0,1149),(24388,NULL,'4-12',0,1149),(24389,NULL,'4-13',0,1149),(24390,NULL,'4-14',0,1149),(24391,NULL,'4-15',0,1149),(24392,NULL,'4-16',0,1149),(24393,NULL,'4-17',0,1149),(24394,NULL,'4-18',0,1149),(24395,NULL,'4-19',0,1149),(24396,NULL,'4-20',0,1149),(24397,NULL,'5-1',0,1150),(24398,NULL,'5-2',0,1150),(24399,NULL,'5-3',0,1150),(24400,NULL,'5-4',0,1150),(24401,NULL,'5-5',0,1150),(24402,NULL,'5-6',0,1150),(24403,NULL,'5-7',0,1150),(24404,NULL,'5-8',0,1150),(24405,NULL,'5-9',0,1150),(24406,NULL,'5-10',0,1150),(24407,NULL,'5-11',0,1150),(24408,NULL,'5-12',0,1150),(24409,'2022-04-05 01:45:55.445000','5-13',1,1150),(24410,NULL,'5-14',0,1150),(24411,NULL,'5-15',0,1150),(24412,NULL,'5-16',0,1150),(24413,NULL,'5-17',0,1150),(24414,NULL,'5-18',0,1150),(24415,NULL,'5-19',0,1150),(24416,NULL,'5-20',0,1150),(24417,NULL,'6-1',0,1151),(24418,NULL,'6-2',0,1151),(24419,NULL,'6-3',0,1151),(24420,NULL,'6-4',0,1151),(24421,NULL,'6-5',0,1151),(24422,NULL,'6-6',0,1151),(24423,NULL,'6-7',0,1151),(24424,NULL,'6-8',0,1151),(24425,NULL,'6-9',0,1151),(24426,NULL,'6-10',0,1151),(24427,NULL,'6-11',0,1151),(24428,NULL,'6-12',0,1151),(24429,NULL,'6-13',0,1151),(24430,NULL,'6-14',0,1151),(24431,NULL,'6-15',0,1151),(24432,NULL,'6-16',0,1151),(24433,NULL,'6-17',0,1151),(24434,NULL,'6-18',0,1151),(24435,NULL,'6-19',0,1151),(24436,NULL,'6-20',0,1151),(24437,NULL,'7-1',0,1152),(24438,NULL,'7-2',0,1152),(24439,NULL,'7-3',0,1152),(24440,NULL,'7-4',0,1152),(24441,NULL,'7-5',0,1152),(24442,NULL,'7-6',0,1152),(24443,NULL,'7-7',0,1152),(24444,NULL,'7-8',0,1152),(24445,NULL,'7-9',0,1152),(24446,NULL,'7-10',0,1152),(24447,NULL,'7-11',0,1152),(24448,NULL,'7-12',0,1152),(24449,NULL,'7-13',0,1152),(24450,NULL,'7-14',0,1152),(24451,NULL,'7-15',0,1152),(24452,NULL,'7-16',0,1152),(24453,NULL,'7-17',0,1152),(24454,NULL,'7-18',0,1152),(24455,NULL,'7-19',0,1152),(24456,NULL,'7-20',0,1152),(24457,NULL,'8-1',0,1153),(24458,NULL,'8-2',0,1153),(24459,NULL,'8-3',0,1153),(24460,NULL,'8-4',0,1153),(24461,NULL,'8-5',0,1153),(24462,NULL,'8-6',0,1153),(24463,NULL,'8-7',0,1153),(24464,NULL,'8-8',0,1153),(24465,NULL,'8-9',0,1153),(24466,NULL,'8-10',0,1153),(24467,NULL,'8-11',0,1153),(24468,NULL,'8-12',0,1153),(24469,NULL,'8-13',0,1153),(24470,NULL,'8-14',0,1153),(24471,NULL,'8-15',0,1153),(24472,NULL,'8-16',0,1153),(24473,NULL,'8-17',0,1153),(24474,NULL,'8-18',0,1153),(24475,NULL,'8-19',0,1153),(24476,NULL,'8-20',0,1153),(24477,NULL,'10-1',0,1154),(24478,NULL,'10-2',0,1154),(24479,NULL,'10-3',0,1154),(24480,NULL,'10-4',0,1154),(24481,NULL,'10-5',0,1154),(24482,NULL,'10-6',0,1154),(24483,NULL,'10-7',0,1154),(24484,NULL,'10-8',0,1154),(24485,NULL,'10-9',0,1154),(24486,NULL,'10-10',0,1154),(24487,NULL,'10-11',0,1154),(24488,NULL,'10-12',0,1154),(24489,NULL,'10-13',0,1154),(24490,NULL,'10-14',0,1154),(24491,NULL,'10-15',0,1154),(24492,NULL,'10-16',0,1154),(24493,NULL,'10-17',0,1154),(24494,NULL,'10-18',0,1154),(24495,NULL,'10-19',0,1154),(24496,NULL,'10-20',0,1154),(24497,NULL,'11-1',0,1155),(24498,NULL,'11-2',0,1155),(24499,NULL,'11-3',0,1155),(24500,NULL,'11-4',0,1155),(24501,NULL,'11-5',0,1155),(24502,NULL,'11-6',0,1155),(24503,NULL,'11-7',0,1155),(24504,NULL,'11-8',0,1155),(24505,NULL,'11-9',0,1155),(24506,NULL,'11-10',0,1155),(24507,NULL,'11-11',0,1155),(24508,NULL,'11-12',0,1155),(24509,NULL,'11-13',0,1155),(24510,NULL,'11-14',0,1155),(24511,NULL,'11-15',0,1155),(24512,NULL,'11-16',0,1155),(24513,NULL,'11-17',0,1155),(24514,NULL,'11-18',0,1155),(24515,NULL,'11-19',0,1155),(24516,NULL,'11-20',0,1155),(24517,NULL,'12-1',0,1156),(24518,NULL,'12-2',0,1156),(24519,NULL,'12-3',0,1156),(24520,NULL,'12-4',0,1156),(24521,NULL,'12-5',0,1156),(24522,NULL,'12-6',0,1156),(24523,NULL,'12-7',0,1156),(24524,NULL,'12-8',0,1156),(24525,NULL,'12-9',0,1156),(24526,NULL,'12-10',0,1156),(24527,NULL,'12-11',0,1156),(24528,NULL,'12-12',0,1156),(24529,NULL,'12-13',0,1156),(24530,NULL,'12-14',0,1156),(24531,NULL,'12-15',0,1156),(24532,NULL,'12-16',0,1156),(24533,NULL,'12-17',0,1156),(24534,NULL,'12-18',0,1156),(24535,NULL,'12-19',0,1156),(24536,NULL,'12-20',0,1156),(24537,NULL,'13-1',0,1157),(24538,NULL,'13-2',0,1157),(24539,NULL,'13-3',0,1157),(24540,NULL,'13-4',0,1157),(24541,NULL,'13-5',0,1157),(24542,NULL,'13-6',0,1157),(24543,NULL,'13-7',0,1157),(24544,NULL,'13-8',0,1157),(24545,NULL,'13-9',0,1157),(24546,NULL,'13-10',0,1157),(24547,NULL,'13-11',0,1157),(24548,NULL,'13-12',0,1157),(24549,NULL,'13-13',0,1157),(24550,NULL,'13-14',0,1157),(24551,NULL,'13-15',0,1157),(24552,NULL,'13-16',0,1157),(24553,NULL,'13-17',0,1157),(24554,NULL,'13-18',0,1157),(24555,NULL,'13-19',0,1157),(24556,NULL,'13-20',0,1157),(24557,NULL,'14-1',0,1158),(24558,NULL,'14-2',0,1158),(24559,NULL,'14-3',0,1158),(24560,NULL,'14-4',0,1158),(24561,NULL,'14-5',0,1158),(24562,NULL,'14-6',0,1158),(24563,NULL,'14-7',0,1158),(24564,NULL,'14-8',0,1158),(24565,NULL,'14-9',0,1158),(24566,NULL,'14-10',0,1158),(24567,NULL,'14-11',0,1158),(24568,NULL,'14-12',0,1158),(24569,NULL,'14-13',0,1158),(24570,NULL,'14-14',0,1158),(24571,NULL,'14-15',0,1158),(24572,NULL,'14-16',0,1158),(24573,NULL,'14-17',0,1158),(24574,NULL,'14-18',0,1158),(24575,NULL,'14-19',0,1158),(24576,NULL,'14-20',0,1158),(24577,NULL,'15-1',0,1159),(24578,NULL,'15-2',0,1159),(24579,NULL,'15-3',0,1159),(24580,NULL,'15-4',0,1159),(24581,NULL,'15-5',0,1159),(24582,NULL,'15-6',0,1159),(24583,NULL,'15-7',0,1159),(24584,NULL,'15-8',0,1159),(24585,NULL,'15-9',0,1159),(24586,NULL,'15-10',0,1159),(24587,NULL,'15-11',0,1159),(24588,NULL,'15-12',0,1159),(24589,NULL,'15-13',0,1159),(24590,NULL,'15-14',0,1159),(24591,NULL,'15-15',0,1159),(24592,NULL,'15-16',0,1159),(24593,NULL,'15-17',0,1159),(24594,NULL,'15-18',0,1159),(24595,NULL,'15-19',0,1159),(24596,NULL,'15-20',0,1159),(24597,NULL,'A-1',0,1160),(24598,NULL,'A-2',0,1160),(24599,NULL,'A-3',0,1160),(24600,NULL,'A-4',0,1160),(24601,NULL,'A-5',0,1160),(24602,NULL,'A-6',0,1160),(24603,NULL,'A-7',0,1160),(24604,NULL,'A-8',0,1160),(24605,NULL,'A-9',0,1160),(24606,NULL,'A-10',0,1160),(24607,NULL,'A-11',0,1160),(24608,NULL,'A-12',0,1160),(24609,NULL,'A-13',0,1160),(24610,NULL,'A-14',0,1160),(24611,NULL,'A-15',0,1160),(24612,NULL,'A-16',0,1160),(24613,NULL,'A-17',0,1160),(24614,NULL,'A-18',0,1160),(24615,NULL,'A-19',0,1160),(24616,NULL,'A-20',0,1160),(24617,NULL,'A-21',0,1160),(24618,NULL,'A-22',0,1160),(24619,NULL,'A-23',0,1160),(24620,NULL,'A-24',0,1160),(24621,NULL,'A-25',0,1160),(24622,NULL,'A-26',0,1160),(24623,NULL,'A-27',0,1160),(24624,NULL,'A-28',0,1160),(24625,NULL,'A-29',0,1160),(24626,NULL,'A-30',0,1160),(24627,NULL,'B-1',0,1161),(24628,NULL,'B-2',0,1161),(24629,NULL,'B-3',0,1161),(24630,NULL,'B-4',0,1161),(24631,NULL,'B-5',0,1161),(24632,NULL,'B-6',0,1161),(24633,NULL,'B-7',0,1161),(24634,NULL,'B-8',0,1161),(24635,NULL,'B-9',0,1161),(24636,NULL,'B-10',0,1161),(24637,NULL,'B-11',0,1161),(24638,NULL,'B-12',0,1161),(24639,NULL,'B-13',0,1161),(24640,NULL,'B-14',0,1161),(24641,NULL,'B-15',0,1161),(24642,NULL,'B-16',0,1161),(24643,NULL,'B-17',0,1161),(24644,NULL,'B-18',0,1161),(24645,NULL,'B-19',0,1161),(24646,NULL,'B-20',0,1161),(24647,NULL,'B-21',0,1161),(24648,NULL,'B-22',0,1161),(24649,NULL,'B-23',0,1161),(24650,NULL,'B-24',0,1161),(24651,NULL,'B-25',0,1161),(24652,NULL,'B-26',0,1161),(24653,NULL,'B-27',0,1161),(24654,NULL,'B-28',0,1161),(24655,NULL,'B-29',0,1161),(24656,NULL,'B-30',0,1161),(24657,NULL,'C-1',0,1162),(24658,NULL,'C-2',0,1162),(24659,NULL,'C-3',0,1162),(24660,NULL,'C-4',0,1162),(24661,NULL,'C-5',0,1162),(24662,NULL,'C-6',0,1162),(24663,NULL,'C-7',0,1162),(24664,NULL,'C-8',0,1162),(24665,NULL,'C-9',0,1162),(24666,NULL,'C-10',0,1162),(24667,NULL,'C-11',0,1162),(24668,NULL,'C-12',0,1162),(24669,NULL,'C-13',0,1162),(24670,NULL,'C-14',0,1162),(24671,NULL,'C-15',0,1162),(24672,NULL,'C-16',0,1162),(24673,NULL,'C-17',0,1162),(24674,NULL,'C-18',0,1162),(24675,NULL,'C-19',0,1162),(24676,NULL,'C-20',0,1162),(24677,NULL,'C-21',0,1162),(24678,NULL,'C-22',0,1162),(24679,NULL,'C-23',0,1162),(24680,NULL,'C-24',0,1162),(24681,NULL,'C-25',0,1162),(24682,NULL,'C-26',0,1162),(24683,NULL,'C-27',0,1162),(24684,NULL,'C-28',0,1162),(24685,NULL,'C-29',0,1162),(24686,NULL,'C-30',0,1162),(24687,NULL,'D-1',0,1163),(24688,NULL,'D-2',0,1163),(24689,NULL,'D-3',0,1163),(24690,NULL,'D-4',0,1163),(24691,NULL,'D-5',0,1163),(24692,NULL,'D-6',0,1163),(24693,NULL,'D-7',0,1163),(24694,NULL,'D-8',0,1163),(24695,NULL,'D-9',0,1163),(24696,NULL,'D-10',0,1163),(24697,NULL,'D-11',0,1163),(24698,NULL,'D-12',0,1163),(24699,NULL,'D-13',0,1163),(24700,NULL,'D-14',0,1163),(24701,NULL,'D-15',0,1163),(24702,NULL,'D-16',0,1163),(24703,NULL,'D-17',0,1163),(24704,NULL,'D-18',0,1163),(24705,NULL,'D-19',0,1163),(24706,NULL,'D-20',0,1163),(24707,NULL,'D-21',0,1163),(24708,NULL,'D-22',0,1163),(24709,NULL,'D-23',0,1163),(24710,NULL,'D-24',0,1163),(24711,NULL,'D-25',0,1163),(24712,NULL,'D-26',0,1163),(24713,NULL,'D-27',0,1163),(24714,NULL,'D-28',0,1163),(24715,NULL,'D-29',0,1163),(24716,NULL,'D-30',0,1163),(24717,NULL,'E-1',0,1164),(24718,NULL,'E-2',0,1164),(24719,NULL,'E-3',0,1164),(24720,NULL,'E-4',0,1164),(24721,NULL,'E-5',0,1164),(24722,NULL,'E-6',0,1164),(24723,NULL,'E-7',0,1164),(24724,NULL,'E-8',0,1164),(24725,NULL,'E-9',0,1164),(24726,NULL,'E-10',0,1164),(24727,NULL,'E-11',0,1164),(24728,NULL,'E-12',0,1164),(24729,NULL,'E-13',0,1164),(24730,NULL,'E-14',0,1164),(24731,NULL,'E-15',0,1164),(24732,NULL,'E-16',0,1164),(24733,NULL,'E-17',0,1164),(24734,NULL,'E-18',0,1164),(24735,NULL,'E-19',0,1164),(24736,NULL,'E-20',0,1164),(24737,NULL,'E-21',0,1164),(24738,NULL,'E-22',0,1164),(24739,NULL,'E-23',0,1164),(24740,NULL,'E-24',0,1164),(24741,NULL,'E-25',0,1164),(24742,NULL,'E-26',0,1164),(24743,NULL,'E-27',0,1164),(24744,NULL,'E-28',0,1164),(24745,NULL,'E-29',0,1164),(24746,NULL,'E-30',0,1164),(24747,NULL,'가-1',0,1165),(24748,NULL,'가-2',0,1165),(24749,NULL,'가-3',0,1165),(24750,NULL,'가-4',0,1165),(24751,NULL,'가-5',0,1165),(24752,NULL,'가-6',0,1165),(24753,NULL,'가-7',0,1165),(24754,NULL,'가-8',0,1165),(24755,NULL,'가-9',0,1165),(24756,NULL,'가-10',0,1165),(24757,NULL,'가-11',0,1165),(24758,NULL,'가-12',0,1165),(24759,NULL,'가-13',0,1165),(24760,NULL,'가-14',0,1165),(24761,NULL,'가-15',0,1165),(24762,NULL,'가-16',0,1165),(24763,NULL,'가-17',0,1165),(24764,NULL,'가-18',0,1165),(24765,NULL,'가-19',0,1165),(24766,NULL,'가-20',0,1165),(24767,NULL,'가-21',0,1165),(24768,NULL,'가-22',0,1165),(24769,NULL,'가-23',0,1165),(24770,NULL,'가-24',0,1165),(24771,NULL,'가-25',0,1165),(24772,NULL,'가-26',0,1165),(24773,NULL,'가-27',0,1165),(24774,NULL,'가-28',0,1165),(24775,NULL,'가-29',0,1165),(24776,NULL,'가-30',0,1165),(24777,NULL,'가-31',0,1165),(24778,NULL,'가-32',0,1165),(24779,NULL,'가-33',0,1165),(24780,NULL,'가-34',0,1165),(24781,NULL,'가-35',0,1165),(24782,NULL,'가-36',0,1165),(24783,NULL,'가-37',0,1165),(24784,NULL,'가-38',0,1165),(24785,NULL,'가-39',0,1165),(24786,NULL,'가-40',0,1165),(24787,NULL,'나-1',0,1166),(24788,NULL,'나-2',0,1166),(24789,NULL,'나-3',0,1166),(24790,NULL,'나-4',0,1166),(24791,NULL,'나-5',0,1166),(24792,NULL,'나-6',0,1166),(24793,NULL,'나-7',0,1166),(24794,NULL,'나-8',0,1166),(24795,NULL,'나-9',0,1166),(24796,NULL,'나-10',0,1166),(24797,NULL,'나-11',0,1166),(24798,NULL,'나-12',0,1166),(24799,NULL,'나-13',0,1166),(24800,NULL,'나-14',0,1166),(24801,NULL,'나-15',0,1166),(24802,NULL,'나-16',0,1166),(24803,NULL,'나-17',0,1166),(24804,NULL,'나-18',0,1166),(24805,NULL,'나-19',0,1166),(24806,NULL,'나-20',0,1166),(24807,NULL,'나-21',0,1166),(24808,NULL,'나-22',0,1166),(24809,NULL,'나-23',0,1166),(24810,NULL,'나-24',0,1166),(24811,NULL,'나-25',0,1166),(24812,NULL,'나-26',0,1166),(24813,NULL,'나-27',0,1166),(24814,NULL,'나-28',0,1166),(24815,NULL,'나-29',0,1166),(24816,NULL,'나-30',0,1166),(24817,NULL,'나-31',0,1166),(24818,NULL,'나-32',0,1166),(24819,NULL,'나-33',0,1166),(24820,NULL,'나-34',0,1166),(24821,NULL,'나-35',0,1166),(24822,NULL,'나-36',0,1166),(24823,NULL,'나-37',0,1166),(24824,NULL,'나-38',0,1166),(24825,NULL,'나-39',0,1166),(24826,NULL,'나-40',0,1166),(24827,NULL,'3-1',0,1167),(24828,NULL,'3-2',0,1167),(24829,NULL,'3-3',0,1167),(24830,NULL,'3-4',0,1167),(24831,NULL,'3-5',0,1167),(24832,NULL,'3-6',0,1167),(24833,NULL,'3-7',0,1167),(24834,NULL,'3-8',0,1167),(24835,NULL,'3-9',0,1167),(24836,NULL,'3-10',0,1167),(24837,NULL,'3-11',0,1167),(24838,NULL,'3-12',0,1167),(24839,NULL,'3-13',0,1167),(24840,NULL,'3-14',0,1167),(24841,NULL,'3-15',0,1167),(24842,NULL,'3-16',0,1167),(24843,NULL,'3-17',0,1167),(24844,NULL,'3-18',0,1167),(24845,NULL,'3-19',0,1167),(24846,NULL,'3-20',0,1167),(24847,NULL,'4-1',0,1168),(24848,NULL,'4-2',0,1168),(24849,NULL,'4-3',0,1168),(24850,NULL,'4-4',0,1168),(24851,NULL,'4-5',0,1168),(24852,NULL,'4-6',0,1168),(24853,NULL,'4-7',0,1168),(24854,NULL,'4-8',0,1168),(24855,NULL,'4-9',0,1168),(24856,NULL,'4-10',0,1168),(24857,NULL,'4-11',0,1168),(24858,NULL,'4-12',0,1168),(24859,NULL,'4-13',0,1168),(24860,NULL,'4-14',0,1168),(24861,NULL,'4-15',0,1168),(24862,NULL,'4-16',0,1168),(24863,NULL,'4-17',0,1168),(24864,NULL,'4-18',0,1168),(24865,NULL,'4-19',0,1168),(24866,NULL,'4-20',0,1168),(24867,NULL,'5-1',0,1169),(24868,NULL,'5-2',0,1169),(24869,NULL,'5-3',0,1169),(24870,NULL,'5-4',0,1169),(24871,NULL,'5-5',0,1169),(24872,NULL,'5-6',0,1169),(24873,NULL,'5-7',0,1169),(24874,NULL,'5-8',0,1169),(24875,NULL,'5-9',0,1169),(24876,NULL,'5-10',0,1169),(24877,NULL,'5-11',0,1169),(24878,NULL,'5-12',0,1169),(24879,NULL,'5-13',0,1169),(24880,NULL,'5-14',0,1169),(24881,NULL,'5-15',0,1169),(24882,NULL,'5-16',0,1169),(24883,NULL,'5-17',0,1169),(24884,NULL,'5-18',0,1169),(24885,NULL,'5-19',0,1169),(24886,NULL,'5-20',0,1169),(24887,NULL,'6-1',0,1170),(24888,NULL,'6-2',0,1170),(24889,NULL,'6-3',0,1170),(24890,NULL,'6-4',0,1170),(24891,NULL,'6-5',0,1170),(24892,NULL,'6-6',0,1170),(24893,NULL,'6-7',0,1170),(24894,NULL,'6-8',0,1170),(24895,NULL,'6-9',0,1170),(24896,NULL,'6-10',0,1170),(24897,NULL,'6-11',0,1170),(24898,NULL,'6-12',0,1170),(24899,NULL,'6-13',0,1170),(24900,NULL,'6-14',0,1170),(24901,NULL,'6-15',0,1170),(24902,NULL,'6-16',0,1170),(24903,NULL,'6-17',0,1170),(24904,NULL,'6-18',0,1170),(24905,NULL,'6-19',0,1170),(24906,NULL,'6-20',0,1170),(24907,NULL,'7-1',0,1171),(24908,NULL,'7-2',0,1171),(24909,NULL,'7-3',0,1171),(24910,NULL,'7-4',0,1171),(24911,NULL,'7-5',0,1171),(24912,NULL,'7-6',0,1171),(24913,NULL,'7-7',0,1171),(24914,NULL,'7-8',0,1171),(24915,NULL,'7-9',0,1171),(24916,NULL,'7-10',0,1171),(24917,NULL,'7-11',0,1171),(24918,NULL,'7-12',0,1171),(24919,NULL,'7-13',0,1171),(24920,NULL,'7-14',0,1171),(24921,NULL,'7-15',0,1171),(24922,NULL,'7-16',0,1171),(24923,NULL,'7-17',0,1171),(24924,NULL,'7-18',0,1171),(24925,NULL,'7-19',0,1171),(24926,NULL,'7-20',0,1171),(24927,NULL,'8-1',0,1172),(24928,NULL,'8-2',0,1172),(24929,NULL,'8-3',0,1172),(24930,NULL,'8-4',0,1172),(24931,NULL,'8-5',0,1172),(24932,NULL,'8-6',0,1172),(24933,NULL,'8-7',0,1172),(24934,NULL,'8-8',0,1172),(24935,NULL,'8-9',0,1172),(24936,NULL,'8-10',0,1172),(24937,NULL,'8-11',0,1172),(24938,NULL,'8-12',0,1172),(24939,NULL,'8-13',0,1172),(24940,NULL,'8-14',0,1172),(24941,NULL,'8-15',0,1172),(24942,NULL,'8-16',0,1172),(24943,NULL,'8-17',0,1172),(24944,NULL,'8-18',0,1172),(24945,NULL,'8-19',0,1172),(24946,NULL,'8-20',0,1172),(24947,NULL,'10-1',0,1173),(24948,NULL,'10-2',0,1173),(24949,NULL,'10-3',0,1173),(24950,NULL,'10-4',0,1173),(24951,NULL,'10-5',0,1173),(24952,NULL,'10-6',0,1173),(24953,NULL,'10-7',0,1173),(24954,NULL,'10-8',0,1173),(24955,NULL,'10-9',0,1173),(24956,NULL,'10-10',0,1173),(24957,NULL,'10-11',0,1173),(24958,NULL,'10-12',0,1173),(24959,NULL,'10-13',0,1173),(24960,NULL,'10-14',0,1173),(24961,NULL,'10-15',0,1173),(24962,NULL,'10-16',0,1173),(24963,NULL,'10-17',0,1173),(24964,NULL,'10-18',0,1173),(24965,NULL,'10-19',0,1173),(24966,NULL,'10-20',0,1173),(24967,NULL,'11-1',0,1174),(24968,NULL,'11-2',0,1174),(24969,NULL,'11-3',0,1174),(24970,NULL,'11-4',0,1174),(24971,NULL,'11-5',0,1174),(24972,NULL,'11-6',0,1174),(24973,NULL,'11-7',0,1174),(24974,NULL,'11-8',0,1174),(24975,NULL,'11-9',0,1174),(24976,NULL,'11-10',0,1174),(24977,NULL,'11-11',0,1174),(24978,NULL,'11-12',0,1174),(24979,NULL,'11-13',0,1174),(24980,NULL,'11-14',0,1174),(24981,NULL,'11-15',0,1174),(24982,NULL,'11-16',0,1174),(24983,NULL,'11-17',0,1174),(24984,NULL,'11-18',0,1174),(24985,NULL,'11-19',0,1174),(24986,NULL,'11-20',0,1174),(24987,NULL,'12-1',0,1175),(24988,NULL,'12-2',0,1175),(24989,NULL,'12-3',0,1175),(24990,NULL,'12-4',0,1175),(24991,NULL,'12-5',0,1175),(24992,NULL,'12-6',0,1175),(24993,NULL,'12-7',0,1175),(24994,NULL,'12-8',0,1175),(24995,NULL,'12-9',0,1175),(24996,NULL,'12-10',0,1175),(24997,NULL,'12-11',0,1175),(24998,NULL,'12-12',0,1175),(24999,NULL,'12-13',0,1175),(25000,NULL,'12-14',0,1175),(25001,NULL,'12-15',0,1175),(25002,NULL,'12-16',0,1175),(25003,NULL,'12-17',0,1175),(25004,NULL,'12-18',0,1175),(25005,NULL,'12-19',0,1175),(25006,NULL,'12-20',0,1175),(25007,NULL,'13-1',0,1176),(25008,NULL,'13-2',0,1176),(25009,NULL,'13-3',0,1176),(25010,NULL,'13-4',0,1176),(25011,NULL,'13-5',0,1176),(25012,NULL,'13-6',0,1176),(25013,NULL,'13-7',0,1176),(25014,NULL,'13-8',0,1176),(25015,NULL,'13-9',0,1176),(25016,NULL,'13-10',0,1176),(25017,NULL,'13-11',0,1176),(25018,NULL,'13-12',0,1176),(25019,NULL,'13-13',0,1176),(25020,NULL,'13-14',0,1176),(25021,NULL,'13-15',0,1176),(25022,NULL,'13-16',0,1176),(25023,NULL,'13-17',0,1176),(25024,NULL,'13-18',0,1176),(25025,NULL,'13-19',0,1176),(25026,NULL,'13-20',0,1176),(25027,NULL,'14-1',0,1177),(25028,NULL,'14-2',0,1177),(25029,NULL,'14-3',0,1177),(25030,NULL,'14-4',0,1177),(25031,NULL,'14-5',0,1177),(25032,NULL,'14-6',0,1177),(25033,NULL,'14-7',0,1177),(25034,NULL,'14-8',0,1177),(25035,NULL,'14-9',0,1177),(25036,NULL,'14-10',0,1177),(25037,NULL,'14-11',0,1177),(25038,NULL,'14-12',0,1177),(25039,NULL,'14-13',0,1177),(25040,NULL,'14-14',0,1177),(25041,NULL,'14-15',0,1177),(25042,NULL,'14-16',0,1177),(25043,NULL,'14-17',0,1177),(25044,NULL,'14-18',0,1177),(25045,NULL,'14-19',0,1177),(25046,NULL,'14-20',0,1177),(25047,NULL,'15-1',0,1178),(25048,NULL,'15-2',0,1178),(25049,NULL,'15-3',0,1178),(25050,NULL,'15-4',0,1178),(25051,NULL,'15-5',0,1178),(25052,NULL,'15-6',0,1178),(25053,NULL,'15-7',0,1178),(25054,NULL,'15-8',0,1178),(25055,NULL,'15-9',0,1178),(25056,NULL,'15-10',0,1178),(25057,NULL,'15-11',0,1178),(25058,NULL,'15-12',0,1178),(25059,NULL,'15-13',0,1178),(25060,NULL,'15-14',0,1178),(25061,NULL,'15-15',0,1178),(25062,NULL,'15-16',0,1178),(25063,NULL,'15-17',0,1178),(25064,NULL,'15-18',0,1178),(25065,NULL,'15-19',0,1178),(25066,NULL,'15-20',0,1178),(25067,NULL,'A-1',0,1179),(25068,NULL,'A-2',0,1179),(25069,NULL,'A-3',0,1179),(25070,NULL,'A-4',0,1179),(25071,NULL,'A-5',0,1179),(25072,NULL,'A-6',0,1179),(25073,NULL,'A-7',0,1179),(25074,NULL,'A-8',0,1179),(25075,NULL,'A-9',0,1179),(25076,NULL,'A-10',0,1179),(25077,NULL,'A-11',0,1179),(25078,NULL,'A-12',0,1179),(25079,NULL,'A-13',0,1179),(25080,NULL,'A-14',0,1179),(25081,NULL,'A-15',0,1179),(25082,NULL,'A-16',0,1179),(25083,NULL,'A-17',0,1179),(25084,NULL,'A-18',0,1179),(25085,NULL,'A-19',0,1179),(25086,NULL,'A-20',0,1179),(25087,NULL,'A-21',0,1179),(25088,NULL,'A-22',0,1179),(25089,NULL,'A-23',0,1179),(25090,NULL,'A-24',0,1179),(25091,NULL,'A-25',0,1179),(25092,NULL,'A-26',0,1179),(25093,NULL,'A-27',0,1179),(25094,NULL,'A-28',0,1179),(25095,NULL,'A-29',0,1179),(25096,NULL,'A-30',0,1179),(25097,NULL,'B-1',0,1180),(25098,NULL,'B-2',0,1180),(25099,NULL,'B-3',0,1180),(25100,NULL,'B-4',0,1180),(25101,NULL,'B-5',0,1180),(25102,NULL,'B-6',0,1180),(25103,NULL,'B-7',0,1180),(25104,NULL,'B-8',0,1180),(25105,NULL,'B-9',0,1180),(25106,NULL,'B-10',0,1180),(25107,NULL,'B-11',0,1180),(25108,NULL,'B-12',0,1180),(25109,NULL,'B-13',0,1180),(25110,NULL,'B-14',0,1180),(25111,NULL,'B-15',0,1180),(25112,NULL,'B-16',0,1180),(25113,NULL,'B-17',0,1180),(25114,NULL,'B-18',0,1180),(25115,NULL,'B-19',0,1180),(25116,NULL,'B-20',0,1180),(25117,NULL,'B-21',0,1180),(25118,NULL,'B-22',0,1180),(25119,NULL,'B-23',0,1180),(25120,NULL,'B-24',0,1180),(25121,NULL,'B-25',0,1180),(25122,NULL,'B-26',0,1180),(25123,NULL,'B-27',0,1180),(25124,NULL,'B-28',0,1180),(25125,NULL,'B-29',0,1180),(25126,NULL,'B-30',0,1180),(25127,NULL,'C-1',0,1181),(25128,NULL,'C-2',0,1181),(25129,NULL,'C-3',0,1181),(25130,NULL,'C-4',0,1181),(25131,NULL,'C-5',0,1181),(25132,NULL,'C-6',0,1181),(25133,NULL,'C-7',0,1181),(25134,NULL,'C-8',0,1181),(25135,NULL,'C-9',0,1181),(25136,NULL,'C-10',0,1181),(25137,NULL,'C-11',0,1181),(25138,NULL,'C-12',0,1181),(25139,NULL,'C-13',0,1181),(25140,NULL,'C-14',0,1181),(25141,NULL,'C-15',0,1181),(25142,NULL,'C-16',0,1181),(25143,NULL,'C-17',0,1181),(25144,NULL,'C-18',0,1181),(25145,NULL,'C-19',0,1181),(25146,NULL,'C-20',0,1181),(25147,NULL,'C-21',0,1181),(25148,NULL,'C-22',0,1181),(25149,NULL,'C-23',0,1181),(25150,NULL,'C-24',0,1181),(25151,NULL,'C-25',0,1181),(25152,NULL,'C-26',0,1181),(25153,NULL,'C-27',0,1181),(25154,NULL,'C-28',0,1181),(25155,NULL,'C-29',0,1181),(25156,NULL,'C-30',0,1181),(25157,NULL,'D-1',0,1182),(25158,NULL,'D-2',0,1182),(25159,NULL,'D-3',0,1182),(25160,NULL,'D-4',0,1182),(25161,NULL,'D-5',0,1182),(25162,NULL,'D-6',0,1182),(25163,NULL,'D-7',0,1182),(25164,NULL,'D-8',0,1182),(25165,NULL,'D-9',0,1182),(25166,NULL,'D-10',0,1182),(25167,NULL,'D-11',0,1182),(25168,NULL,'D-12',0,1182),(25169,NULL,'D-13',0,1182),(25170,NULL,'D-14',0,1182),(25171,NULL,'D-15',0,1182),(25172,NULL,'D-16',0,1182),(25173,NULL,'D-17',0,1182),(25174,NULL,'D-18',0,1182),(25175,NULL,'D-19',0,1182),(25176,NULL,'D-20',0,1182),(25177,NULL,'D-21',0,1182),(25178,NULL,'D-22',0,1182),(25179,NULL,'D-23',0,1182),(25180,NULL,'D-24',0,1182),(25181,NULL,'D-25',0,1182),(25182,NULL,'D-26',0,1182),(25183,NULL,'D-27',0,1182),(25184,NULL,'D-28',0,1182),(25185,NULL,'D-29',0,1182),(25186,NULL,'D-30',0,1182),(25187,NULL,'E-1',0,1183),(25188,NULL,'E-2',0,1183),(25189,NULL,'E-3',0,1183),(25190,NULL,'E-4',0,1183),(25191,NULL,'E-5',0,1183),(25192,NULL,'E-6',0,1183),(25193,NULL,'E-7',0,1183),(25194,NULL,'E-8',0,1183),(25195,NULL,'E-9',0,1183),(25196,NULL,'E-10',0,1183),(25197,NULL,'E-11',0,1183),(25198,NULL,'E-12',0,1183),(25199,NULL,'E-13',0,1183),(25200,NULL,'E-14',0,1183),(25201,NULL,'E-15',0,1183),(25202,NULL,'E-16',0,1183),(25203,NULL,'E-17',0,1183),(25204,NULL,'E-18',0,1183),(25205,NULL,'E-19',0,1183),(25206,NULL,'E-20',0,1183),(25207,NULL,'E-21',0,1183),(25208,NULL,'E-22',0,1183),(25209,NULL,'E-23',0,1183),(25210,NULL,'E-24',0,1183),(25211,NULL,'E-25',0,1183),(25212,NULL,'E-26',0,1183),(25213,NULL,'E-27',0,1183),(25214,NULL,'E-28',0,1183),(25215,NULL,'E-29',0,1183),(25216,NULL,'E-30',0,1183),(25217,NULL,'가-1',0,1184),(25218,NULL,'가-2',0,1184),(25219,NULL,'가-3',0,1184),(25220,NULL,'가-4',0,1184),(25221,NULL,'가-5',0,1184),(25222,NULL,'가-6',0,1184),(25223,NULL,'가-7',0,1184),(25224,NULL,'가-8',0,1184),(25225,NULL,'가-9',0,1184),(25226,NULL,'가-10',0,1184),(25227,NULL,'가-11',0,1184),(25228,NULL,'가-12',0,1184),(25229,NULL,'가-13',0,1184),(25230,NULL,'가-14',0,1184),(25231,NULL,'가-15',0,1184),(25232,NULL,'가-16',0,1184),(25233,NULL,'가-17',0,1184),(25234,NULL,'가-18',0,1184),(25235,NULL,'가-19',0,1184),(25236,NULL,'가-20',0,1184),(25237,NULL,'가-21',0,1184),(25238,NULL,'가-22',0,1184),(25239,NULL,'가-23',0,1184),(25240,NULL,'가-24',0,1184),(25241,NULL,'가-25',0,1184),(25242,NULL,'가-26',0,1184),(25243,NULL,'가-27',0,1184),(25244,NULL,'가-28',0,1184),(25245,NULL,'가-29',0,1184),(25246,NULL,'가-30',0,1184),(25247,NULL,'가-31',0,1184),(25248,NULL,'가-32',0,1184),(25249,NULL,'가-33',0,1184),(25250,NULL,'가-34',0,1184),(25251,NULL,'가-35',0,1184),(25252,NULL,'가-36',0,1184),(25253,NULL,'가-37',0,1184),(25254,NULL,'가-38',0,1184),(25255,NULL,'가-39',0,1184),(25256,NULL,'가-40',0,1184),(25257,NULL,'나-1',0,1185),(25258,NULL,'나-2',0,1185),(25259,NULL,'나-3',0,1185),(25260,NULL,'나-4',0,1185),(25261,NULL,'나-5',0,1185),(25262,NULL,'나-6',0,1185),(25263,NULL,'나-7',0,1185),(25264,NULL,'나-8',0,1185),(25265,NULL,'나-9',0,1185),(25266,NULL,'나-10',0,1185),(25267,NULL,'나-11',0,1185),(25268,NULL,'나-12',0,1185),(25269,NULL,'나-13',0,1185),(25270,NULL,'나-14',0,1185),(25271,NULL,'나-15',0,1185),(25272,NULL,'나-16',0,1185),(25273,NULL,'나-17',0,1185),(25274,NULL,'나-18',0,1185),(25275,NULL,'나-19',0,1185),(25276,NULL,'나-20',0,1185),(25277,NULL,'나-21',0,1185),(25278,NULL,'나-22',0,1185),(25279,NULL,'나-23',0,1185),(25280,NULL,'나-24',0,1185),(25281,NULL,'나-25',0,1185),(25282,NULL,'나-26',0,1185),(25283,NULL,'나-27',0,1185),(25284,NULL,'나-28',0,1185),(25285,NULL,'나-29',0,1185),(25286,NULL,'나-30',0,1185),(25287,NULL,'나-31',0,1185),(25288,NULL,'나-32',0,1185),(25289,NULL,'나-33',0,1185),(25290,NULL,'나-34',0,1185),(25291,NULL,'나-35',0,1185),(25292,NULL,'나-36',0,1185),(25293,NULL,'나-37',0,1185),(25294,NULL,'나-38',0,1185),(25295,NULL,'나-39',0,1185),(25296,NULL,'나-40',0,1185),(25297,NULL,'A-1',0,1186),(25298,NULL,'A-2',0,1186),(25299,NULL,'A-3',0,1186),(25300,NULL,'A-4',0,1186),(25301,NULL,'A-5',0,1186),(25302,NULL,'A-6',0,1186),(25303,NULL,'A-7',0,1186),(25304,NULL,'A-8',0,1186),(25305,NULL,'A-9',0,1186),(25306,NULL,'A-10',0,1186),(25307,NULL,'A-11',0,1186),(25308,NULL,'A-12',0,1186),(25309,NULL,'A-13',0,1186),(25310,NULL,'A-14',0,1186),(25311,NULL,'A-15',0,1186),(25312,NULL,'A-16',0,1186),(25313,NULL,'A-17',0,1186),(25314,NULL,'A-18',0,1186),(25315,NULL,'A-19',0,1186),(25316,NULL,'A-20',0,1186),(25317,'2022-04-05 01:46:23.932000','A-21',1,1186),(25318,NULL,'A-22',0,1186),(25319,NULL,'A-23',0,1186),(25320,NULL,'A-24',0,1186),(25321,NULL,'A-25',0,1186),(25322,NULL,'A-26',0,1186),(25323,NULL,'A-27',0,1186),(25324,NULL,'A-28',0,1186),(25325,NULL,'A-29',0,1186),(25326,NULL,'A-30',0,1186),(25327,NULL,'A-31',0,1186),(25328,NULL,'A-32',0,1186),(25329,NULL,'A-33',0,1186),(25330,NULL,'A-34',0,1186),(25331,NULL,'A-35',0,1186),(25332,NULL,'A-36',0,1186),(25333,NULL,'A-37',0,1186),(25334,NULL,'A-38',0,1186),(25335,NULL,'A-39',0,1186),(25336,NULL,'A-40',0,1186),(25337,NULL,'B-1',0,1187),(25338,NULL,'B-2',0,1187),(25339,NULL,'B-3',0,1187),(25340,NULL,'B-4',0,1187),(25341,NULL,'B-5',0,1187),(25342,NULL,'B-6',0,1187),(25343,NULL,'B-7',0,1187),(25344,NULL,'B-8',0,1187),(25345,NULL,'B-9',0,1187),(25346,NULL,'B-10',0,1187),(25347,NULL,'B-11',0,1187),(25348,NULL,'B-12',0,1187),(25349,NULL,'B-13',0,1187),(25350,NULL,'B-14',0,1187),(25351,NULL,'B-15',0,1187),(25352,NULL,'B-16',0,1187),(25353,NULL,'B-17',0,1187),(25354,NULL,'B-18',0,1187),(25355,NULL,'B-19',0,1187),(25356,NULL,'B-20',0,1187),(25357,NULL,'B-21',0,1187),(25358,NULL,'B-22',0,1187),(25359,NULL,'B-23',0,1187),(25360,NULL,'B-24',0,1187),(25361,NULL,'B-25',0,1187),(25362,NULL,'B-26',0,1187),(25363,NULL,'B-27',0,1187),(25364,NULL,'B-28',0,1187),(25365,NULL,'B-29',0,1187),(25366,NULL,'B-30',0,1187),(25367,NULL,'B-31',0,1187),(25368,NULL,'B-32',0,1187),(25369,NULL,'B-33',0,1187),(25370,NULL,'B-34',0,1187),(25371,NULL,'B-35',0,1187),(25372,NULL,'B-36',0,1187),(25373,NULL,'B-37',0,1187),(25374,NULL,'B-38',0,1187),(25375,NULL,'B-39',0,1187),(25376,NULL,'B-40',0,1187),(25377,NULL,'C-1',0,1188),(25378,NULL,'C-2',0,1188),(25379,NULL,'C-3',0,1188),(25380,NULL,'C-4',0,1188),(25381,NULL,'C-5',0,1188),(25382,NULL,'C-6',0,1188),(25383,NULL,'C-7',0,1188),(25384,NULL,'C-8',0,1188),(25385,NULL,'C-9',0,1188),(25386,NULL,'C-10',0,1188),(25387,NULL,'C-11',0,1188),(25388,NULL,'C-12',0,1188),(25389,NULL,'C-13',0,1188),(25390,NULL,'C-14',0,1188),(25391,NULL,'C-15',0,1188),(25392,NULL,'C-16',0,1188),(25393,NULL,'C-17',0,1188),(25394,NULL,'C-18',0,1188),(25395,NULL,'C-19',0,1188),(25396,NULL,'C-20',0,1188),(25397,NULL,'C-21',0,1188),(25398,NULL,'C-22',0,1188),(25399,NULL,'C-23',0,1188),(25400,NULL,'C-24',0,1188),(25401,NULL,'C-25',0,1188),(25402,NULL,'C-26',0,1188),(25403,NULL,'C-27',0,1188),(25404,NULL,'C-28',0,1188),(25405,NULL,'C-29',0,1188),(25406,NULL,'C-30',0,1188),(25407,NULL,'C-31',0,1188),(25408,NULL,'C-32',0,1188),(25409,NULL,'C-33',0,1188),(25410,NULL,'C-34',0,1188),(25411,NULL,'C-35',0,1188),(25412,NULL,'C-36',0,1188),(25413,NULL,'C-37',0,1188),(25414,NULL,'C-38',0,1188),(25415,NULL,'C-39',0,1188),(25416,NULL,'C-40',0,1188),(25417,NULL,'D-1',0,1189),(25418,NULL,'D-2',0,1189),(25419,NULL,'D-3',0,1189),(25420,NULL,'D-4',0,1189),(25421,NULL,'D-5',0,1189),(25422,NULL,'D-6',0,1189),(25423,NULL,'D-7',0,1189),(25424,NULL,'D-8',0,1189),(25425,NULL,'D-9',0,1189),(25426,NULL,'D-10',0,1189),(25427,NULL,'D-11',0,1189),(25428,NULL,'D-12',0,1189),(25429,NULL,'D-13',0,1189),(25430,NULL,'D-14',0,1189),(25431,NULL,'D-15',0,1189),(25432,NULL,'D-16',0,1189),(25433,NULL,'D-17',0,1189),(25434,NULL,'D-18',0,1189),(25435,NULL,'D-19',0,1189),(25436,NULL,'D-20',0,1189),(25437,NULL,'D-21',0,1189),(25438,NULL,'D-22',0,1189),(25439,NULL,'D-23',0,1189),(25440,NULL,'D-24',0,1189),(25441,NULL,'D-25',0,1189),(25442,NULL,'D-26',0,1189),(25443,NULL,'D-27',0,1189),(25444,NULL,'D-28',0,1189),(25445,NULL,'D-29',0,1189),(25446,NULL,'D-30',0,1189),(25447,NULL,'D-31',0,1189),(25448,NULL,'D-32',0,1189),(25449,NULL,'D-33',0,1189),(25450,NULL,'D-34',0,1189),(25451,NULL,'D-35',0,1189),(25452,NULL,'D-36',0,1189),(25453,NULL,'D-37',0,1189),(25454,NULL,'D-38',0,1189),(25455,NULL,'D-39',0,1189),(25456,NULL,'D-40',0,1189);
/*!40000 ALTER TABLE `seat` ENABLE KEYS */;
UNLOCK TABLES;

--
-- Table structure for table `section`
--

DROP TABLE IF EXISTS `section`;
/*!40101 SET @saved_cs_client     = @@character_set_client */;
/*!50503 SET character_set_client = utf8mb4 */;
CREATE TABLE `section` (
  `section_id` bigint NOT NULL AUTO_INCREMENT,
  `name` varchar(255) COLLATE utf8mb4_unicode_ci DEFAULT NULL,
  `times_id` bigint DEFAULT NULL,
  PRIMARY KEY (`section_id`),
  KEY `FKtj96wiyhoyrq92snj907spvl5` (`times_id`),
  CONSTRAINT `FKtj96wiyhoyrq92snj907spvl5` FOREIGN KEY (`times_id`) REFERENCES `times` (`times_id`)
) ENGINE=InnoDB AUTO_INCREMENT=1190 DEFAULT CHARSET=utf8mb4 COLLATE=utf8mb4_unicode_ci;
/*!40101 SET character_set_client = @saved_cs_client */;

--
-- Dumping data for table `section`
--

LOCK TABLES `section` WRITE;
/*!40000 ALTER TABLE `section` DISABLE KEYS */;
INSERT INTO `section` VALUES (902,'가',55),(903,'나',55),(904,'다',55),(905,'라',55),(906,'B1',55),(907,'B2',55),(908,'D2',55),(909,'D1',55),(910,'C1',55),(911,'C2',55),(912,'C3',55),(913,'가',56),(914,'나',56),(915,'다',56),(916,'라',56),(917,'B1',56),(918,'B2',56),(919,'D2',56),(920,'D1',56),(921,'C1',56),(922,'C2',56),(923,'C3',56),(924,'3',57),(925,'4',57),(926,'5',57),(927,'6',57),(928,'7',57),(929,'8',57),(930,'10',57),(931,'11',57),(932,'12',57),(933,'13',57),(934,'14',57),(935,'15',57),(936,'A',57),(937,'B',57),(938,'C',57),(939,'D',57),(940,'E',57),(941,'3',58),(942,'4',58),(943,'5',58),(944,'6',58),(945,'7',58),(946,'8',58),(947,'10',58),(948,'11',58),(949,'12',58),(950,'13',58),(951,'14',58),(952,'15',58),(953,'A',58),(954,'B',58),(955,'C',58),(956,'D',58),(957,'E',58),(958,'3',59),(959,'4',59),(960,'5',59),(961,'6',59),(962,'7',59),(963,'8',59),(964,'10',59),(965,'11',59),(966,'12',59),(967,'13',59),(968,'14',59),(969,'15',59),(970,'A',59),(971,'B',59),(972,'C',59),(973,'D',59),(974,'E',59),(975,'3',60),(976,'4',60),(977,'5',60),(978,'6',60),(979,'7',60),(980,'8',60),(981,'10',60),(982,'11',60),(983,'12',60),(984,'13',60),(985,'14',60),(986,'15',60),(987,'A',60),(988,'B',60),(989,'C',60),(990,'D',60),(991,'E',60),(992,'가',60),(993,'나',60),(994,'3',61),(995,'4',61),(996,'5',61),(997,'6',61),(998,'7',61),(999,'8',61),(1000,'10',61),(1001,'11',61),(1002,'12',61),(1003,'13',61),(1004,'14',61),(1005,'15',61),(1006,'A',61),(1007,'B',61),(1008,'C',61),(1009,'D',61),(1010,'E',61),(1011,'가',61),(1012,'나',61),(1013,'3',62),(1014,'4',62),(1015,'5',62),(1016,'6',62),(1017,'7',62),(1018,'8',62),(1019,'10',62),(1020,'11',62),(1021,'12',62),(1022,'13',62),(1023,'14',62),(1024,'15',62),(1025,'A',62),(1026,'B',62),(1027,'C',62),(1028,'D',62),(1029,'E',62),(1030,'가',62),(1031,'나',62),(1032,'3',63),(1033,'4',63),(1034,'5',63),(1035,'6',63),(1036,'7',63),(1037,'8',63),(1038,'10',63),(1039,'11',63),(1040,'12',63),(1041,'13',63),(1042,'14',63),(1043,'15',63),(1044,'A',63),(1045,'B',63),(1046,'C',63),(1047,'D',63),(1048,'E',63),(1049,'가',63),(1050,'나',63),(1051,'1',64),(1052,'2',64),(1053,'3',64),(1054,'4',64),(1055,'5',64),(1056,'6',64),(1057,'7',64),(1058,'8',64),(1059,'9',64),(1060,'10',64),(1061,'11',64),(1062,'12',64),(1063,'13',64),(1064,'14',64),(1065,'15',64),(1066,'16',64),(1067,'17',64),(1068,'18',64),(1069,'A',64),(1070,'B',64),(1071,'C',64),(1072,'D',64),(1073,'E',64),(1074,'F',64),(1075,'G',64),(1076,'H',64),(1077,'1',65),(1078,'2',65),(1079,'3',65),(1080,'4',65),(1081,'5',65),(1082,'6',65),(1083,'7',65),(1084,'8',65),(1085,'9',65),(1086,'10',65),(1087,'11',65),(1088,'12',65),(1089,'13',65),(1090,'14',65),(1091,'15',65),(1092,'16',65),(1093,'17',65),(1094,'18',65),(1095,'A',65),(1096,'B',65),(1097,'C',65),(1098,'D',65),(1099,'E',65),(1100,'F',65),(1101,'G',65),(1102,'H',65),(1103,'1',66),(1104,'2',66),(1105,'3',66),(1106,'4',66),(1107,'5',66),(1108,'6',66),(1109,'7',66),(1110,'8',66),(1111,'9',66),(1112,'10',66),(1113,'11',66),(1114,'12',66),(1115,'13',66),(1116,'14',66),(1117,'15',66),(1118,'16',66),(1119,'17',66),(1120,'18',66),(1121,'A',66),(1122,'B',66),(1123,'C',66),(1124,'D',66),(1125,'E',66),(1126,'F',66),(1127,'G',66),(1128,'H',66),(1129,'3',67),(1130,'4',67),(1131,'5',67),(1132,'6',67),(1133,'7',67),(1134,'8',67),(1135,'10',67),(1136,'11',67),(1137,'12',67),(1138,'13',67),(1139,'14',67),(1140,'15',67),(1141,'A',67),(1142,'B',67),(1143,'C',67),(1144,'D',67),(1145,'E',67),(1146,'가',67),(1147,'나',67),(1148,'3',68),(1149,'4',68),(1150,'5',68),(1151,'6',68),(1152,'7',68),(1153,'8',68),(1154,'10',68),(1155,'11',68),(1156,'12',68),(1157,'13',68),(1158,'14',68),(1159,'15',68),(1160,'A',68),(1161,'B',68),(1162,'C',68),(1163,'D',68),(1164,'E',68),(1165,'가',68),(1166,'나',68),(1167,'3',69),(1168,'4',69),(1169,'5',69),(1170,'6',69),(1171,'7',69),(1172,'8',69),(1173,'10',69),(1174,'11',69),(1175,'12',69),(1176,'13',69),(1177,'14',69),(1178,'15',69),(1179,'A',69),(1180,'B',69),(1181,'C',69),(1182,'D',69),(1183,'E',69),(1184,'가',69),(1185,'나',69),(1186,'A',70),(1187,'B',70),(1188,'C',70),(1189,'D',70);
/*!40000 ALTER TABLE `section` ENABLE KEYS */;
UNLOCK TABLES;

--
-- Table structure for table `times`
--

DROP TABLE IF EXISTS `times`;
/*!40101 SET @saved_cs_client     = @@character_set_client */;
/*!50503 SET character_set_client = utf8mb4 */;
CREATE TABLE `times` (
  `times_id` bigint NOT NULL AUTO_INCREMENT,
  `date` varchar(255) COLLATE utf8mb4_unicode_ci DEFAULT NULL,
  `concert_id` bigint DEFAULT NULL,
  PRIMARY KEY (`times_id`),
  KEY `FKqkhr7kx4y609s5sovnc2qfm95` (`concert_id`),
  CONSTRAINT `FKqkhr7kx4y609s5sovnc2qfm95` FOREIGN KEY (`concert_id`) REFERENCES `concert` (`concert_id`)
) ENGINE=InnoDB AUTO_INCREMENT=71 DEFAULT CHARSET=utf8mb4 COLLATE=utf8mb4_unicode_ci;
/*!40101 SET character_set_client = @saved_cs_client */;

--
-- Dumping data for table `times`
--

LOCK TABLES `times` WRITE;
/*!40000 ALTER TABLE `times` DISABLE KEYS */;
INSERT INTO `times` VALUES (55,'2022-01-151800',22),(56,'2022-01-161800',22),(57,'2022-04-051400',23),(58,'2022-04-061400',23),(59,'2022-04-062200',23),(60,'2022-05-101200',24),(61,'2022-04-172000',25),(62,'2022-04-181800',25),(63,'2022-04-191700',25),(64,'2022-04-081900',26),(65,'2022-04-092000',26),(66,'2022-04-192000',26),(67,'2022-04-272000',27),(68,'2022-04-281800',27),(69,'2022-04-291700',27),(70,'2022-05-302000',28);
/*!40000 ALTER TABLE `times` ENABLE KEYS */;
UNLOCK TABLES;
/*!40103 SET TIME_ZONE=@OLD_TIME_ZONE */;

/*!40101 SET SQL_MODE=@OLD_SQL_MODE */;
/*!40014 SET FOREIGN_KEY_CHECKS=@OLD_FOREIGN_KEY_CHECKS */;
/*!40014 SET UNIQUE_CHECKS=@OLD_UNIQUE_CHECKS */;
/*!40101 SET CHARACTER_SET_CLIENT=@OLD_CHARACTER_SET_CLIENT */;
/*!40101 SET CHARACTER_SET_RESULTS=@OLD_CHARACTER_SET_RESULTS */;
/*!40101 SET COLLATION_CONNECTION=@OLD_COLLATION_CONNECTION */;
/*!40111 SET SQL_NOTES=@OLD_SQL_NOTES */;

-- Dump completed on 2022-04-06 16:30:26
