-- MySQL dump 10.13  Distrib 8.0.26, for Win64 (x86_64)
--
-- Host: localhost    Database: mint
-- ------------------------------------------------------
-- Server version	8.0.28

/*!40101 SET @OLD_CHARACTER_SET_CLIENT=@@CHARACTER_SET_CLIENT */;
/*!40101 SET @OLD_CHARACTER_SET_RESULTS=@@CHARACTER_SET_RESULTS */;
/*!40101 SET @OLD_COLLATION_CONNECTION=@@COLLATION_CONNECTION */;
/*!50503 SET NAMES utf8 */;
/*!40103 SET @OLD_TIME_ZONE=@@TIME_ZONE */;
/*!40103 SET TIME_ZONE='+00:00' */;
/*!40014 SET @OLD_UNIQUE_CHECKS=@@UNIQUE_CHECKS, UNIQUE_CHECKS=0 */;
/*!40014 SET @OLD_FOREIGN_KEY_CHECKS=@@FOREIGN_KEY_CHECKS, FOREIGN_KEY_CHECKS=0 */;
/*!40101 SET @OLD_SQL_MODE=@@SQL_MODE, SQL_MODE='NO_AUTO_VALUE_ON_ZERO' */;
/*!40111 SET @OLD_SQL_NOTES=@@SQL_NOTES, SQL_NOTES=0 */;

--
-- Table structure for table `artist`
--

DROP TABLE IF EXISTS `artist`;
/*!40101 SET @saved_cs_client     = @@character_set_client */;
/*!50503 SET character_set_client = utf8mb4 */;
CREATE TABLE `artist` (
  `artist_id` bigint NOT NULL AUTO_INCREMENT,
  `name` varchar(255) COLLATE utf8mb4_unicode_ci NOT NULL,
  `concert_id` bigint DEFAULT NULL,
  PRIMARY KEY (`artist_id`),
  KEY `FKeltymty0s1u1l7k8rfhr2p9my` (`concert_id`),
  CONSTRAINT `FKeltymty0s1u1l7k8rfhr2p9my` FOREIGN KEY (`concert_id`) REFERENCES `concert` (`concert_id`)
) ENGINE=InnoDB AUTO_INCREMENT=62 DEFAULT CHARSET=utf8mb4 COLLATE=utf8mb4_unicode_ci;
/*!40101 SET character_set_client = @saved_cs_client */;

--
-- Dumping data for table `artist`
--

LOCK TABLES `artist` WRITE;
/*!40000 ALTER TABLE `artist` DISABLE KEYS */;
INSERT INTO `artist` VALUES (55,'RED_VELVET',53),(56,'BRAVE_GIRLS',54),(57,'OH_MY_GIRL',55),(58,'IU',56),(59,'TAEYEON',57),(60,'TWICE',58),(61,'HIGHLIGHT',59);
/*!40000 ALTER TABLE `artist` ENABLE KEYS */;
UNLOCK TABLES;

--
-- Table structure for table `cids`
--

DROP TABLE IF EXISTS `cids`;
/*!40101 SET @saved_cs_client     = @@character_set_client */;
/*!50503 SET character_set_client = utf8mb4 */;
CREATE TABLE `cids` (
  `cids_id` bigint NOT NULL AUTO_INCREMENT,
  `cid` varchar(255) COLLATE utf8mb4_unicode_ci DEFAULT NULL,
  `concert_id` bigint DEFAULT NULL,
  PRIMARY KEY (`cids_id`),
  KEY `FK7h1dnun65uui5c44tif3ceykf` (`concert_id`),
  CONSTRAINT `FK7h1dnun65uui5c44tif3ceykf` FOREIGN KEY (`concert_id`) REFERENCES `concert` (`concert_id`)
) ENGINE=InnoDB AUTO_INCREMENT=243 DEFAULT CHARSET=utf8mb4 COLLATE=utf8mb4_unicode_ci;
/*!40101 SET character_set_client = @saved_cs_client */;

--
-- Dumping data for table `cids`
--

LOCK TABLES `cids` WRITE;
/*!40000 ALTER TABLE `cids` DISABLE KEYS */;
INSERT INTO `cids` VALUES (209,'{\"gif\":\"files/URIImg/c70c995e-a981-4bfb-851e-b7d5d43e8a22_irin.gif\",\"mp4\":\"files/URIImg/fe61019f-b2c6-40d5-9f98-b9968cd5406b_irin.mp4\"}',53),(210,'{\"gif\":\"files/URIImg/a7aa2baa-fb9a-418e-be27-7eedecd41ae1_joy.gif\",\"mp4\":\"files/URIImg/b7ffc9e5-bf6f-4fde-9a95-e86418080820_joy.mp4\"}',53),(211,'{\"gif\":\"files/URIImg/e395fc12-869b-4398-b2b2-c7fbee7cfcc7_sulgi.gif\",\"mp4\":\"files/URIImg/9273093a-df8c-472a-85c2-abcf017e79ea_sulgi.mp4\"}',53),(212,'{\"gif\":\"files/URIImg/9fb922c9-77a5-4753-a865-eb9961ea2ff8_wendy.gif\",\"mp4\":\"files/URIImg/45db650c-039d-4778-91a1-11e8a5dfebec_wendy.mp4\"}',53),(213,'{\"gif\":\"files/URIImg/6a6fa869-1172-4580-bb11-a3de6dbdf7b1_yeri.gif\",\"mp4\":\"files/URIImg/bd0c9f30-2ea1-4467-b7d3-2e0079dbd5f7_yeri.mp4\"}',53),(214,'{\"gif\":\"files/URIImg/edcf98c9-5353-4ee0-b971-b61d400827fb_1.gif\",\"mp4\":\"files/URIImg/a9d26eaa-e6d6-4d79-be69-8b826543e111_1.mp4\"}',54),(215,'{\"gif\":\"files/URIImg/6b503a04-83a2-46f4-84cf-e3a9bca833cb_2.gif\",\"mp4\":\"files/URIImg/42365b3e-a81e-49d9-98a4-3a0f359a71be_2.mp4\"}',54),(216,'{\"gif\":\"files/URIImg/144f3e88-5942-478c-8b4a-d83f10d3b3b5_3.gif\",\"mp4\":\"files/URIImg/2c38efdb-495e-477f-89f7-768aa5c0e1c1_3.mp4\"}',54),(217,'{\"gif\":\"files/URIImg/04734e1f-1028-4db0-83e7-b5aa0c1281a0_0h2.gif\",\"mp4\":\"files/URIImg/d9696a85-dcbf-4473-8fef-2500fa906365_ezgif.com-gif-maker (23).mp4\"}',55),(218,'{\"gif\":\"files/URIImg/fa72c02e-8cf1-4188-bc11-3fd10d4d2c6d_oh1.gif\",\"mp4\":\"files/URIImg/7512a3ba-decb-42fd-aca1-fb064aceab8b_ezgif.com-gif-maker (24).mp4\"}',55),(219,'{\"gif\":\"files/URIImg/5dea2afd-4880-4ec7-987f-434fa876ca6f_oh3.gif\",\"mp4\":\"files/URIImg/e5f62545-1470-4d64-82ca-befc8bfc4ee1_ezgif.com-gif-maker (25).mp4\"}',55),(220,'{\"gif\":\"files/URIImg/f10b97d4-5696-4ea2-ad7c-337a3b18c5a6_oh4.gif\",\"mp4\":\"files/URIImg/554fe58d-70c1-4cac-be87-c1eeeba9bb51_ezgif.com-gif-maker (26).mp4\"}',55),(221,'{\"gif\":\"files/URIImg/c0a73ad6-5982-436a-b254-f6574eade481_oh5.gif\",\"mp4\":\"files/URIImg/1cff50f0-bf87-48f3-bd0c-087e2107929a_ezgif.com-gif-maker (27).mp4\"}',55),(222,'{\"gif\":\"files/URIImg/c59d6aa3-ae22-417a-a75b-b3398a548dd6_oh6.gif\",\"mp4\":\"files/URIImg/febef437-aec1-4b37-b34f-f32365188413_ezgif.com-gif-maker (28).mp4\"}',55),(223,'{\"gif\":\"files/URIImg/6bb5c87d-7c9e-4763-b000-426c656f5034_iu1.gif\",\"mp4\":\"files/URIImg/7c7e97fd-66c7-401e-aada-ffbffd52a86a_iu1.video.mp4\"}',56),(224,'{\"gif\":\"files/URIImg/3cea08f3-6fde-491e-8c18-9722edea170e_iu2.gif\",\"mp4\":\"files/URIImg/b0cd4729-fb11-416e-90dd-7d09a915f7d7_iu2.video.mp4\"}',56),(225,'{\"gif\":\"files/URIImg/67cbe20f-0990-4ce0-acf7-ffb87bc4e2ab_iu3.gif\",\"mp4\":\"files/URIImg/1f458d47-9dc5-468a-9757-d0a7bdb6bd95_iu3.video.mp4\"}',56),(226,'{\"gif\":\"files/URIImg/bf178fce-e375-4b43-be04-163ea13bf3c0_iu4.gif\",\"mp4\":\"files/URIImg/06b8dda9-6758-478a-a1fc-06c084f4d821_iu4.vide.mp4\"}',56),(227,'{\"gif\":\"files/URIImg/c779a135-099c-417d-bf27-b2ef94b70ebe_ezgif-4-926ba845f3.gif\",\"mp4\":\"files/URIImg/9d5e2def-9996-4b50-8f43-7811242e2132_tea4.mp4\"}',57),(228,'{\"gif\":\"files/URIImg/c6930133-8d54-4e84-b854-6c7359e9c50e_test1.gif\",\"mp4\":\"files/URIImg/fcaf4324-d30f-4bd4-80ed-00d5ab5fc7ae_tea1.mp4\"}',57),(229,'{\"gif\":\"files/URIImg/440b6c6c-731e-4354-9830-de8ce496fde3_Fine-Music-Video-Teaser-태연-002.gif\",\"mp4\":\"files/URIImg/1d545131-bafc-4ae0-bbb4-96db993b2c21_tea2.mp4\"}',57),(230,'{\"gif\":\"files/URIImg/38296fe9-424d-4ccb-a9a6-5425ad4ea0c6_test3.gif\",\"mp4\":\"files/URIImg/897952a4-479d-4b8a-9681-e3532266fdb6_tea3.mp4\"}',57),(231,'{\"gif\":\"files/URIImg/231a87f8-0764-44ef-980b-43c96dd63b22_test5.gif\",\"mp4\":\"files/URIImg/99426410-6367-4892-a903-329ec33b4772_tea5.mp4\"}',57),(232,'{\"gif\":\"files/URIImg/552bcda2-6c77-4f48-b55a-6f9860916504_ezgif-4-c3532ea57a.gif\",\"mp4\":\"files/URIImg/a647e08c-98ca-4698-ab9b-68226e4dd929_ezgif.com-gif-maker (16).mp4\"}',58),(233,'{\"gif\":\"files/URIImg/045bd4f2-3c6f-4057-8151-ec9cd5ca128b_ezgif-4-fbba4fbf19.gif\",\"mp4\":\"files/URIImg/69e1df98-6f31-4c5c-b07b-a8340da59dd2_ezgif.com-gif-maker (22).mp4\"}',58),(234,'{\"gif\":\"files/URIImg/1df2c5ac-1b95-468c-b6ac-e43c49219e5a_ezgif-4-0a1cb9827e.gif\",\"mp4\":\"files/URIImg/8d40a53d-aa8f-41c5-b1de-446df43d4846_ezgif.com-gif-maker (17).mp4\"}',58),(235,'{\"gif\":\"files/URIImg/dbf963f8-eb18-45ac-91f3-1fd521548b9c_ezgif-4-2d7411e422.gif\",\"mp4\":\"files/URIImg/26536c80-7fe5-4590-bcbc-7d7f83c87e0a_ezgif.com-gif-maker (18).mp4\"}',58),(236,'{\"gif\":\"files/URIImg/f67aaa36-01b2-4507-a45f-d8e251e7e719_ezgif-4-9fae8b23fd.gif\",\"mp4\":\"files/URIImg/8d972cca-f5d8-4ed0-a188-17b190ec9fd2_ezgif.com-gif-maker (19).mp4\"}',58),(237,'{\"gif\":\"files/URIImg/a1f95d5b-6aa2-4c23-a7f9-7c61415de603_ezgif-4-7866a4f28f.gif\",\"mp4\":\"files/URIImg/affb1af9-a1b9-4ade-ac8a-55fc06dd1618_ezgif.com-gif-maker (20).mp4\"}',58),(238,'{\"gif\":\"files/URIImg/439af899-ce4e-4c3f-91f7-eeedeaf6d833_ezgif-4-98339d4a49.gif\",\"mp4\":\"files/URIImg/c1a13ec9-b5c5-42eb-9e57-23eaceba8195_ezgif.com-gif-maker (21).mp4\"}',58),(239,'{\"gif\":\"files/URIImg/8c017bf1-c243-4d82-afc8-a81f014204e9_1.gif\",\"mp4\":\"files/URIImg/003f3c6e-dc50-4371-b821-a8f50ef29992_ezgif.com-gif-maker (12).mp4\"}',59),(240,'{\"gif\":\"files/URIImg/7a3dfc2e-c843-4b89-a60b-611f18a654da_2.gif\",\"mp4\":\"files/URIImg/721e775e-85cf-49ed-a62d-c19628332242_ezgif.com-gif-maker (15).mp4\"}',59),(241,'{\"gif\":\"files/URIImg/98fcbeb8-56a8-435d-a603-10dd66ed903d_3.gif\",\"mp4\":\"files/URIImg/40fc8fa5-4ced-4b5c-9f2c-ee097e36239a_ezgif.com-gif-maker (13).mp4\"}',59),(242,'{\"gif\":\"files/URIImg/def2467e-c7ec-4148-95bf-a9808913e4b6_ezgif-1-c6ff56dfbe.gif\",\"mp4\":\"files/URIImg/1fa44d69-5ad4-431c-bed5-86ce9cc079a8_ezgif.com-gif-maker (14).mp4\"}',59);
/*!40000 ALTER TABLE `cids` ENABLE KEYS */;
UNLOCK TABLES;

--
-- Table structure for table `concert`
--

DROP TABLE IF EXISTS `concert`;
/*!40101 SET @saved_cs_client     = @@character_set_client */;
/*!50503 SET character_set_client = utf8mb4 */;
CREATE TABLE `concert` (
  `concert_id` bigint NOT NULL AUTO_INCREMENT,
  `contract_address` varchar(255) COLLATE utf8mb4_unicode_ci NOT NULL,
  `place` varchar(255) COLLATE utf8mb4_unicode_ci NOT NULL,
  `price` varchar(255) COLLATE utf8mb4_unicode_ci DEFAULT NULL,
  `sale_contract_address` varchar(255) COLLATE utf8mb4_unicode_ci NOT NULL,
  `status` int DEFAULT '0',
  `title` varchar(255) COLLATE utf8mb4_unicode_ci NOT NULL,
  PRIMARY KEY (`concert_id`)
) ENGINE=InnoDB AUTO_INCREMENT=60 DEFAULT CHARSET=utf8mb4 COLLATE=utf8mb4_unicode_ci;
/*!40101 SET character_set_client = @saved_cs_client */;

--
-- Dumping data for table `concert`
--

LOCK TABLES `concert` WRITE;
/*!40000 ALTER TABLE `concert` DISABLE KEYS */;
INSERT INTO `concert` VALUES (53,'0x65DC5A9410034e328B4DE3c6E05afc687c3d0f26','서울 올림픽 공원','12','0x8b92A81F71cA0AA52b6550A90B230aA869BFfB64',1,'The ReVe Festival'),(54,'0xf13c36c6138Bb4B619421FA0e4e4aa025007dE7e','올림픽공원 올림픽홀','10','0x251f516B8Db854Ed067e2813356FbE36EEa44b10',1,'2022 Brave Girls 1st CONCERT ［THE BRAVE GIRLS SHOW］'),(55,'0xDf976540505135bEDdc76dF93cf950b9195705d8','서울 잠실','14','0x541Df2495f6bA4FA917696Cebed7D9E56F81BEBC',1,'MY GIRL CONCERT 겨울동화 : The Lost Memory'),(56,'0x338125ae03DC905a115F3B31429c9F9d931A7FD9','서울 고척 스카이돔','12','0x0A02300dfdc0cCA0163c706aE17762B3eb47583d',0,'2019 아이유 투어 콘서트 〈LOVE， POEM〉－서울'),(57,'0x83528E2E275e6E13083B96E0A2207873E4EC0332','올림픽공원 SK올림픽핸드볼경기장','20','0x84d91eC659F7669578584C3B0dDD76a6Df29c493',0,'TAEYEON Concert - The UNSEEN'),(58,'0x6537E77fdd5216BDbf496808EB29fcF5980A7f8E','올림픽공원 SK핸드볼경기장','15','0x3d695ef1147906342A9d306b01A90b92810D280e',0,'TWICE 1ST TOUR ‘TWICELAND -The Opening-’'),(59,'0xF1DCd5121769CEF413286b5Fe70f71FDeA1948A5','블루스퀘어 아이마켓홀','10','0xBa1C22e36B0BdC7B60fa33942c4186156A338F20',0,'2nd Mini Album［CELEBRATE］SHOW CASE');
/*!40000 ALTER TABLE `concert` ENABLE KEYS */;
UNLOCK TABLES;

--
-- Table structure for table `files`
--

DROP TABLE IF EXISTS `files`;
/*!40101 SET @saved_cs_client     = @@character_set_client */;
/*!50503 SET character_set_client = utf8mb4 */;
CREATE TABLE `files` (
  `id` bigint NOT NULL AUTO_INCREMENT,
  `gif_url` varchar(255) COLLATE utf8mb4_unicode_ci DEFAULT NULL,
  `mp4url` varchar(255) COLLATE utf8mb4_unicode_ci DEFAULT NULL,
  PRIMARY KEY (`id`)
) ENGINE=InnoDB AUTO_INCREMENT=89 DEFAULT CHARSET=utf8mb4 COLLATE=utf8mb4_unicode_ci;
/*!40101 SET character_set_client = @saved_cs_client */;

--
-- Dumping data for table `files`
--

LOCK TABLES `files` WRITE;
/*!40000 ALTER TABLE `files` DISABLE KEYS */;
INSERT INTO `files` VALUES (1,'files/URIImg/2d696d51-0cef-417a-8c49-66101c14e5b0_irin.gif','files/URIImg/ad448aa0-9511-467f-9d42-4f0664944316_irin.mp4'),(2,'files/URIImg/5bf5f272-fee3-4e5a-b601-6d317b9300ce_irin.gif','files/URIImg/85a90a99-8b77-4e2f-931b-6bd5e145614b_irin.mp4'),(3,'files/URIImg/666c9b8a-2711-4c8e-abc2-469948d6240d_joy.gif','files/URIImg/fd11eea1-a126-4900-b827-a5bf729fce3e_joy.mp4'),(4,'files/URIImg/23b49dea-cf68-4b96-92e6-fb89c8de3025_sulgi.gif','files/URIImg/7f059f72-4ef4-41c6-a43a-939078c850a6_sulgi.mp4'),(5,'files/URIImg/c82d7133-45e3-4e80-8c73-d9a85189fb98_wendy.gif','files/URIImg/1daac042-dc74-499e-8fa0-1e10ee58111d_wendy.mp4'),(6,'files/URIImg/67f423d2-99fd-4147-8e54-a8ed9bd04f28_yeri.gif','files/URIImg/14158be5-cd7a-4208-87af-79cbc6c43db0_yeri.mp4'),(7,'files/URIImg/f3e46197-2380-45a7-8ae5-8c45ae4f8637_1.gif','files/URIImg/9da8264f-e9e6-412d-85a2-6a02e1cb839a_1.mp4'),(8,'files/URIImg/dd94baee-e8fc-4a3c-979e-fe849a7b12b5_2.gif','files/URIImg/ca8033cd-0dd4-486e-932d-036042e1bbc3_2.mp4'),(9,'files/URIImg/5fd90fb6-c393-49d7-b3f3-27b91ba867c6_3.gif','files/URIImg/98131de8-e712-402e-bd46-c202cab267d1_3.mp4'),(10,'files/URIImg/cd7a19c5-69a2-4439-8acb-02d421dc984d_0h2.gif','files/URIImg/74bb2d15-f1ad-4ec9-afd9-9a0cfa9ed563_ezgif.com-gif-maker (23).mp4'),(11,'files/URIImg/03e95931-7d6d-4200-94ce-f76bbadfe640_1.gif','files/URIImg/9a0c7e32-a30b-4856-9f56-bdd09b79f0a2_1.mp4'),(12,'files/URIImg/674e9e23-1bee-4dd4-96b1-3ee6f6fd9bdd_2.gif','files/URIImg/2d466861-e305-415c-a0a6-0a777401c7a9_2.mp4'),(13,'files/URIImg/6cced077-f115-446d-9528-1ce0fe492aea_3.gif','files/URIImg/7374446c-dc9b-48d7-9c8d-98d34e9b28b3_3.mp4'),(14,'files/URIImg/1bd65668-c0af-400f-ad8a-370697c78c32_1.gif','files/URIImg/d689cf63-0ee8-4191-8ba0-e7fe4283345d_1.mp4'),(15,'files/URIImg/6ca24edd-b73f-41e5-bafd-d3c5fd26f18b_2.gif','files/URIImg/ea2a9991-1a4f-46fe-bc11-d307c0eb438a_2.mp4'),(16,'files/URIImg/777e0022-b85c-42ae-9161-2fab9a2b5c9e_3.gif','files/URIImg/553a2bef-d130-489f-9dd9-3dc4633ab101_3.mp4'),(17,'files/URIImg/fe938840-998c-4ce7-bed7-85b697760f01_0h2.gif','files/URIImg/cd5f5e65-5626-44c2-bbc9-0ac74599ceb4_ezgif.com-gif-maker (23).mp4'),(18,'files/URIImg/e84f0044-672f-4fcc-a635-e1db2fda91c9_oh3.gif','files/URIImg/dbd4e0d8-2503-427c-bfe8-52907bd0e0d2_ezgif.com-gif-maker (25).mp4'),(19,'files/URIImg/13bf3576-73ac-442c-877b-e6c30b62e812_oh4.gif','files/URIImg/64efefe8-cd1a-4281-9381-4916baed776e_ezgif.com-gif-maker (26).mp4'),(20,'files/URIImg/ce0fe1a8-fdae-47a1-b40f-989f35539086_oh5.gif','files/URIImg/f15abca8-58f1-43e3-8125-c2ce2d70fb7a_ezgif.com-gif-maker (27).mp4'),(21,'files/URIImg/99fd4239-02fe-44fb-b3dd-798b8024beb9_oh6.gif','files/URIImg/9cd8e41a-ffe9-4a52-99f5-45b1ebbf40f2_ezgif.com-gif-maker (28).mp4'),(22,'files/URIImg/a391f794-c6f7-474e-95e9-e3052ca258b6_oh1.gif','files/URIImg/8f94522e-7629-46cb-9767-5138255ba928_ezgif.com-gif-maker (24).mp4'),(23,'files/URIImg/a3609d0f-3be4-4be4-bd5c-a44738ed4ac2_1.gif','files/URIImg/a04e4295-a905-4f69-9bac-d6f74d43c46c_1.mp4'),(24,'files/URIImg/dc63bfa8-7005-44aa-8a4c-dbb434eeca41_1.gif','files/URIImg/8de55029-4c7a-4361-9972-c350569a01a2_1.mp4'),(25,'files/URIImg/8d0a7afa-5067-44c8-ba99-7c019fcf59e6_2.gif','files/URIImg/903cb78d-6e85-4c4d-8539-1e4c4ce3126e_2.mp4'),(26,'files/URIImg/2aca6bd4-ff4d-470c-ae43-2143d0dd4ab4_3.gif','files/URIImg/24102dbd-d9af-4545-af83-097f967b51c9_3.mp4'),(27,'files/URIImg/42581a9a-9c1e-4547-9bd2-4e716f9d6adf_irin.gif','files/URIImg/590bd1f4-7eab-4ca1-b70b-c3b0b46e7b1b_irin.mp4'),(28,'files/URIImg/f9f76922-9899-466d-93de-494974f93f2e_joy.gif','files/URIImg/37ccc524-e7c6-4d85-8c55-7d063a0c0162_joy.mp4'),(29,'files/URIImg/d556272f-c7f3-4308-892b-d5d70f187aef_sulgi.gif','files/URIImg/d38a38dd-3bae-40d5-9977-35e2b15d71a0_sulgi.mp4'),(30,'files/URIImg/121d32f0-2f36-4694-abd5-2f2ce06c5cb2_yeri.gif','files/URIImg/ae206c07-b600-42d6-9e64-d6ad1ff1c609_yeri.mp4'),(31,'files/URIImg/45cbf6fd-abdc-434c-8d10-bf0d92baecee_wendy.gif','files/URIImg/8e44e0c7-5736-4cf3-acf2-a2414ed3a4b7_wendy.mp4'),(32,'files/URIImg/6d449ba0-6c86-4036-abca-7f543cca1c82_iu1.gif','files/URIImg/33ca24f4-5549-470a-9441-8d29c4bc9150_iu1.video.mp4'),(33,'files/URIImg/6bb9fda7-8fee-46b4-9eca-14d510a042ee_iu2.gif','files/URIImg/cb45482c-399f-4dc2-9cb9-360a391fdce5_iu2.video.mp4'),(34,'files/URIImg/96d09e11-87c8-4660-ac6d-5c3000637859_iu3.gif','files/URIImg/61e9a546-8f8b-4aa4-9797-21a0182b9f22_iu3.video.mp4'),(35,'files/URIImg/ec7b5301-74ef-4988-bde9-fbc3d71d63f9_1.gif','files/URIImg/cf3b9c97-c6ab-4ebe-8073-ceeb703ba7e9_1.mp4'),(36,'files/URIImg/4660681d-918d-494c-a096-679dd149fbc4_0h2.gif','files/URIImg/27036fb0-c90c-417b-beaf-ff58e57f2158_ezgif.com-gif-maker (23).mp4'),(37,'files/URIImg/345be1c0-c809-4d20-8f6d-0237e5f87050_iu1.gif','files/URIImg/7449e2d4-3fe7-478e-ad52-a3cde587c460_iu1.video.mp4'),(38,'files/URIImg/99f48021-5649-454d-a682-bb019b825e94_iu2.gif','files/URIImg/5b9612e3-c7d6-456a-85f7-3cb420844b24_iu2.video.mp4'),(39,'files/URIImg/49ef2d0c-5f2a-40e5-b774-1fcb4da52ac8_iu3.gif','files/URIImg/4af56b9a-76dd-4c3a-890e-8e7d09293a54_iu3.video.mp4'),(40,'files/URIImg/bbfcffbb-c31e-40a6-a8b9-e8735adabb69_irin.gif','files/URIImg/a7deb83c-4e03-4730-9f47-8926cb7e9032_irin.mp4'),(41,'files/URIImg/adc61f23-de20-43f6-a888-6330ff5dd588_joy.gif','files/URIImg/ca09e8cc-8e5e-4872-b3a9-1e77ac3c51b5_joy.mp4'),(42,'files/URIImg/b312c694-b094-4ee2-b0a9-6a127ceafcab_sulgi.gif','files/URIImg/92199b92-9711-424c-b14c-084d7895f00d_sulgi.mp4'),(43,'files/URIImg/2b2ad59e-6c6d-42d2-beba-5e13b7719949_wendy.gif','files/URIImg/c5f0299f-64d1-49eb-a8df-47c3c41ef4c7_wendy.mp4'),(44,'files/URIImg/e1493282-c066-484a-af21-e93339b64917_yeri.gif','files/URIImg/222d478c-f45e-4b1f-a53d-42500264874b_yeri.mp4'),(45,'files/URIImg/c70c995e-a981-4bfb-851e-b7d5d43e8a22_irin.gif','files/URIImg/fe61019f-b2c6-40d5-9f98-b9968cd5406b_irin.mp4'),(46,'files/URIImg/a7aa2baa-fb9a-418e-be27-7eedecd41ae1_joy.gif','files/URIImg/b7ffc9e5-bf6f-4fde-9a95-e86418080820_joy.mp4'),(47,'files/URIImg/e395fc12-869b-4398-b2b2-c7fbee7cfcc7_sulgi.gif','files/URIImg/9273093a-df8c-472a-85c2-abcf017e79ea_sulgi.mp4'),(48,'files/URIImg/9fb922c9-77a5-4753-a865-eb9961ea2ff8_wendy.gif','files/URIImg/45db650c-039d-4778-91a1-11e8a5dfebec_wendy.mp4'),(49,'files/URIImg/6a6fa869-1172-4580-bb11-a3de6dbdf7b1_yeri.gif','files/URIImg/bd0c9f30-2ea1-4467-b7d3-2e0079dbd5f7_yeri.mp4'),(50,'files/URIImg/edcf98c9-5353-4ee0-b971-b61d400827fb_1.gif','files/URIImg/a9d26eaa-e6d6-4d79-be69-8b826543e111_1.mp4'),(51,'files/URIImg/6b503a04-83a2-46f4-84cf-e3a9bca833cb_2.gif','files/URIImg/42365b3e-a81e-49d9-98a4-3a0f359a71be_2.mp4'),(52,'files/URIImg/144f3e88-5942-478c-8b4a-d83f10d3b3b5_3.gif','files/URIImg/2c38efdb-495e-477f-89f7-768aa5c0e1c1_3.mp4'),(53,'files/URIImg/04734e1f-1028-4db0-83e7-b5aa0c1281a0_0h2.gif','files/URIImg/d9696a85-dcbf-4473-8fef-2500fa906365_ezgif.com-gif-maker (23).mp4'),(54,'files/URIImg/fa72c02e-8cf1-4188-bc11-3fd10d4d2c6d_oh1.gif','files/URIImg/7512a3ba-decb-42fd-aca1-fb064aceab8b_ezgif.com-gif-maker (24).mp4'),(55,'files/URIImg/5dea2afd-4880-4ec7-987f-434fa876ca6f_oh3.gif','files/URIImg/e5f62545-1470-4d64-82ca-befc8bfc4ee1_ezgif.com-gif-maker (25).mp4'),(56,'files/URIImg/f10b97d4-5696-4ea2-ad7c-337a3b18c5a6_oh4.gif','files/URIImg/554fe58d-70c1-4cac-be87-c1eeeba9bb51_ezgif.com-gif-maker (26).mp4'),(57,'files/URIImg/c0a73ad6-5982-436a-b254-f6574eade481_oh5.gif','files/URIImg/1cff50f0-bf87-48f3-bd0c-087e2107929a_ezgif.com-gif-maker (27).mp4'),(58,'files/URIImg/c59d6aa3-ae22-417a-a75b-b3398a548dd6_oh6.gif','files/URIImg/febef437-aec1-4b37-b34f-f32365188413_ezgif.com-gif-maker (28).mp4'),(59,'files/URIImg/6bb5c87d-7c9e-4763-b000-426c656f5034_iu1.gif','files/URIImg/7c7e97fd-66c7-401e-aada-ffbffd52a86a_iu1.video.mp4'),(60,'files/URIImg/3cea08f3-6fde-491e-8c18-9722edea170e_iu2.gif','files/URIImg/b0cd4729-fb11-416e-90dd-7d09a915f7d7_iu2.video.mp4'),(61,'files/URIImg/67cbe20f-0990-4ce0-acf7-ffb87bc4e2ab_iu3.gif','files/URIImg/1f458d47-9dc5-468a-9757-d0a7bdb6bd95_iu3.video.mp4'),(62,'files/URIImg/bf178fce-e375-4b43-be04-163ea13bf3c0_iu4.gif','files/URIImg/06b8dda9-6758-478a-a1fc-06c084f4d821_iu4.vide.mp4'),(63,'files/URIImg/d1bfd8d8-ec5c-4ad2-9eea-5611023ac80b_ezgif-4-926ba845f3.gif','files/URIImg/cd3cabba-0851-4b27-8c59-6b2c62be05e3_tea4.mp4'),(64,'files/URIImg/f9883781-9bb3-4cab-8990-d45ad841d46f_Fine-Music-Video-Teaser-태연-002.gif','files/URIImg/9da76d30-2e45-45f4-b945-833d70d2d1f1_tea2.mp4'),(65,'files/URIImg/1b1a60a9-c0d0-414b-b59a-879001a4e327_test1.gif','files/URIImg/a47cb341-b292-4b84-8e78-ccc6212fdfd6_tea1.mp4'),(66,'files/URIImg/45d07f80-3089-439a-aed3-03b37d1790ff_test5.gif','files/URIImg/4b5cb19f-d841-406e-8f86-cc0d092c907f_tea2.mp4'),(67,'files/URIImg/c779a135-099c-417d-bf27-b2ef94b70ebe_ezgif-4-926ba845f3.gif','files/URIImg/9d5e2def-9996-4b50-8f43-7811242e2132_tea4.mp4'),(68,'files/URIImg/c6930133-8d54-4e84-b854-6c7359e9c50e_test1.gif','files/URIImg/fcaf4324-d30f-4bd4-80ed-00d5ab5fc7ae_tea1.mp4'),(69,'files/URIImg/440b6c6c-731e-4354-9830-de8ce496fde3_Fine-Music-Video-Teaser-태연-002.gif','files/URIImg/1d545131-bafc-4ae0-bbb4-96db993b2c21_tea2.mp4'),(70,'files/URIImg/38296fe9-424d-4ccb-a9a6-5425ad4ea0c6_test3.gif','files/URIImg/897952a4-479d-4b8a-9681-e3532266fdb6_tea3.mp4'),(71,'files/URIImg/231a87f8-0764-44ef-980b-43c96dd63b22_test5.gif','files/URIImg/99426410-6367-4892-a903-329ec33b4772_tea5.mp4'),(72,'files/URIImg/f811581d-2b41-4033-8cb0-fc6a3cc1011f_ezgif-4-c3532ea57a.gif','files/URIImg/bbf99f2e-808d-49bb-97de-2bbdff9dda35_ezgif.com-gif-maker (16).mp4'),(73,'files/URIImg/4d4dbe4e-0b1d-42bb-a92a-49e1c9aa28d2_ezgif-4-0a1cb9827e.gif','files/URIImg/6f4f0d84-d90b-4d50-a01d-d395855a4b86_ezgif.com-gif-maker (17).mp4'),(74,'files/URIImg/d32f01cb-e1d1-4e6a-92d6-764c81b11d96_ezgif-4-2d7411e422.gif','files/URIImg/26017e4a-7c39-47da-a217-1d4ccec7add9_ezgif.com-gif-maker (18).mp4'),(75,'files/URIImg/442eca79-7e92-424a-abce-0239b08ed31e_ezgif-4-9fae8b23fd.gif','files/URIImg/f899971a-85e3-4d24-933a-d6550dde2c08_ezgif.com-gif-maker (19).mp4'),(76,'files/URIImg/d4191af6-dfa8-49e0-b3fe-fb07c9b69ed6_ezgif-4-7866a4f28f.gif','files/URIImg/bbc4c467-0aff-46b4-bcf7-154215638117_ezgif.com-gif-maker (20).mp4'),(77,'files/URIImg/0820a7be-476e-49c1-a76e-2a8b70d5683f_ezgif-4-98339d4a49.gif','files/URIImg/044a78f8-30fb-4191-9229-02af68930952_ezgif.com-gif-maker (21).mp4'),(78,'files/URIImg/552bcda2-6c77-4f48-b55a-6f9860916504_ezgif-4-c3532ea57a.gif','files/URIImg/a647e08c-98ca-4698-ab9b-68226e4dd929_ezgif.com-gif-maker (16).mp4'),(79,'files/URIImg/045bd4f2-3c6f-4057-8151-ec9cd5ca128b_ezgif-4-fbba4fbf19.gif','files/URIImg/69e1df98-6f31-4c5c-b07b-a8340da59dd2_ezgif.com-gif-maker (22).mp4'),(80,'files/URIImg/1df2c5ac-1b95-468c-b6ac-e43c49219e5a_ezgif-4-0a1cb9827e.gif','files/URIImg/8d40a53d-aa8f-41c5-b1de-446df43d4846_ezgif.com-gif-maker (17).mp4'),(81,'files/URIImg/dbf963f8-eb18-45ac-91f3-1fd521548b9c_ezgif-4-2d7411e422.gif','files/URIImg/26536c80-7fe5-4590-bcbc-7d7f83c87e0a_ezgif.com-gif-maker (18).mp4'),(82,'files/URIImg/f67aaa36-01b2-4507-a45f-d8e251e7e719_ezgif-4-9fae8b23fd.gif','files/URIImg/8d972cca-f5d8-4ed0-a188-17b190ec9fd2_ezgif.com-gif-maker (19).mp4'),(83,'files/URIImg/a1f95d5b-6aa2-4c23-a7f9-7c61415de603_ezgif-4-7866a4f28f.gif','files/URIImg/affb1af9-a1b9-4ade-ac8a-55fc06dd1618_ezgif.com-gif-maker (20).mp4'),(84,'files/URIImg/439af899-ce4e-4c3f-91f7-eeedeaf6d833_ezgif-4-98339d4a49.gif','files/URIImg/c1a13ec9-b5c5-42eb-9e57-23eaceba8195_ezgif.com-gif-maker (21).mp4'),(85,'files/URIImg/8c017bf1-c243-4d82-afc8-a81f014204e9_1.gif','files/URIImg/003f3c6e-dc50-4371-b821-a8f50ef29992_ezgif.com-gif-maker (12).mp4'),(86,'files/URIImg/7a3dfc2e-c843-4b89-a60b-611f18a654da_2.gif','files/URIImg/721e775e-85cf-49ed-a62d-c19628332242_ezgif.com-gif-maker (15).mp4'),(87,'files/URIImg/98fcbeb8-56a8-435d-a603-10dd66ed903d_3.gif','files/URIImg/40fc8fa5-4ced-4b5c-9f2c-ee097e36239a_ezgif.com-gif-maker (13).mp4'),(88,'files/URIImg/def2467e-c7ec-4148-95bf-a9808913e4b6_ezgif-1-c6ff56dfbe.gif','files/URIImg/1fa44d69-5ad4-431c-bed5-86ce9cc079a8_ezgif.com-gif-maker (14).mp4');
/*!40000 ALTER TABLE `files` ENABLE KEYS */;
UNLOCK TABLES;

--
-- Table structure for table `image`
--

DROP TABLE IF EXISTS `image`;
/*!40101 SET @saved_cs_client     = @@character_set_client */;
/*!50503 SET character_set_client = utf8mb4 */;
CREATE TABLE `image` (
  `image_id` bigint NOT NULL AUTO_INCREMENT,
  `concert_description` varchar(255) COLLATE utf8mb4_unicode_ci DEFAULT NULL,
  `concert_poster` varchar(255) COLLATE utf8mb4_unicode_ci DEFAULT NULL,
  `concert_section` varchar(255) COLLATE utf8mb4_unicode_ci DEFAULT NULL,
  `concert_thumbnail` varchar(255) COLLATE utf8mb4_unicode_ci DEFAULT NULL,
  PRIMARY KEY (`image_id`)
) ENGINE=InnoDB AUTO_INCREMENT=60 DEFAULT CHARSET=utf8mb4 COLLATE=utf8mb4_unicode_ci;
/*!40101 SET character_set_client = @saved_cs_client */;

--
-- Dumping data for table `image`
--

LOCK TABLES `image` WRITE;
/*!40000 ALTER TABLE `image` DISABLE KEYS */;
INSERT INTO `image` VALUES (53,'files/0x65DC5A9410034/redvelbat_detail.png','files/0x65DC5A9410034/redvelbat_poster.png','files/0x65DC5A9410034/redvelbat_section.png','files/0x65DC5A9410034/redvelbat_thumnail.jpg'),(54,'files/0xf13c36c6138Bb/brave_detail.jpg','files/0xf13c36c6138Bb/brave_poster.png','files/0xf13c36c6138Bb/brave_seats.png','files/0xf13c36c6138Bb/brave_thumnail.gif'),(55,'files/0xDf97654050513/oh_description.png','files/0xDf97654050513/oh_poster.png','files/0xDf97654050513/oh_seats.png','files/0xDf97654050513/thumnail.jpg'),(56,'files/0x338125ae03DC9/iu.desc3.jpg','files/0x338125ae03DC9/iu.poster4.jpg','files/0x338125ae03DC9/iu.section.jpg','files/0x338125ae03DC9/iu.poster.jpg'),(57,'files/0x83528E2E275e6/teayeon_description.png','files/0x83528E2E275e6/teayeon_poster.png','files/0x83528E2E275e6/teayeon_seats.png','files/0x83528E2E275e6/taeyeon_thumnail.jpg'),(58,'files/0x6537E77fdd521/screencapture-tickets-interpark-goods-17000791-2022-04-03-20_01_56.png','files/0x6537E77fdd521/화면 캡처 2022-04-03 195957.png','files/0x6537E77fdd521/화면 캡처 2022-04-03 200015.png','files/0x6537E77fdd521/17000791_p.gif'),(59,'files/0xF1DCd5121769C/high_detail.jpg','files/0xF1DCd5121769C/high_poster.png','files/0xF1DCd5121769C/high_seats.png','files/0xF1DCd5121769C/high_thumnail.gif');
/*!40000 ALTER TABLE `image` ENABLE KEYS */;
UNLOCK TABLES;

--
-- Table structure for table `seat`
--

DROP TABLE IF EXISTS `seat`;
/*!40101 SET @saved_cs_client     = @@character_set_client */;
/*!50503 SET character_set_client = utf8mb4 */;
CREATE TABLE `seat` (
  `id` bigint NOT NULL AUTO_INCREMENT,
  `date` datetime(6) DEFAULT NULL,
  `name` varchar(255) COLLATE utf8mb4_unicode_ci DEFAULT NULL,
  `status` int DEFAULT '0',
  `section_id` bigint DEFAULT NULL,
  PRIMARY KEY (`id`),
  KEY `FKhxi4f44gv7s6u5a90ehw1g0x3` (`section_id`),
  CONSTRAINT `FKhxi4f44gv7s6u5a90ehw1g0x3` FOREIGN KEY (`section_id`) REFERENCES `section` (`section_id`)
) ENGINE=InnoDB AUTO_INCREMENT=36331 DEFAULT CHARSET=utf8mb4 COLLATE=utf8mb4_unicode_ci;
/*!40101 SET character_set_client = @saved_cs_client */;

--
-- Dumping data for table `seat`
--

LOCK TABLES `seat` WRITE;
/*!40000 ALTER TABLE `seat` DISABLE KEYS */;
INSERT INTO `seat` VALUES (32061,NULL,'1-1',0,1459),(32062,NULL,'1-2',0,1459),(32063,'2022-04-07 09:05:42.684000','1-3',1,1459),(32064,NULL,'1-4',0,1459),(32065,NULL,'1-5',0,1459),(32066,NULL,'1-6',0,1459),(32067,NULL,'1-7',0,1459),(32068,NULL,'1-8',0,1459),(32069,NULL,'1-9',0,1459),(32070,NULL,'1-10',0,1459),(32071,NULL,'1-11',0,1459),(32072,NULL,'1-12',0,1459),(32073,NULL,'1-13',0,1459),(32074,NULL,'1-14',0,1459),(32075,NULL,'1-15',0,1459),(32076,NULL,'1-16',0,1459),(32077,NULL,'1-17',0,1459),(32078,NULL,'1-18',0,1459),(32079,NULL,'1-19',0,1459),(32080,NULL,'1-20',0,1459),(32081,NULL,'3-1',0,1460),(32082,NULL,'3-2',0,1460),(32083,NULL,'3-3',0,1460),(32084,NULL,'3-4',0,1460),(32085,NULL,'3-5',0,1460),(32086,NULL,'3-6',0,1460),(32087,NULL,'3-7',0,1460),(32088,NULL,'3-8',0,1460),(32089,NULL,'3-9',0,1460),(32090,NULL,'3-10',0,1460),(32091,NULL,'3-11',0,1460),(32092,NULL,'3-12',0,1460),(32093,NULL,'3-13',0,1460),(32094,NULL,'3-14',0,1460),(32095,NULL,'3-15',0,1460),(32096,NULL,'3-16',0,1460),(32097,NULL,'3-17',0,1460),(32098,NULL,'3-18',0,1460),(32099,NULL,'3-19',0,1460),(32100,'2022-04-07 09:03:26.467000','3-20',0,1460),(32101,NULL,'3-21',0,1460),(32102,NULL,'3-22',0,1460),(32103,NULL,'3-23',0,1460),(32104,NULL,'3-24',0,1460),(32105,NULL,'3-25',0,1460),(32106,NULL,'3-26',0,1460),(32107,NULL,'3-27',0,1460),(32108,NULL,'3-28',0,1460),(32109,NULL,'3-29',0,1460),(32110,NULL,'3-30',0,1460),(32111,NULL,'4-1',0,1461),(32112,NULL,'4-2',0,1461),(32113,NULL,'4-3',0,1461),(32114,NULL,'4-4',0,1461),(32115,NULL,'4-5',0,1461),(32116,NULL,'4-6',0,1461),(32117,NULL,'4-7',0,1461),(32118,NULL,'4-8',0,1461),(32119,NULL,'4-9',0,1461),(32120,NULL,'4-10',0,1461),(32121,NULL,'4-11',0,1461),(32122,NULL,'4-12',0,1461),(32123,NULL,'4-13',0,1461),(32124,NULL,'4-14',0,1461),(32125,NULL,'4-15',0,1461),(32126,NULL,'4-16',0,1461),(32127,NULL,'4-17',0,1461),(32128,NULL,'4-18',0,1461),(32129,NULL,'4-19',0,1461),(32130,NULL,'4-20',0,1461),(32131,NULL,'4-21',0,1461),(32132,NULL,'4-22',0,1461),(32133,NULL,'4-23',0,1461),(32134,NULL,'4-24',0,1461),(32135,NULL,'4-25',0,1461),(32136,NULL,'4-26',0,1461),(32137,NULL,'4-27',0,1461),(32138,NULL,'4-28',0,1461),(32139,NULL,'4-29',0,1461),(32140,NULL,'4-30',0,1461),(32141,NULL,'5-1',0,1462),(32142,NULL,'5-2',0,1462),(32143,NULL,'5-3',0,1462),(32144,NULL,'5-4',0,1462),(32145,NULL,'5-5',0,1462),(32146,NULL,'5-6',0,1462),(32147,NULL,'5-7',0,1462),(32148,NULL,'5-8',0,1462),(32149,NULL,'5-9',0,1462),(32150,NULL,'5-10',0,1462),(32151,NULL,'5-11',0,1462),(32152,NULL,'5-12',0,1462),(32153,NULL,'5-13',0,1462),(32154,NULL,'5-14',0,1462),(32155,NULL,'5-15',0,1462),(32156,NULL,'5-16',0,1462),(32157,NULL,'5-17',0,1462),(32158,NULL,'5-18',0,1462),(32159,NULL,'5-19',0,1462),(32160,NULL,'5-20',0,1462),(32161,NULL,'5-21',0,1462),(32162,NULL,'5-22',0,1462),(32163,NULL,'5-23',0,1462),(32164,NULL,'5-24',0,1462),(32165,NULL,'5-25',0,1462),(32166,NULL,'5-26',0,1462),(32167,NULL,'5-27',0,1462),(32168,NULL,'5-28',0,1462),(32169,NULL,'5-29',0,1462),(32170,NULL,'5-30',0,1462),(32171,NULL,'6-1',0,1463),(32172,NULL,'6-2',0,1463),(32173,NULL,'6-3',0,1463),(32174,NULL,'6-4',0,1463),(32175,NULL,'6-5',0,1463),(32176,NULL,'6-6',0,1463),(32177,NULL,'6-7',0,1463),(32178,NULL,'6-8',0,1463),(32179,NULL,'6-9',0,1463),(32180,NULL,'6-10',0,1463),(32181,NULL,'6-11',0,1463),(32182,NULL,'6-12',0,1463),(32183,NULL,'6-13',0,1463),(32184,NULL,'6-14',0,1463),(32185,NULL,'6-15',0,1463),(32186,NULL,'6-16',0,1463),(32187,NULL,'6-17',0,1463),(32188,NULL,'6-18',0,1463),(32189,NULL,'6-19',0,1463),(32190,NULL,'6-20',0,1463),(32191,NULL,'6-21',0,1463),(32192,NULL,'6-22',0,1463),(32193,NULL,'6-23',0,1463),(32194,NULL,'6-24',0,1463),(32195,NULL,'6-25',0,1463),(32196,NULL,'6-26',0,1463),(32197,NULL,'6-27',0,1463),(32198,NULL,'6-28',0,1463),(32199,NULL,'6-29',0,1463),(32200,NULL,'6-30',0,1463),(32201,NULL,'7-1',0,1464),(32202,NULL,'7-2',0,1464),(32203,NULL,'7-3',0,1464),(32204,NULL,'7-4',0,1464),(32205,NULL,'7-5',0,1464),(32206,NULL,'7-6',0,1464),(32207,NULL,'7-7',0,1464),(32208,NULL,'7-8',0,1464),(32209,NULL,'7-9',0,1464),(32210,NULL,'7-10',0,1464),(32211,NULL,'7-11',0,1464),(32212,NULL,'7-12',0,1464),(32213,NULL,'7-13',0,1464),(32214,NULL,'7-14',0,1464),(32215,NULL,'7-15',0,1464),(32216,NULL,'7-16',0,1464),(32217,NULL,'7-17',0,1464),(32218,NULL,'7-18',0,1464),(32219,NULL,'7-19',0,1464),(32220,NULL,'7-20',0,1464),(32221,NULL,'7-21',0,1464),(32222,NULL,'7-22',0,1464),(32223,NULL,'7-23',0,1464),(32224,NULL,'7-24',0,1464),(32225,NULL,'7-25',0,1464),(32226,NULL,'7-26',0,1464),(32227,NULL,'7-27',0,1464),(32228,NULL,'7-28',0,1464),(32229,NULL,'7-29',0,1464),(32230,NULL,'7-30',0,1464),(32231,NULL,'8-1',0,1465),(32232,NULL,'8-2',0,1465),(32233,NULL,'8-3',0,1465),(32234,NULL,'8-4',0,1465),(32235,NULL,'8-5',0,1465),(32236,NULL,'8-6',0,1465),(32237,NULL,'8-7',0,1465),(32238,NULL,'8-8',0,1465),(32239,NULL,'8-9',0,1465),(32240,NULL,'8-10',0,1465),(32241,NULL,'8-11',0,1465),(32242,NULL,'8-12',0,1465),(32243,NULL,'8-13',0,1465),(32244,NULL,'8-14',0,1465),(32245,NULL,'8-15',0,1465),(32246,NULL,'8-16',0,1465),(32247,NULL,'8-17',0,1465),(32248,NULL,'8-18',0,1465),(32249,NULL,'8-19',0,1465),(32250,NULL,'8-20',0,1465),(32251,NULL,'8-21',0,1465),(32252,NULL,'8-22',0,1465),(32253,NULL,'8-23',0,1465),(32254,NULL,'8-24',0,1465),(32255,NULL,'8-25',0,1465),(32256,NULL,'8-26',0,1465),(32257,NULL,'8-27',0,1465),(32258,NULL,'8-28',0,1465),(32259,NULL,'8-29',0,1465),(32260,NULL,'8-30',0,1465),(32261,NULL,'10-1',0,1466),(32262,NULL,'10-2',0,1466),(32263,NULL,'10-3',0,1466),(32264,NULL,'10-4',0,1466),(32265,NULL,'10-5',0,1466),(32266,NULL,'10-6',0,1466),(32267,NULL,'10-7',0,1466),(32268,NULL,'10-8',0,1466),(32269,NULL,'10-9',0,1466),(32270,NULL,'10-10',0,1466),(32271,NULL,'10-11',0,1466),(32272,NULL,'10-12',0,1466),(32273,NULL,'10-13',0,1466),(32274,NULL,'10-14',0,1466),(32275,NULL,'10-15',0,1466),(32276,NULL,'10-16',0,1466),(32277,NULL,'10-17',0,1466),(32278,NULL,'10-18',0,1466),(32279,NULL,'10-19',0,1466),(32280,NULL,'10-20',0,1466),(32281,NULL,'10-21',0,1466),(32282,NULL,'10-22',0,1466),(32283,NULL,'10-23',0,1466),(32284,NULL,'10-24',0,1466),(32285,NULL,'10-25',0,1466),(32286,NULL,'10-26',0,1466),(32287,NULL,'10-27',0,1466),(32288,NULL,'10-28',0,1466),(32289,NULL,'10-29',0,1466),(32290,NULL,'10-30',0,1466),(32291,NULL,'11-1',0,1467),(32292,NULL,'11-2',0,1467),(32293,NULL,'11-3',0,1467),(32294,NULL,'11-4',0,1467),(32295,NULL,'11-5',0,1467),(32296,NULL,'11-6',0,1467),(32297,NULL,'11-7',0,1467),(32298,NULL,'11-8',0,1467),(32299,NULL,'11-9',0,1467),(32300,NULL,'11-10',0,1467),(32301,NULL,'11-11',0,1467),(32302,NULL,'11-12',0,1467),(32303,NULL,'11-13',0,1467),(32304,NULL,'11-14',0,1467),(32305,NULL,'11-15',0,1467),(32306,NULL,'11-16',0,1467),(32307,NULL,'11-17',0,1467),(32308,NULL,'11-18',0,1467),(32309,NULL,'11-19',0,1467),(32310,NULL,'11-20',0,1467),(32311,NULL,'11-21',0,1467),(32312,NULL,'11-22',0,1467),(32313,NULL,'11-23',0,1467),(32314,NULL,'11-24',0,1467),(32315,NULL,'11-25',0,1467),(32316,NULL,'11-26',0,1467),(32317,NULL,'11-27',0,1467),(32318,NULL,'11-28',0,1467),(32319,NULL,'11-29',0,1467),(32320,NULL,'11-30',0,1467),(32321,NULL,'12-1',0,1468),(32322,NULL,'12-2',0,1468),(32323,NULL,'12-3',0,1468),(32324,NULL,'12-4',0,1468),(32325,NULL,'12-5',0,1468),(32326,NULL,'12-6',0,1468),(32327,NULL,'12-7',0,1468),(32328,NULL,'12-8',0,1468),(32329,NULL,'12-9',0,1468),(32330,NULL,'12-10',0,1468),(32331,NULL,'12-11',0,1468),(32332,NULL,'12-12',0,1468),(32333,NULL,'12-13',0,1468),(32334,NULL,'12-14',0,1468),(32335,NULL,'12-15',0,1468),(32336,NULL,'12-16',0,1468),(32337,NULL,'12-17',0,1468),(32338,NULL,'12-18',0,1468),(32339,NULL,'12-19',0,1468),(32340,NULL,'12-20',0,1468),(32341,NULL,'12-21',0,1468),(32342,NULL,'12-22',0,1468),(32343,NULL,'12-23',0,1468),(32344,NULL,'12-24',0,1468),(32345,NULL,'12-25',0,1468),(32346,NULL,'12-26',0,1468),(32347,NULL,'12-27',0,1468),(32348,NULL,'12-28',0,1468),(32349,NULL,'12-29',0,1468),(32350,NULL,'12-30',0,1468),(32351,NULL,'13-1',0,1469),(32352,NULL,'13-2',0,1469),(32353,NULL,'13-3',0,1469),(32354,NULL,'13-4',0,1469),(32355,NULL,'13-5',0,1469),(32356,NULL,'13-6',0,1469),(32357,NULL,'13-7',0,1469),(32358,NULL,'13-8',0,1469),(32359,NULL,'13-9',0,1469),(32360,NULL,'13-10',0,1469),(32361,NULL,'13-11',0,1469),(32362,NULL,'13-12',0,1469),(32363,NULL,'13-13',0,1469),(32364,NULL,'13-14',0,1469),(32365,NULL,'13-15',0,1469),(32366,NULL,'13-16',0,1469),(32367,NULL,'13-17',0,1469),(32368,NULL,'13-18',0,1469),(32369,NULL,'13-19',0,1469),(32370,NULL,'13-20',0,1469),(32371,NULL,'13-21',0,1469),(32372,NULL,'13-22',0,1469),(32373,NULL,'13-23',0,1469),(32374,NULL,'13-24',0,1469),(32375,NULL,'13-25',0,1469),(32376,NULL,'13-26',0,1469),(32377,NULL,'13-27',0,1469),(32378,NULL,'13-28',0,1469),(32379,NULL,'13-29',0,1469),(32380,NULL,'13-30',0,1469),(32381,NULL,'14-1',0,1470),(32382,NULL,'14-2',0,1470),(32383,NULL,'14-3',0,1470),(32384,NULL,'14-4',0,1470),(32385,NULL,'14-5',0,1470),(32386,NULL,'14-6',0,1470),(32387,NULL,'14-7',0,1470),(32388,NULL,'14-8',0,1470),(32389,NULL,'14-9',0,1470),(32390,NULL,'14-10',0,1470),(32391,NULL,'14-11',0,1470),(32392,NULL,'14-12',0,1470),(32393,NULL,'14-13',0,1470),(32394,NULL,'14-14',0,1470),(32395,NULL,'14-15',0,1470),(32396,NULL,'14-16',0,1470),(32397,NULL,'14-17',0,1470),(32398,NULL,'14-18',0,1470),(32399,NULL,'14-19',0,1470),(32400,NULL,'14-20',0,1470),(32401,NULL,'14-21',0,1470),(32402,NULL,'14-22',0,1470),(32403,NULL,'14-23',0,1470),(32404,NULL,'14-24',0,1470),(32405,NULL,'14-25',0,1470),(32406,NULL,'14-26',0,1470),(32407,NULL,'14-27',0,1470),(32408,NULL,'14-28',0,1470),(32409,NULL,'14-29',0,1470),(32410,NULL,'14-30',0,1470),(32411,NULL,'15-1',0,1471),(32412,NULL,'15-2',0,1471),(32413,NULL,'15-3',0,1471),(32414,NULL,'15-4',0,1471),(32415,NULL,'15-5',0,1471),(32416,NULL,'15-6',0,1471),(32417,NULL,'15-7',0,1471),(32418,NULL,'15-8',0,1471),(32419,NULL,'15-9',0,1471),(32420,NULL,'15-10',0,1471),(32421,NULL,'15-11',0,1471),(32422,NULL,'15-12',0,1471),(32423,NULL,'15-13',0,1471),(32424,NULL,'15-14',0,1471),(32425,NULL,'15-15',0,1471),(32426,NULL,'15-16',0,1471),(32427,NULL,'15-17',0,1471),(32428,NULL,'15-18',0,1471),(32429,NULL,'15-19',0,1471),(32430,NULL,'15-20',0,1471),(32431,NULL,'15-21',0,1471),(32432,NULL,'15-22',0,1471),(32433,NULL,'15-23',0,1471),(32434,NULL,'15-24',0,1471),(32435,NULL,'15-25',0,1471),(32436,NULL,'15-26',0,1471),(32437,NULL,'15-27',0,1471),(32438,NULL,'15-28',0,1471),(32439,NULL,'15-29',0,1471),(32440,NULL,'15-30',0,1471),(32441,NULL,'A-1',0,1472),(32442,NULL,'A-2',0,1472),(32443,NULL,'A-3',0,1472),(32444,NULL,'A-4',0,1472),(32445,NULL,'A-5',0,1472),(32446,NULL,'A-6',0,1472),(32447,NULL,'A-7',0,1472),(32448,NULL,'A-8',0,1472),(32449,NULL,'A-9',0,1472),(32450,NULL,'A-10',0,1472),(32451,NULL,'A-11',0,1472),(32452,NULL,'A-12',0,1472),(32453,NULL,'A-13',0,1472),(32454,NULL,'A-14',0,1472),(32455,NULL,'A-15',0,1472),(32456,NULL,'A-16',0,1472),(32457,NULL,'A-17',0,1472),(32458,NULL,'A-18',0,1472),(32459,NULL,'A-19',0,1472),(32460,NULL,'A-20',0,1472),(32461,NULL,'A-21',0,1472),(32462,NULL,'A-22',0,1472),(32463,NULL,'A-23',0,1472),(32464,NULL,'A-24',0,1472),(32465,NULL,'A-25',0,1472),(32466,NULL,'A-26',0,1472),(32467,NULL,'A-27',0,1472),(32468,NULL,'A-28',0,1472),(32469,NULL,'A-29',0,1472),(32470,NULL,'A-30',0,1472),(32471,NULL,'B-1',0,1473),(32472,NULL,'B-2',0,1473),(32473,NULL,'B-3',0,1473),(32474,NULL,'B-4',0,1473),(32475,NULL,'B-5',0,1473),(32476,NULL,'B-6',0,1473),(32477,NULL,'B-7',0,1473),(32478,NULL,'B-8',0,1473),(32479,NULL,'B-9',0,1473),(32480,NULL,'B-10',0,1473),(32481,NULL,'B-11',0,1473),(32482,NULL,'B-12',0,1473),(32483,NULL,'B-13',0,1473),(32484,NULL,'B-14',0,1473),(32485,NULL,'B-15',0,1473),(32486,NULL,'B-16',0,1473),(32487,NULL,'B-17',0,1473),(32488,NULL,'B-18',0,1473),(32489,NULL,'B-19',0,1473),(32490,NULL,'B-20',0,1473),(32491,NULL,'B-21',0,1473),(32492,NULL,'B-22',0,1473),(32493,NULL,'B-23',0,1473),(32494,NULL,'B-24',0,1473),(32495,NULL,'B-25',0,1473),(32496,NULL,'B-26',0,1473),(32497,NULL,'B-27',0,1473),(32498,NULL,'B-28',0,1473),(32499,NULL,'B-29',0,1473),(32500,NULL,'B-30',0,1473),(32501,NULL,'C-1',0,1474),(32502,NULL,'C-2',0,1474),(32503,NULL,'C-3',0,1474),(32504,NULL,'C-4',0,1474),(32505,NULL,'C-5',0,1474),(32506,NULL,'C-6',0,1474),(32507,NULL,'C-7',0,1474),(32508,NULL,'C-8',0,1474),(32509,NULL,'C-9',0,1474),(32510,NULL,'C-10',0,1474),(32511,NULL,'C-11',0,1474),(32512,NULL,'C-12',0,1474),(32513,NULL,'C-13',0,1474),(32514,NULL,'C-14',0,1474),(32515,NULL,'C-15',0,1474),(32516,NULL,'C-16',0,1474),(32517,NULL,'C-17',0,1474),(32518,NULL,'C-18',0,1474),(32519,NULL,'C-19',0,1474),(32520,NULL,'C-20',0,1474),(32521,NULL,'C-21',0,1474),(32522,NULL,'C-22',0,1474),(32523,NULL,'C-23',0,1474),(32524,NULL,'C-24',0,1474),(32525,NULL,'C-25',0,1474),(32526,NULL,'C-26',0,1474),(32527,NULL,'C-27',0,1474),(32528,NULL,'C-28',0,1474),(32529,NULL,'C-29',0,1474),(32530,NULL,'C-30',0,1474),(32531,NULL,'D-1',0,1475),(32532,NULL,'D-2',0,1475),(32533,NULL,'D-3',0,1475),(32534,NULL,'D-4',0,1475),(32535,NULL,'D-5',0,1475),(32536,NULL,'D-6',0,1475),(32537,NULL,'D-7',0,1475),(32538,NULL,'D-8',0,1475),(32539,NULL,'D-9',0,1475),(32540,NULL,'D-10',0,1475),(32541,NULL,'D-11',0,1475),(32542,NULL,'D-12',0,1475),(32543,NULL,'D-13',0,1475),(32544,NULL,'D-14',0,1475),(32545,NULL,'D-15',0,1475),(32546,NULL,'D-16',0,1475),(32547,NULL,'D-17',0,1475),(32548,NULL,'D-18',0,1475),(32549,NULL,'D-19',0,1475),(32550,NULL,'D-20',0,1475),(32551,NULL,'D-21',0,1475),(32552,NULL,'D-22',0,1475),(32553,NULL,'D-23',0,1475),(32554,NULL,'D-24',0,1475),(32555,NULL,'D-25',0,1475),(32556,NULL,'D-26',0,1475),(32557,NULL,'D-27',0,1475),(32558,NULL,'D-28',0,1475),(32559,NULL,'D-29',0,1475),(32560,NULL,'D-30',0,1475),(32561,NULL,'E-1',0,1476),(32562,NULL,'E-2',0,1476),(32563,NULL,'E-3',0,1476),(32564,NULL,'E-4',0,1476),(32565,NULL,'E-5',0,1476),(32566,NULL,'E-6',0,1476),(32567,NULL,'E-7',0,1476),(32568,NULL,'E-8',0,1476),(32569,NULL,'E-9',0,1476),(32570,NULL,'E-10',0,1476),(32571,NULL,'E-11',0,1476),(32572,NULL,'E-12',0,1476),(32573,NULL,'E-13',0,1476),(32574,NULL,'E-14',0,1476),(32575,NULL,'E-15',0,1476),(32576,NULL,'E-16',0,1476),(32577,NULL,'E-17',0,1476),(32578,NULL,'E-18',0,1476),(32579,NULL,'E-19',0,1476),(32580,NULL,'E-20',0,1476),(32581,NULL,'E-21',0,1476),(32582,NULL,'E-22',0,1476),(32583,NULL,'E-23',0,1476),(32584,NULL,'E-24',0,1476),(32585,NULL,'E-25',0,1476),(32586,NULL,'E-26',0,1476),(32587,NULL,'E-27',0,1476),(32588,NULL,'E-28',0,1476),(32589,NULL,'E-29',0,1476),(32590,NULL,'E-30',0,1476),(32591,NULL,'1-1',0,1477),(32592,NULL,'1-2',0,1477),(32593,NULL,'1-3',0,1477),(32594,NULL,'1-4',0,1477),(32595,NULL,'1-5',0,1477),(32596,NULL,'1-6',0,1477),(32597,NULL,'1-7',0,1477),(32598,NULL,'1-8',0,1477),(32599,NULL,'1-9',0,1477),(32600,NULL,'1-10',0,1477),(32601,NULL,'1-11',0,1477),(32602,'2022-04-07 09:00:50.377000','1-12',0,1477),(32603,NULL,'1-13',0,1477),(32604,NULL,'1-14',0,1477),(32605,NULL,'1-15',0,1477),(32606,NULL,'1-16',0,1477),(32607,NULL,'1-17',0,1477),(32608,NULL,'1-18',0,1477),(32609,NULL,'1-19',0,1477),(32610,NULL,'1-20',0,1477),(32611,NULL,'3-1',0,1478),(32612,NULL,'3-2',0,1478),(32613,NULL,'3-3',0,1478),(32614,NULL,'3-4',0,1478),(32615,NULL,'3-5',0,1478),(32616,NULL,'3-6',0,1478),(32617,NULL,'3-7',0,1478),(32618,NULL,'3-8',0,1478),(32619,NULL,'3-9',0,1478),(32620,NULL,'3-10',0,1478),(32621,NULL,'3-11',0,1478),(32622,NULL,'3-12',0,1478),(32623,NULL,'3-13',0,1478),(32624,NULL,'3-14',0,1478),(32625,NULL,'3-15',0,1478),(32626,NULL,'3-16',0,1478),(32627,NULL,'3-17',0,1478),(32628,NULL,'3-18',0,1478),(32629,NULL,'3-19',0,1478),(32630,NULL,'3-20',0,1478),(32631,NULL,'3-21',0,1478),(32632,NULL,'3-22',0,1478),(32633,NULL,'3-23',0,1478),(32634,NULL,'3-24',0,1478),(32635,NULL,'3-25',0,1478),(32636,NULL,'3-26',0,1478),(32637,NULL,'3-27',0,1478),(32638,NULL,'3-28',0,1478),(32639,NULL,'3-29',0,1478),(32640,NULL,'3-30',0,1478),(32641,NULL,'4-1',0,1479),(32642,NULL,'4-2',0,1479),(32643,NULL,'4-3',0,1479),(32644,NULL,'4-4',0,1479),(32645,NULL,'4-5',0,1479),(32646,NULL,'4-6',0,1479),(32647,NULL,'4-7',0,1479),(32648,NULL,'4-8',0,1479),(32649,NULL,'4-9',0,1479),(32650,NULL,'4-10',0,1479),(32651,NULL,'4-11',0,1479),(32652,NULL,'4-12',0,1479),(32653,NULL,'4-13',0,1479),(32654,NULL,'4-14',0,1479),(32655,NULL,'4-15',0,1479),(32656,NULL,'4-16',0,1479),(32657,NULL,'4-17',0,1479),(32658,NULL,'4-18',0,1479),(32659,NULL,'4-19',0,1479),(32660,'2022-04-07 11:51:18.647000','4-20',1,1479),(32661,NULL,'4-21',0,1479),(32662,NULL,'4-22',0,1479),(32663,NULL,'4-23',0,1479),(32664,NULL,'4-24',0,1479),(32665,NULL,'4-25',0,1479),(32666,NULL,'4-26',0,1479),(32667,NULL,'4-27',0,1479),(32668,NULL,'4-28',0,1479),(32669,NULL,'4-29',0,1479),(32670,NULL,'4-30',0,1479),(32671,NULL,'5-1',0,1480),(32672,NULL,'5-2',0,1480),(32673,NULL,'5-3',0,1480),(32674,NULL,'5-4',0,1480),(32675,NULL,'5-5',0,1480),(32676,NULL,'5-6',0,1480),(32677,NULL,'5-7',0,1480),(32678,NULL,'5-8',0,1480),(32679,NULL,'5-9',0,1480),(32680,NULL,'5-10',0,1480),(32681,NULL,'5-11',0,1480),(32682,NULL,'5-12',0,1480),(32683,NULL,'5-13',0,1480),(32684,NULL,'5-14',0,1480),(32685,NULL,'5-15',0,1480),(32686,NULL,'5-16',0,1480),(32687,NULL,'5-17',0,1480),(32688,NULL,'5-18',0,1480),(32689,NULL,'5-19',0,1480),(32690,NULL,'5-20',0,1480),(32691,NULL,'5-21',0,1480),(32692,NULL,'5-22',0,1480),(32693,NULL,'5-23',0,1480),(32694,NULL,'5-24',0,1480),(32695,NULL,'5-25',0,1480),(32696,NULL,'5-26',0,1480),(32697,NULL,'5-27',0,1480),(32698,NULL,'5-28',0,1480),(32699,NULL,'5-29',0,1480),(32700,NULL,'5-30',0,1480),(32701,NULL,'6-1',0,1481),(32702,NULL,'6-2',0,1481),(32703,NULL,'6-3',0,1481),(32704,NULL,'6-4',0,1481),(32705,NULL,'6-5',0,1481),(32706,NULL,'6-6',0,1481),(32707,NULL,'6-7',0,1481),(32708,NULL,'6-8',0,1481),(32709,NULL,'6-9',0,1481),(32710,NULL,'6-10',0,1481),(32711,NULL,'6-11',0,1481),(32712,NULL,'6-12',0,1481),(32713,NULL,'6-13',0,1481),(32714,NULL,'6-14',0,1481),(32715,NULL,'6-15',0,1481),(32716,NULL,'6-16',0,1481),(32717,NULL,'6-17',0,1481),(32718,NULL,'6-18',0,1481),(32719,NULL,'6-19',0,1481),(32720,NULL,'6-20',0,1481),(32721,NULL,'6-21',0,1481),(32722,NULL,'6-22',0,1481),(32723,NULL,'6-23',0,1481),(32724,NULL,'6-24',0,1481),(32725,NULL,'6-25',0,1481),(32726,NULL,'6-26',0,1481),(32727,NULL,'6-27',0,1481),(32728,NULL,'6-28',0,1481),(32729,NULL,'6-29',0,1481),(32730,NULL,'6-30',0,1481),(32731,NULL,'7-1',0,1482),(32732,NULL,'7-2',0,1482),(32733,NULL,'7-3',0,1482),(32734,NULL,'7-4',0,1482),(32735,NULL,'7-5',0,1482),(32736,NULL,'7-6',0,1482),(32737,NULL,'7-7',0,1482),(32738,NULL,'7-8',0,1482),(32739,NULL,'7-9',0,1482),(32740,NULL,'7-10',0,1482),(32741,NULL,'7-11',0,1482),(32742,NULL,'7-12',0,1482),(32743,NULL,'7-13',0,1482),(32744,NULL,'7-14',0,1482),(32745,NULL,'7-15',0,1482),(32746,NULL,'7-16',0,1482),(32747,NULL,'7-17',0,1482),(32748,NULL,'7-18',0,1482),(32749,NULL,'7-19',0,1482),(32750,NULL,'7-20',0,1482),(32751,NULL,'7-21',0,1482),(32752,NULL,'7-22',0,1482),(32753,NULL,'7-23',0,1482),(32754,NULL,'7-24',0,1482),(32755,NULL,'7-25',0,1482),(32756,NULL,'7-26',0,1482),(32757,NULL,'7-27',0,1482),(32758,NULL,'7-28',0,1482),(32759,NULL,'7-29',0,1482),(32760,NULL,'7-30',0,1482),(32761,NULL,'8-1',0,1483),(32762,NULL,'8-2',0,1483),(32763,NULL,'8-3',0,1483),(32764,NULL,'8-4',0,1483),(32765,NULL,'8-5',0,1483),(32766,NULL,'8-6',0,1483),(32767,NULL,'8-7',0,1483),(32768,NULL,'8-8',0,1483),(32769,NULL,'8-9',0,1483),(32770,NULL,'8-10',0,1483),(32771,NULL,'8-11',0,1483),(32772,NULL,'8-12',0,1483),(32773,NULL,'8-13',0,1483),(32774,NULL,'8-14',0,1483),(32775,NULL,'8-15',0,1483),(32776,NULL,'8-16',0,1483),(32777,NULL,'8-17',0,1483),(32778,NULL,'8-18',0,1483),(32779,NULL,'8-19',0,1483),(32780,NULL,'8-20',0,1483),(32781,NULL,'8-21',0,1483),(32782,NULL,'8-22',0,1483),(32783,NULL,'8-23',0,1483),(32784,NULL,'8-24',0,1483),(32785,NULL,'8-25',0,1483),(32786,NULL,'8-26',0,1483),(32787,NULL,'8-27',0,1483),(32788,NULL,'8-28',0,1483),(32789,NULL,'8-29',0,1483),(32790,NULL,'8-30',0,1483),(32791,NULL,'10-1',0,1484),(32792,NULL,'10-2',0,1484),(32793,NULL,'10-3',0,1484),(32794,NULL,'10-4',0,1484),(32795,NULL,'10-5',0,1484),(32796,NULL,'10-6',0,1484),(32797,NULL,'10-7',0,1484),(32798,NULL,'10-8',0,1484),(32799,NULL,'10-9',0,1484),(32800,NULL,'10-10',0,1484),(32801,NULL,'10-11',0,1484),(32802,NULL,'10-12',0,1484),(32803,NULL,'10-13',0,1484),(32804,NULL,'10-14',0,1484),(32805,NULL,'10-15',0,1484),(32806,NULL,'10-16',0,1484),(32807,NULL,'10-17',0,1484),(32808,NULL,'10-18',0,1484),(32809,NULL,'10-19',0,1484),(32810,NULL,'10-20',0,1484),(32811,NULL,'10-21',0,1484),(32812,NULL,'10-22',0,1484),(32813,NULL,'10-23',0,1484),(32814,NULL,'10-24',0,1484),(32815,NULL,'10-25',0,1484),(32816,NULL,'10-26',0,1484),(32817,NULL,'10-27',0,1484),(32818,NULL,'10-28',0,1484),(32819,NULL,'10-29',0,1484),(32820,NULL,'10-30',0,1484),(32821,NULL,'11-1',0,1485),(32822,NULL,'11-2',0,1485),(32823,NULL,'11-3',0,1485),(32824,NULL,'11-4',0,1485),(32825,NULL,'11-5',0,1485),(32826,NULL,'11-6',0,1485),(32827,NULL,'11-7',0,1485),(32828,NULL,'11-8',0,1485),(32829,NULL,'11-9',0,1485),(32830,NULL,'11-10',0,1485),(32831,NULL,'11-11',0,1485),(32832,NULL,'11-12',0,1485),(32833,NULL,'11-13',0,1485),(32834,NULL,'11-14',0,1485),(32835,NULL,'11-15',0,1485),(32836,NULL,'11-16',0,1485),(32837,NULL,'11-17',0,1485),(32838,NULL,'11-18',0,1485),(32839,NULL,'11-19',0,1485),(32840,NULL,'11-20',0,1485),(32841,NULL,'11-21',0,1485),(32842,NULL,'11-22',0,1485),(32843,NULL,'11-23',0,1485),(32844,NULL,'11-24',0,1485),(32845,NULL,'11-25',0,1485),(32846,NULL,'11-26',0,1485),(32847,NULL,'11-27',0,1485),(32848,NULL,'11-28',0,1485),(32849,NULL,'11-29',0,1485),(32850,NULL,'11-30',0,1485),(32851,NULL,'12-1',0,1486),(32852,NULL,'12-2',0,1486),(32853,NULL,'12-3',0,1486),(32854,NULL,'12-4',0,1486),(32855,NULL,'12-5',0,1486),(32856,NULL,'12-6',0,1486),(32857,NULL,'12-7',0,1486),(32858,NULL,'12-8',0,1486),(32859,NULL,'12-9',0,1486),(32860,NULL,'12-10',0,1486),(32861,NULL,'12-11',0,1486),(32862,NULL,'12-12',0,1486),(32863,NULL,'12-13',0,1486),(32864,NULL,'12-14',0,1486),(32865,NULL,'12-15',0,1486),(32866,NULL,'12-16',0,1486),(32867,NULL,'12-17',0,1486),(32868,NULL,'12-18',0,1486),(32869,NULL,'12-19',0,1486),(32870,NULL,'12-20',0,1486),(32871,NULL,'12-21',0,1486),(32872,NULL,'12-22',0,1486),(32873,NULL,'12-23',0,1486),(32874,NULL,'12-24',0,1486),(32875,NULL,'12-25',0,1486),(32876,NULL,'12-26',0,1486),(32877,NULL,'12-27',0,1486),(32878,NULL,'12-28',0,1486),(32879,NULL,'12-29',0,1486),(32880,NULL,'12-30',0,1486),(32881,NULL,'13-1',0,1487),(32882,NULL,'13-2',0,1487),(32883,NULL,'13-3',0,1487),(32884,NULL,'13-4',0,1487),(32885,NULL,'13-5',0,1487),(32886,NULL,'13-6',0,1487),(32887,NULL,'13-7',0,1487),(32888,NULL,'13-8',0,1487),(32889,NULL,'13-9',0,1487),(32890,NULL,'13-10',0,1487),(32891,NULL,'13-11',0,1487),(32892,NULL,'13-12',0,1487),(32893,NULL,'13-13',0,1487),(32894,NULL,'13-14',0,1487),(32895,NULL,'13-15',0,1487),(32896,NULL,'13-16',0,1487),(32897,NULL,'13-17',0,1487),(32898,NULL,'13-18',0,1487),(32899,NULL,'13-19',0,1487),(32900,NULL,'13-20',0,1487),(32901,NULL,'13-21',0,1487),(32902,NULL,'13-22',0,1487),(32903,NULL,'13-23',0,1487),(32904,NULL,'13-24',0,1487),(32905,NULL,'13-25',0,1487),(32906,NULL,'13-26',0,1487),(32907,NULL,'13-27',0,1487),(32908,NULL,'13-28',0,1487),(32909,NULL,'13-29',0,1487),(32910,NULL,'13-30',0,1487),(32911,NULL,'14-1',0,1488),(32912,NULL,'14-2',0,1488),(32913,NULL,'14-3',0,1488),(32914,NULL,'14-4',0,1488),(32915,NULL,'14-5',0,1488),(32916,NULL,'14-6',0,1488),(32917,NULL,'14-7',0,1488),(32918,NULL,'14-8',0,1488),(32919,NULL,'14-9',0,1488),(32920,NULL,'14-10',0,1488),(32921,NULL,'14-11',0,1488),(32922,NULL,'14-12',0,1488),(32923,NULL,'14-13',0,1488),(32924,NULL,'14-14',0,1488),(32925,NULL,'14-15',0,1488),(32926,NULL,'14-16',0,1488),(32927,NULL,'14-17',0,1488),(32928,NULL,'14-18',0,1488),(32929,NULL,'14-19',0,1488),(32930,NULL,'14-20',0,1488),(32931,NULL,'14-21',0,1488),(32932,NULL,'14-22',0,1488),(32933,NULL,'14-23',0,1488),(32934,NULL,'14-24',0,1488),(32935,NULL,'14-25',0,1488),(32936,NULL,'14-26',0,1488),(32937,NULL,'14-27',0,1488),(32938,NULL,'14-28',0,1488),(32939,NULL,'14-29',0,1488),(32940,NULL,'14-30',0,1488),(32941,NULL,'15-1',0,1489),(32942,NULL,'15-2',0,1489),(32943,NULL,'15-3',0,1489),(32944,NULL,'15-4',0,1489),(32945,NULL,'15-5',0,1489),(32946,NULL,'15-6',0,1489),(32947,NULL,'15-7',0,1489),(32948,NULL,'15-8',0,1489),(32949,NULL,'15-9',0,1489),(32950,NULL,'15-10',0,1489),(32951,NULL,'15-11',0,1489),(32952,NULL,'15-12',0,1489),(32953,NULL,'15-13',0,1489),(32954,NULL,'15-14',0,1489),(32955,NULL,'15-15',0,1489),(32956,NULL,'15-16',0,1489),(32957,NULL,'15-17',0,1489),(32958,NULL,'15-18',0,1489),(32959,NULL,'15-19',0,1489),(32960,NULL,'15-20',0,1489),(32961,NULL,'15-21',0,1489),(32962,NULL,'15-22',0,1489),(32963,NULL,'15-23',0,1489),(32964,NULL,'15-24',0,1489),(32965,NULL,'15-25',0,1489),(32966,NULL,'15-26',0,1489),(32967,NULL,'15-27',0,1489),(32968,NULL,'15-28',0,1489),(32969,NULL,'15-29',0,1489),(32970,NULL,'15-30',0,1489),(32971,NULL,'A-1',0,1490),(32972,NULL,'A-2',0,1490),(32973,NULL,'A-3',0,1490),(32974,NULL,'A-4',0,1490),(32975,NULL,'A-5',0,1490),(32976,NULL,'A-6',0,1490),(32977,NULL,'A-7',0,1490),(32978,NULL,'A-8',0,1490),(32979,NULL,'A-9',0,1490),(32980,NULL,'A-10',0,1490),(32981,NULL,'A-11',0,1490),(32982,NULL,'A-12',0,1490),(32983,NULL,'A-13',0,1490),(32984,NULL,'A-14',0,1490),(32985,NULL,'A-15',0,1490),(32986,NULL,'A-16',0,1490),(32987,NULL,'A-17',0,1490),(32988,NULL,'A-18',0,1490),(32989,NULL,'A-19',0,1490),(32990,NULL,'A-20',0,1490),(32991,NULL,'A-21',0,1490),(32992,NULL,'A-22',0,1490),(32993,NULL,'A-23',0,1490),(32994,NULL,'A-24',0,1490),(32995,NULL,'A-25',0,1490),(32996,NULL,'A-26',0,1490),(32997,NULL,'A-27',0,1490),(32998,NULL,'A-28',0,1490),(32999,NULL,'A-29',0,1490),(33000,NULL,'A-30',0,1490),(33001,NULL,'B-1',0,1491),(33002,NULL,'B-2',0,1491),(33003,NULL,'B-3',0,1491),(33004,NULL,'B-4',0,1491),(33005,NULL,'B-5',0,1491),(33006,NULL,'B-6',0,1491),(33007,NULL,'B-7',0,1491),(33008,NULL,'B-8',0,1491),(33009,NULL,'B-9',0,1491),(33010,NULL,'B-10',0,1491),(33011,NULL,'B-11',0,1491),(33012,NULL,'B-12',0,1491),(33013,NULL,'B-13',0,1491),(33014,NULL,'B-14',0,1491),(33015,NULL,'B-15',0,1491),(33016,NULL,'B-16',0,1491),(33017,NULL,'B-17',0,1491),(33018,NULL,'B-18',0,1491),(33019,NULL,'B-19',0,1491),(33020,NULL,'B-20',0,1491),(33021,NULL,'B-21',0,1491),(33022,NULL,'B-22',0,1491),(33023,NULL,'B-23',0,1491),(33024,NULL,'B-24',0,1491),(33025,NULL,'B-25',0,1491),(33026,NULL,'B-26',0,1491),(33027,NULL,'B-27',0,1491),(33028,NULL,'B-28',0,1491),(33029,NULL,'B-29',0,1491),(33030,NULL,'B-30',0,1491),(33031,NULL,'C-1',0,1492),(33032,NULL,'C-2',0,1492),(33033,NULL,'C-3',0,1492),(33034,NULL,'C-4',0,1492),(33035,NULL,'C-5',0,1492),(33036,NULL,'C-6',0,1492),(33037,NULL,'C-7',0,1492),(33038,NULL,'C-8',0,1492),(33039,NULL,'C-9',0,1492),(33040,NULL,'C-10',0,1492),(33041,NULL,'C-11',0,1492),(33042,NULL,'C-12',0,1492),(33043,NULL,'C-13',0,1492),(33044,NULL,'C-14',0,1492),(33045,NULL,'C-15',0,1492),(33046,NULL,'C-16',0,1492),(33047,NULL,'C-17',0,1492),(33048,NULL,'C-18',0,1492),(33049,NULL,'C-19',0,1492),(33050,NULL,'C-20',0,1492),(33051,NULL,'C-21',0,1492),(33052,NULL,'C-22',0,1492),(33053,NULL,'C-23',0,1492),(33054,NULL,'C-24',0,1492),(33055,NULL,'C-25',0,1492),(33056,NULL,'C-26',0,1492),(33057,NULL,'C-27',0,1492),(33058,NULL,'C-28',0,1492),(33059,NULL,'C-29',0,1492),(33060,NULL,'C-30',0,1492),(33061,NULL,'D-1',0,1493),(33062,NULL,'D-2',0,1493),(33063,NULL,'D-3',0,1493),(33064,NULL,'D-4',0,1493),(33065,NULL,'D-5',0,1493),(33066,NULL,'D-6',0,1493),(33067,NULL,'D-7',0,1493),(33068,NULL,'D-8',0,1493),(33069,NULL,'D-9',0,1493),(33070,NULL,'D-10',0,1493),(33071,NULL,'D-11',0,1493),(33072,NULL,'D-12',0,1493),(33073,NULL,'D-13',0,1493),(33074,NULL,'D-14',0,1493),(33075,NULL,'D-15',0,1493),(33076,NULL,'D-16',0,1493),(33077,NULL,'D-17',0,1493),(33078,NULL,'D-18',0,1493),(33079,NULL,'D-19',0,1493),(33080,NULL,'D-20',0,1493),(33081,NULL,'D-21',0,1493),(33082,NULL,'D-22',0,1493),(33083,NULL,'D-23',0,1493),(33084,NULL,'D-24',0,1493),(33085,NULL,'D-25',0,1493),(33086,NULL,'D-26',0,1493),(33087,NULL,'D-27',0,1493),(33088,NULL,'D-28',0,1493),(33089,NULL,'D-29',0,1493),(33090,NULL,'D-30',0,1493),(33091,NULL,'E-1',0,1494),(33092,NULL,'E-2',0,1494),(33093,NULL,'E-3',0,1494),(33094,NULL,'E-4',0,1494),(33095,NULL,'E-5',0,1494),(33096,NULL,'E-6',0,1494),(33097,NULL,'E-7',0,1494),(33098,NULL,'E-8',0,1494),(33099,NULL,'E-9',0,1494),(33100,NULL,'E-10',0,1494),(33101,NULL,'E-11',0,1494),(33102,NULL,'E-12',0,1494),(33103,NULL,'E-13',0,1494),(33104,NULL,'E-14',0,1494),(33105,NULL,'E-15',0,1494),(33106,NULL,'E-16',0,1494),(33107,NULL,'E-17',0,1494),(33108,NULL,'E-18',0,1494),(33109,NULL,'E-19',0,1494),(33110,NULL,'E-20',0,1494),(33111,NULL,'E-21',0,1494),(33112,NULL,'E-22',0,1494),(33113,NULL,'E-23',0,1494),(33114,NULL,'E-24',0,1494),(33115,NULL,'E-25',0,1494),(33116,NULL,'E-26',0,1494),(33117,NULL,'E-27',0,1494),(33118,NULL,'E-28',0,1494),(33119,NULL,'E-29',0,1494),(33120,NULL,'E-30',0,1494),(33121,NULL,'1-1',0,1495),(33122,NULL,'1-2',0,1495),(33123,NULL,'1-3',0,1495),(33124,NULL,'1-4',0,1495),(33125,NULL,'1-5',0,1495),(33126,NULL,'1-6',0,1495),(33127,NULL,'1-7',0,1495),(33128,NULL,'1-8',0,1495),(33129,NULL,'1-9',0,1495),(33130,NULL,'1-10',0,1495),(33131,NULL,'1-11',0,1495),(33132,NULL,'1-12',0,1495),(33133,NULL,'1-13',0,1495),(33134,NULL,'1-14',0,1495),(33135,NULL,'1-15',0,1495),(33136,NULL,'1-16',0,1495),(33137,NULL,'1-17',0,1495),(33138,NULL,'1-18',0,1495),(33139,NULL,'1-19',0,1495),(33140,NULL,'1-20',0,1495),(33141,NULL,'3-1',0,1496),(33142,NULL,'3-2',0,1496),(33143,NULL,'3-3',0,1496),(33144,NULL,'3-4',0,1496),(33145,NULL,'3-5',0,1496),(33146,NULL,'3-6',0,1496),(33147,NULL,'3-7',0,1496),(33148,NULL,'3-8',0,1496),(33149,NULL,'3-9',0,1496),(33150,NULL,'3-10',0,1496),(33151,NULL,'3-11',0,1496),(33152,NULL,'3-12',0,1496),(33153,NULL,'3-13',0,1496),(33154,NULL,'3-14',0,1496),(33155,NULL,'3-15',0,1496),(33156,NULL,'3-16',0,1496),(33157,NULL,'3-17',0,1496),(33158,NULL,'3-18',0,1496),(33159,NULL,'3-19',0,1496),(33160,NULL,'3-20',0,1496),(33161,NULL,'3-21',0,1496),(33162,NULL,'3-22',0,1496),(33163,NULL,'3-23',0,1496),(33164,NULL,'3-24',0,1496),(33165,NULL,'3-25',0,1496),(33166,NULL,'3-26',0,1496),(33167,NULL,'3-27',0,1496),(33168,NULL,'3-28',0,1496),(33169,NULL,'3-29',0,1496),(33170,NULL,'3-30',0,1496),(33171,NULL,'4-1',0,1497),(33172,NULL,'4-2',0,1497),(33173,NULL,'4-3',0,1497),(33174,NULL,'4-4',0,1497),(33175,NULL,'4-5',0,1497),(33176,NULL,'4-6',0,1497),(33177,NULL,'4-7',0,1497),(33178,NULL,'4-8',0,1497),(33179,NULL,'4-9',0,1497),(33180,NULL,'4-10',0,1497),(33181,NULL,'4-11',0,1497),(33182,NULL,'4-12',0,1497),(33183,NULL,'4-13',0,1497),(33184,NULL,'4-14',0,1497),(33185,NULL,'4-15',0,1497),(33186,NULL,'4-16',0,1497),(33187,NULL,'4-17',0,1497),(33188,NULL,'4-18',0,1497),(33189,NULL,'4-19',0,1497),(33190,NULL,'4-20',0,1497),(33191,NULL,'4-21',0,1497),(33192,NULL,'4-22',0,1497),(33193,NULL,'4-23',0,1497),(33194,NULL,'4-24',0,1497),(33195,NULL,'4-25',0,1497),(33196,NULL,'4-26',0,1497),(33197,NULL,'4-27',0,1497),(33198,NULL,'4-28',0,1497),(33199,NULL,'4-29',0,1497),(33200,NULL,'4-30',0,1497),(33201,NULL,'5-1',0,1498),(33202,NULL,'5-2',0,1498),(33203,NULL,'5-3',0,1498),(33204,NULL,'5-4',0,1498),(33205,NULL,'5-5',0,1498),(33206,NULL,'5-6',0,1498),(33207,NULL,'5-7',0,1498),(33208,NULL,'5-8',0,1498),(33209,NULL,'5-9',0,1498),(33210,NULL,'5-10',0,1498),(33211,NULL,'5-11',0,1498),(33212,NULL,'5-12',0,1498),(33213,NULL,'5-13',0,1498),(33214,NULL,'5-14',0,1498),(33215,NULL,'5-15',0,1498),(33216,NULL,'5-16',0,1498),(33217,NULL,'5-17',0,1498),(33218,NULL,'5-18',0,1498),(33219,NULL,'5-19',0,1498),(33220,NULL,'5-20',0,1498),(33221,NULL,'5-21',0,1498),(33222,NULL,'5-22',0,1498),(33223,NULL,'5-23',0,1498),(33224,NULL,'5-24',0,1498),(33225,NULL,'5-25',0,1498),(33226,NULL,'5-26',0,1498),(33227,NULL,'5-27',0,1498),(33228,NULL,'5-28',0,1498),(33229,NULL,'5-29',0,1498),(33230,NULL,'5-30',0,1498),(33231,NULL,'6-1',0,1499),(33232,NULL,'6-2',0,1499),(33233,NULL,'6-3',0,1499),(33234,NULL,'6-4',0,1499),(33235,NULL,'6-5',0,1499),(33236,NULL,'6-6',0,1499),(33237,NULL,'6-7',0,1499),(33238,NULL,'6-8',0,1499),(33239,NULL,'6-9',0,1499),(33240,NULL,'6-10',0,1499),(33241,NULL,'6-11',0,1499),(33242,NULL,'6-12',0,1499),(33243,NULL,'6-13',0,1499),(33244,NULL,'6-14',0,1499),(33245,NULL,'6-15',0,1499),(33246,NULL,'6-16',0,1499),(33247,NULL,'6-17',0,1499),(33248,NULL,'6-18',0,1499),(33249,NULL,'6-19',0,1499),(33250,NULL,'6-20',0,1499),(33251,NULL,'6-21',0,1499),(33252,NULL,'6-22',0,1499),(33253,NULL,'6-23',0,1499),(33254,NULL,'6-24',0,1499),(33255,NULL,'6-25',0,1499),(33256,NULL,'6-26',0,1499),(33257,NULL,'6-27',0,1499),(33258,NULL,'6-28',0,1499),(33259,NULL,'6-29',0,1499),(33260,NULL,'6-30',0,1499),(33261,NULL,'7-1',0,1500),(33262,NULL,'7-2',0,1500),(33263,NULL,'7-3',0,1500),(33264,NULL,'7-4',0,1500),(33265,NULL,'7-5',0,1500),(33266,NULL,'7-6',0,1500),(33267,NULL,'7-7',0,1500),(33268,NULL,'7-8',0,1500),(33269,NULL,'7-9',0,1500),(33270,NULL,'7-10',0,1500),(33271,NULL,'7-11',0,1500),(33272,NULL,'7-12',0,1500),(33273,NULL,'7-13',0,1500),(33274,NULL,'7-14',0,1500),(33275,NULL,'7-15',0,1500),(33276,NULL,'7-16',0,1500),(33277,NULL,'7-17',0,1500),(33278,NULL,'7-18',0,1500),(33279,NULL,'7-19',0,1500),(33280,NULL,'7-20',0,1500),(33281,NULL,'7-21',0,1500),(33282,NULL,'7-22',0,1500),(33283,NULL,'7-23',0,1500),(33284,NULL,'7-24',0,1500),(33285,NULL,'7-25',0,1500),(33286,NULL,'7-26',0,1500),(33287,NULL,'7-27',0,1500),(33288,NULL,'7-28',0,1500),(33289,NULL,'7-29',0,1500),(33290,NULL,'7-30',0,1500),(33291,NULL,'8-1',0,1501),(33292,NULL,'8-2',0,1501),(33293,NULL,'8-3',0,1501),(33294,NULL,'8-4',0,1501),(33295,NULL,'8-5',0,1501),(33296,NULL,'8-6',0,1501),(33297,NULL,'8-7',0,1501),(33298,NULL,'8-8',0,1501),(33299,NULL,'8-9',0,1501),(33300,NULL,'8-10',0,1501),(33301,NULL,'8-11',0,1501),(33302,NULL,'8-12',0,1501),(33303,NULL,'8-13',0,1501),(33304,NULL,'8-14',0,1501),(33305,NULL,'8-15',0,1501),(33306,NULL,'8-16',0,1501),(33307,NULL,'8-17',0,1501),(33308,NULL,'8-18',0,1501),(33309,NULL,'8-19',0,1501),(33310,NULL,'8-20',0,1501),(33311,NULL,'8-21',0,1501),(33312,NULL,'8-22',0,1501),(33313,NULL,'8-23',0,1501),(33314,NULL,'8-24',0,1501),(33315,NULL,'8-25',0,1501),(33316,NULL,'8-26',0,1501),(33317,NULL,'8-27',0,1501),(33318,NULL,'8-28',0,1501),(33319,NULL,'8-29',0,1501),(33320,NULL,'8-30',0,1501),(33321,NULL,'10-1',0,1502),(33322,NULL,'10-2',0,1502),(33323,NULL,'10-3',0,1502),(33324,NULL,'10-4',0,1502),(33325,NULL,'10-5',0,1502),(33326,NULL,'10-6',0,1502),(33327,NULL,'10-7',0,1502),(33328,NULL,'10-8',0,1502),(33329,NULL,'10-9',0,1502),(33330,NULL,'10-10',0,1502),(33331,NULL,'10-11',0,1502),(33332,NULL,'10-12',0,1502),(33333,NULL,'10-13',0,1502),(33334,NULL,'10-14',0,1502),(33335,NULL,'10-15',0,1502),(33336,NULL,'10-16',0,1502),(33337,NULL,'10-17',0,1502),(33338,NULL,'10-18',0,1502),(33339,NULL,'10-19',0,1502),(33340,NULL,'10-20',0,1502),(33341,NULL,'10-21',0,1502),(33342,NULL,'10-22',0,1502),(33343,NULL,'10-23',0,1502),(33344,NULL,'10-24',0,1502),(33345,NULL,'10-25',0,1502),(33346,NULL,'10-26',0,1502),(33347,NULL,'10-27',0,1502),(33348,NULL,'10-28',0,1502),(33349,NULL,'10-29',0,1502),(33350,NULL,'10-30',0,1502),(33351,NULL,'11-1',0,1503),(33352,NULL,'11-2',0,1503),(33353,NULL,'11-3',0,1503),(33354,NULL,'11-4',0,1503),(33355,NULL,'11-5',0,1503),(33356,NULL,'11-6',0,1503),(33357,NULL,'11-7',0,1503),(33358,NULL,'11-8',0,1503),(33359,NULL,'11-9',0,1503),(33360,NULL,'11-10',0,1503),(33361,NULL,'11-11',0,1503),(33362,NULL,'11-12',0,1503),(33363,NULL,'11-13',0,1503),(33364,NULL,'11-14',0,1503),(33365,NULL,'11-15',0,1503),(33366,NULL,'11-16',0,1503),(33367,NULL,'11-17',0,1503),(33368,NULL,'11-18',0,1503),(33369,NULL,'11-19',0,1503),(33370,NULL,'11-20',0,1503),(33371,NULL,'11-21',0,1503),(33372,NULL,'11-22',0,1503),(33373,NULL,'11-23',0,1503),(33374,NULL,'11-24',0,1503),(33375,NULL,'11-25',0,1503),(33376,NULL,'11-26',0,1503),(33377,NULL,'11-27',0,1503),(33378,NULL,'11-28',0,1503),(33379,NULL,'11-29',0,1503),(33380,NULL,'11-30',0,1503),(33381,NULL,'12-1',0,1504),(33382,NULL,'12-2',0,1504),(33383,NULL,'12-3',0,1504),(33384,NULL,'12-4',0,1504),(33385,NULL,'12-5',0,1504),(33386,NULL,'12-6',0,1504),(33387,NULL,'12-7',0,1504),(33388,NULL,'12-8',0,1504),(33389,NULL,'12-9',0,1504),(33390,NULL,'12-10',0,1504),(33391,NULL,'12-11',0,1504),(33392,NULL,'12-12',0,1504),(33393,NULL,'12-13',0,1504),(33394,NULL,'12-14',0,1504),(33395,NULL,'12-15',0,1504),(33396,NULL,'12-16',0,1504),(33397,NULL,'12-17',0,1504),(33398,NULL,'12-18',0,1504),(33399,NULL,'12-19',0,1504),(33400,NULL,'12-20',0,1504),(33401,NULL,'12-21',0,1504),(33402,NULL,'12-22',0,1504),(33403,NULL,'12-23',0,1504),(33404,NULL,'12-24',0,1504),(33405,NULL,'12-25',0,1504),(33406,NULL,'12-26',0,1504),(33407,NULL,'12-27',0,1504),(33408,NULL,'12-28',0,1504),(33409,NULL,'12-29',0,1504),(33410,NULL,'12-30',0,1504),(33411,NULL,'13-1',0,1505),(33412,NULL,'13-2',0,1505),(33413,NULL,'13-3',0,1505),(33414,NULL,'13-4',0,1505),(33415,NULL,'13-5',0,1505),(33416,NULL,'13-6',0,1505),(33417,NULL,'13-7',0,1505),(33418,NULL,'13-8',0,1505),(33419,NULL,'13-9',0,1505),(33420,NULL,'13-10',0,1505),(33421,NULL,'13-11',0,1505),(33422,NULL,'13-12',0,1505),(33423,NULL,'13-13',0,1505),(33424,NULL,'13-14',0,1505),(33425,NULL,'13-15',0,1505),(33426,NULL,'13-16',0,1505),(33427,NULL,'13-17',0,1505),(33428,NULL,'13-18',0,1505),(33429,NULL,'13-19',0,1505),(33430,NULL,'13-20',0,1505),(33431,NULL,'13-21',0,1505),(33432,NULL,'13-22',0,1505),(33433,NULL,'13-23',0,1505),(33434,NULL,'13-24',0,1505),(33435,NULL,'13-25',0,1505),(33436,NULL,'13-26',0,1505),(33437,NULL,'13-27',0,1505),(33438,NULL,'13-28',0,1505),(33439,NULL,'13-29',0,1505),(33440,NULL,'13-30',0,1505),(33441,NULL,'14-1',0,1506),(33442,NULL,'14-2',0,1506),(33443,NULL,'14-3',0,1506),(33444,NULL,'14-4',0,1506),(33445,NULL,'14-5',0,1506),(33446,NULL,'14-6',0,1506),(33447,NULL,'14-7',0,1506),(33448,NULL,'14-8',0,1506),(33449,NULL,'14-9',0,1506),(33450,NULL,'14-10',0,1506),(33451,NULL,'14-11',0,1506),(33452,NULL,'14-12',0,1506),(33453,NULL,'14-13',0,1506),(33454,NULL,'14-14',0,1506),(33455,NULL,'14-15',0,1506),(33456,NULL,'14-16',0,1506),(33457,NULL,'14-17',0,1506),(33458,NULL,'14-18',0,1506),(33459,NULL,'14-19',0,1506),(33460,NULL,'14-20',0,1506),(33461,NULL,'14-21',0,1506),(33462,NULL,'14-22',0,1506),(33463,NULL,'14-23',0,1506),(33464,NULL,'14-24',0,1506),(33465,NULL,'14-25',0,1506),(33466,NULL,'14-26',0,1506),(33467,NULL,'14-27',0,1506),(33468,NULL,'14-28',0,1506),(33469,NULL,'14-29',0,1506),(33470,NULL,'14-30',0,1506),(33471,NULL,'15-1',0,1507),(33472,NULL,'15-2',0,1507),(33473,NULL,'15-3',0,1507),(33474,NULL,'15-4',0,1507),(33475,NULL,'15-5',0,1507),(33476,NULL,'15-6',0,1507),(33477,NULL,'15-7',0,1507),(33478,NULL,'15-8',0,1507),(33479,NULL,'15-9',0,1507),(33480,NULL,'15-10',0,1507),(33481,NULL,'15-11',0,1507),(33482,NULL,'15-12',0,1507),(33483,NULL,'15-13',0,1507),(33484,NULL,'15-14',0,1507),(33485,NULL,'15-15',0,1507),(33486,NULL,'15-16',0,1507),(33487,NULL,'15-17',0,1507),(33488,NULL,'15-18',0,1507),(33489,NULL,'15-19',0,1507),(33490,NULL,'15-20',0,1507),(33491,NULL,'15-21',0,1507),(33492,NULL,'15-22',0,1507),(33493,NULL,'15-23',0,1507),(33494,NULL,'15-24',0,1507),(33495,NULL,'15-25',0,1507),(33496,NULL,'15-26',0,1507),(33497,NULL,'15-27',0,1507),(33498,NULL,'15-28',0,1507),(33499,NULL,'15-29',0,1507),(33500,NULL,'15-30',0,1507),(33501,NULL,'A-1',0,1508),(33502,NULL,'A-2',0,1508),(33503,NULL,'A-3',0,1508),(33504,NULL,'A-4',0,1508),(33505,NULL,'A-5',0,1508),(33506,NULL,'A-6',0,1508),(33507,NULL,'A-7',0,1508),(33508,NULL,'A-8',0,1508),(33509,NULL,'A-9',0,1508),(33510,NULL,'A-10',0,1508),(33511,NULL,'A-11',0,1508),(33512,NULL,'A-12',0,1508),(33513,NULL,'A-13',0,1508),(33514,NULL,'A-14',0,1508),(33515,NULL,'A-15',0,1508),(33516,NULL,'A-16',0,1508),(33517,NULL,'A-17',0,1508),(33518,NULL,'A-18',0,1508),(33519,NULL,'A-19',0,1508),(33520,NULL,'A-20',0,1508),(33521,NULL,'A-21',0,1508),(33522,NULL,'A-22',0,1508),(33523,NULL,'A-23',0,1508),(33524,NULL,'A-24',0,1508),(33525,NULL,'A-25',0,1508),(33526,NULL,'A-26',0,1508),(33527,NULL,'A-27',0,1508),(33528,NULL,'A-28',0,1508),(33529,NULL,'A-29',0,1508),(33530,NULL,'A-30',0,1508),(33531,NULL,'B-1',0,1509),(33532,NULL,'B-2',0,1509),(33533,NULL,'B-3',0,1509),(33534,NULL,'B-4',0,1509),(33535,NULL,'B-5',0,1509),(33536,NULL,'B-6',0,1509),(33537,NULL,'B-7',0,1509),(33538,NULL,'B-8',0,1509),(33539,NULL,'B-9',0,1509),(33540,NULL,'B-10',0,1509),(33541,NULL,'B-11',0,1509),(33542,NULL,'B-12',0,1509),(33543,NULL,'B-13',0,1509),(33544,NULL,'B-14',0,1509),(33545,NULL,'B-15',0,1509),(33546,NULL,'B-16',0,1509),(33547,NULL,'B-17',0,1509),(33548,NULL,'B-18',0,1509),(33549,NULL,'B-19',0,1509),(33550,NULL,'B-20',0,1509),(33551,NULL,'B-21',0,1509),(33552,NULL,'B-22',0,1509),(33553,NULL,'B-23',0,1509),(33554,NULL,'B-24',0,1509),(33555,NULL,'B-25',0,1509),(33556,NULL,'B-26',0,1509),(33557,NULL,'B-27',0,1509),(33558,NULL,'B-28',0,1509),(33559,NULL,'B-29',0,1509),(33560,NULL,'B-30',0,1509),(33561,NULL,'C-1',0,1510),(33562,NULL,'C-2',0,1510),(33563,NULL,'C-3',0,1510),(33564,NULL,'C-4',0,1510),(33565,NULL,'C-5',0,1510),(33566,NULL,'C-6',0,1510),(33567,NULL,'C-7',0,1510),(33568,NULL,'C-8',0,1510),(33569,NULL,'C-9',0,1510),(33570,NULL,'C-10',0,1510),(33571,NULL,'C-11',0,1510),(33572,NULL,'C-12',0,1510),(33573,NULL,'C-13',0,1510),(33574,NULL,'C-14',0,1510),(33575,NULL,'C-15',0,1510),(33576,NULL,'C-16',0,1510),(33577,NULL,'C-17',0,1510),(33578,NULL,'C-18',0,1510),(33579,NULL,'C-19',0,1510),(33580,NULL,'C-20',0,1510),(33581,NULL,'C-21',0,1510),(33582,NULL,'C-22',0,1510),(33583,NULL,'C-23',0,1510),(33584,NULL,'C-24',0,1510),(33585,NULL,'C-25',0,1510),(33586,NULL,'C-26',0,1510),(33587,NULL,'C-27',0,1510),(33588,NULL,'C-28',0,1510),(33589,NULL,'C-29',0,1510),(33590,NULL,'C-30',0,1510),(33591,NULL,'D-1',0,1511),(33592,NULL,'D-2',0,1511),(33593,NULL,'D-3',0,1511),(33594,NULL,'D-4',0,1511),(33595,NULL,'D-5',0,1511),(33596,NULL,'D-6',0,1511),(33597,NULL,'D-7',0,1511),(33598,NULL,'D-8',0,1511),(33599,NULL,'D-9',0,1511),(33600,NULL,'D-10',0,1511),(33601,NULL,'D-11',0,1511),(33602,NULL,'D-12',0,1511),(33603,NULL,'D-13',0,1511),(33604,NULL,'D-14',0,1511),(33605,NULL,'D-15',0,1511),(33606,NULL,'D-16',0,1511),(33607,NULL,'D-17',0,1511),(33608,NULL,'D-18',0,1511),(33609,NULL,'D-19',0,1511),(33610,NULL,'D-20',0,1511),(33611,NULL,'D-21',0,1511),(33612,NULL,'D-22',0,1511),(33613,NULL,'D-23',0,1511),(33614,NULL,'D-24',0,1511),(33615,NULL,'D-25',0,1511),(33616,NULL,'D-26',0,1511),(33617,NULL,'D-27',0,1511),(33618,NULL,'D-28',0,1511),(33619,NULL,'D-29',0,1511),(33620,NULL,'D-30',0,1511),(33621,NULL,'E-1',0,1512),(33622,NULL,'E-2',0,1512),(33623,NULL,'E-3',0,1512),(33624,NULL,'E-4',0,1512),(33625,NULL,'E-5',0,1512),(33626,NULL,'E-6',0,1512),(33627,NULL,'E-7',0,1512),(33628,NULL,'E-8',0,1512),(33629,NULL,'E-9',0,1512),(33630,NULL,'E-10',0,1512),(33631,NULL,'E-11',0,1512),(33632,NULL,'E-12',0,1512),(33633,NULL,'E-13',0,1512),(33634,NULL,'E-14',0,1512),(33635,NULL,'E-15',0,1512),(33636,NULL,'E-16',0,1512),(33637,NULL,'E-17',0,1512),(33638,NULL,'E-18',0,1512),(33639,NULL,'E-19',0,1512),(33640,NULL,'E-20',0,1512),(33641,NULL,'E-21',0,1512),(33642,NULL,'E-22',0,1512),(33643,NULL,'E-23',0,1512),(33644,NULL,'E-24',0,1512),(33645,NULL,'E-25',0,1512),(33646,NULL,'E-26',0,1512),(33647,NULL,'E-27',0,1512),(33648,NULL,'E-28',0,1512),(33649,NULL,'E-29',0,1512),(33650,NULL,'E-30',0,1512),(33651,NULL,'가-1',0,1513),(33652,NULL,'가-2',0,1513),(33653,NULL,'가-3',0,1513),(33654,NULL,'가-4',0,1513),(33655,NULL,'가-5',0,1513),(33656,NULL,'가-6',0,1513),(33657,NULL,'가-7',0,1513),(33658,NULL,'가-8',0,1513),(33659,NULL,'가-9',0,1513),(33660,NULL,'가-10',0,1513),(33661,NULL,'가-11',0,1513),(33662,NULL,'가-12',0,1513),(33663,NULL,'가-13',0,1513),(33664,NULL,'가-14',0,1513),(33665,NULL,'가-15',0,1513),(33666,NULL,'가-16',0,1513),(33667,NULL,'가-17',0,1513),(33668,NULL,'가-18',0,1513),(33669,NULL,'가-19',0,1513),(33670,NULL,'가-20',0,1513),(33671,NULL,'가-21',0,1513),(33672,NULL,'가-22',0,1513),(33673,NULL,'가-23',0,1513),(33674,NULL,'가-24',0,1513),(33675,NULL,'가-25',0,1513),(33676,NULL,'가-26',0,1513),(33677,NULL,'가-27',0,1513),(33678,NULL,'가-28',0,1513),(33679,NULL,'가-29',0,1513),(33680,NULL,'가-30',0,1513),(33681,NULL,'나-1',0,1514),(33682,NULL,'나-2',0,1514),(33683,NULL,'나-3',0,1514),(33684,NULL,'나-4',0,1514),(33685,NULL,'나-5',0,1514),(33686,NULL,'나-6',0,1514),(33687,NULL,'나-7',0,1514),(33688,NULL,'나-8',0,1514),(33689,NULL,'나-9',0,1514),(33690,NULL,'나-10',0,1514),(33691,NULL,'나-11',0,1514),(33692,NULL,'나-12',0,1514),(33693,'2022-04-07 09:01:18.518000','나-13',1,1514),(33694,NULL,'나-14',0,1514),(33695,NULL,'나-15',0,1514),(33696,NULL,'나-16',0,1514),(33697,NULL,'나-17',0,1514),(33698,NULL,'나-18',0,1514),(33699,NULL,'나-19',0,1514),(33700,NULL,'나-20',0,1514),(33701,NULL,'나-21',0,1514),(33702,NULL,'나-22',0,1514),(33703,NULL,'나-23',0,1514),(33704,NULL,'나-24',0,1514),(33705,NULL,'나-25',0,1514),(33706,NULL,'나-26',0,1514),(33707,NULL,'나-27',0,1514),(33708,NULL,'나-28',0,1514),(33709,NULL,'나-29',0,1514),(33710,NULL,'나-30',0,1514),(33711,NULL,'다-1',0,1515),(33712,NULL,'다-2',0,1515),(33713,NULL,'다-3',0,1515),(33714,NULL,'다-4',0,1515),(33715,NULL,'다-5',0,1515),(33716,NULL,'다-6',0,1515),(33717,NULL,'다-7',0,1515),(33718,NULL,'다-8',0,1515),(33719,NULL,'다-9',0,1515),(33720,NULL,'다-10',0,1515),(33721,NULL,'다-11',0,1515),(33722,NULL,'다-12',0,1515),(33723,NULL,'다-13',0,1515),(33724,NULL,'다-14',0,1515),(33725,NULL,'다-15',0,1515),(33726,NULL,'다-16',0,1515),(33727,NULL,'다-17',0,1515),(33728,NULL,'다-18',0,1515),(33729,NULL,'다-19',0,1515),(33730,NULL,'다-20',0,1515),(33731,NULL,'다-21',0,1515),(33732,NULL,'다-22',0,1515),(33733,NULL,'다-23',0,1515),(33734,NULL,'다-24',0,1515),(33735,NULL,'다-25',0,1515),(33736,NULL,'다-26',0,1515),(33737,NULL,'다-27',0,1515),(33738,NULL,'다-28',0,1515),(33739,NULL,'다-29',0,1515),(33740,NULL,'다-30',0,1515),(33741,NULL,'라-1',0,1516),(33742,NULL,'라-2',0,1516),(33743,NULL,'라-3',0,1516),(33744,NULL,'라-4',0,1516),(33745,NULL,'라-5',0,1516),(33746,NULL,'라-6',0,1516),(33747,NULL,'라-7',0,1516),(33748,NULL,'라-8',0,1516),(33749,NULL,'라-9',0,1516),(33750,NULL,'라-10',0,1516),(33751,NULL,'라-11',0,1516),(33752,NULL,'라-12',0,1516),(33753,NULL,'라-13',0,1516),(33754,NULL,'라-14',0,1516),(33755,NULL,'라-15',0,1516),(33756,NULL,'라-16',0,1516),(33757,NULL,'라-17',0,1516),(33758,NULL,'라-18',0,1516),(33759,NULL,'라-19',0,1516),(33760,NULL,'라-20',0,1516),(33761,NULL,'라-21',0,1516),(33762,NULL,'라-22',0,1516),(33763,NULL,'라-23',0,1516),(33764,NULL,'라-24',0,1516),(33765,NULL,'라-25',0,1516),(33766,NULL,'라-26',0,1516),(33767,NULL,'라-27',0,1516),(33768,NULL,'라-28',0,1516),(33769,NULL,'라-29',0,1516),(33770,NULL,'라-30',0,1516),(33771,NULL,'B1-1',0,1517),(33772,NULL,'B1-2',0,1517),(33773,NULL,'B1-3',0,1517),(33774,NULL,'B1-4',0,1517),(33775,NULL,'B1-5',0,1517),(33776,NULL,'B1-6',0,1517),(33777,NULL,'B1-7',0,1517),(33778,NULL,'B1-8',0,1517),(33779,NULL,'B1-9',0,1517),(33780,NULL,'B1-10',0,1517),(33781,NULL,'B1-11',0,1517),(33782,NULL,'B1-12',0,1517),(33783,NULL,'B1-13',0,1517),(33784,NULL,'B1-14',0,1517),(33785,NULL,'B1-15',0,1517),(33786,NULL,'B1-16',0,1517),(33787,NULL,'B1-17',0,1517),(33788,NULL,'B1-18',0,1517),(33789,NULL,'B1-19',0,1517),(33790,NULL,'B1-20',0,1517),(33791,NULL,'B1-21',0,1517),(33792,NULL,'B1-22',0,1517),(33793,NULL,'B1-23',0,1517),(33794,NULL,'B1-24',0,1517),(33795,NULL,'B1-25',0,1517),(33796,NULL,'B1-26',0,1517),(33797,NULL,'B1-27',0,1517),(33798,NULL,'B1-28',0,1517),(33799,NULL,'B1-29',0,1517),(33800,NULL,'B1-30',0,1517),(33801,NULL,'B2-1',0,1518),(33802,NULL,'B2-2',0,1518),(33803,NULL,'B2-3',0,1518),(33804,NULL,'B2-4',0,1518),(33805,NULL,'B2-5',0,1518),(33806,NULL,'B2-6',0,1518),(33807,NULL,'B2-7',0,1518),(33808,NULL,'B2-8',0,1518),(33809,NULL,'B2-9',0,1518),(33810,NULL,'B2-10',0,1518),(33811,NULL,'B2-11',0,1518),(33812,NULL,'B2-12',0,1518),(33813,NULL,'B2-13',0,1518),(33814,NULL,'B2-14',0,1518),(33815,NULL,'B2-15',0,1518),(33816,NULL,'B2-16',0,1518),(33817,NULL,'B2-17',0,1518),(33818,NULL,'B2-18',0,1518),(33819,NULL,'B2-19',0,1518),(33820,NULL,'B2-20',0,1518),(33821,NULL,'B2-21',0,1518),(33822,NULL,'B2-22',0,1518),(33823,NULL,'B2-23',0,1518),(33824,NULL,'B2-24',0,1518),(33825,NULL,'B2-25',0,1518),(33826,NULL,'B2-26',0,1518),(33827,NULL,'B2-27',0,1518),(33828,NULL,'B2-28',0,1518),(33829,NULL,'B2-29',0,1518),(33830,NULL,'B2-30',0,1518),(33831,NULL,'D1-1',0,1519),(33832,NULL,'D1-2',0,1519),(33833,NULL,'D1-3',0,1519),(33834,NULL,'D1-4',0,1519),(33835,NULL,'D1-5',0,1519),(33836,NULL,'D1-6',0,1519),(33837,NULL,'D1-7',0,1519),(33838,NULL,'D1-8',0,1519),(33839,NULL,'D1-9',0,1519),(33840,NULL,'D1-10',0,1519),(33841,NULL,'D1-11',0,1519),(33842,NULL,'D1-12',0,1519),(33843,NULL,'D1-13',0,1519),(33844,NULL,'D1-14',0,1519),(33845,NULL,'D1-15',0,1519),(33846,NULL,'D1-16',0,1519),(33847,NULL,'D1-17',0,1519),(33848,NULL,'D1-18',0,1519),(33849,NULL,'D1-19',0,1519),(33850,NULL,'D1-20',0,1519),(33851,NULL,'D1-21',0,1519),(33852,NULL,'D1-22',0,1519),(33853,NULL,'D1-23',0,1519),(33854,NULL,'D1-24',0,1519),(33855,NULL,'D1-25',0,1519),(33856,NULL,'D1-26',0,1519),(33857,NULL,'D1-27',0,1519),(33858,NULL,'D1-28',0,1519),(33859,NULL,'D1-29',0,1519),(33860,NULL,'D1-30',0,1519),(33861,NULL,'D2-1',0,1520),(33862,NULL,'D2-2',0,1520),(33863,NULL,'D2-3',0,1520),(33864,NULL,'D2-4',0,1520),(33865,NULL,'D2-5',0,1520),(33866,NULL,'D2-6',0,1520),(33867,NULL,'D2-7',0,1520),(33868,NULL,'D2-8',0,1520),(33869,NULL,'D2-9',0,1520),(33870,NULL,'D2-10',0,1520),(33871,NULL,'D2-11',0,1520),(33872,NULL,'D2-12',0,1520),(33873,NULL,'D2-13',0,1520),(33874,NULL,'D2-14',0,1520),(33875,NULL,'D2-15',0,1520),(33876,NULL,'D2-16',0,1520),(33877,NULL,'D2-17',0,1520),(33878,NULL,'D2-18',0,1520),(33879,NULL,'D2-19',0,1520),(33880,NULL,'D2-20',0,1520),(33881,NULL,'D2-21',0,1520),(33882,NULL,'D2-22',0,1520),(33883,NULL,'D2-23',0,1520),(33884,NULL,'D2-24',0,1520),(33885,NULL,'D2-25',0,1520),(33886,NULL,'D2-26',0,1520),(33887,NULL,'D2-27',0,1520),(33888,NULL,'D2-28',0,1520),(33889,NULL,'D2-29',0,1520),(33890,NULL,'D2-30',0,1520),(33891,NULL,'가-1',0,1521),(33892,NULL,'가-2',0,1521),(33893,NULL,'가-3',0,1521),(33894,NULL,'가-4',0,1521),(33895,NULL,'가-5',0,1521),(33896,NULL,'가-6',0,1521),(33897,NULL,'가-7',0,1521),(33898,NULL,'가-8',0,1521),(33899,NULL,'가-9',0,1521),(33900,NULL,'가-10',0,1521),(33901,NULL,'가-11',0,1521),(33902,NULL,'가-12',0,1521),(33903,NULL,'가-13',0,1521),(33904,NULL,'가-14',0,1521),(33905,NULL,'가-15',0,1521),(33906,NULL,'가-16',0,1521),(33907,NULL,'가-17',0,1521),(33908,NULL,'가-18',0,1521),(33909,NULL,'가-19',0,1521),(33910,NULL,'가-20',0,1521),(33911,NULL,'가-21',0,1521),(33912,NULL,'가-22',0,1521),(33913,NULL,'가-23',0,1521),(33914,NULL,'가-24',0,1521),(33915,NULL,'가-25',0,1521),(33916,NULL,'가-26',0,1521),(33917,NULL,'가-27',0,1521),(33918,NULL,'가-28',0,1521),(33919,NULL,'가-29',0,1521),(33920,NULL,'가-30',0,1521),(33921,NULL,'나-1',0,1522),(33922,NULL,'나-2',0,1522),(33923,NULL,'나-3',0,1522),(33924,NULL,'나-4',0,1522),(33925,NULL,'나-5',0,1522),(33926,NULL,'나-6',0,1522),(33927,NULL,'나-7',0,1522),(33928,NULL,'나-8',0,1522),(33929,NULL,'나-9',0,1522),(33930,NULL,'나-10',0,1522),(33931,NULL,'나-11',0,1522),(33932,NULL,'나-12',0,1522),(33933,NULL,'나-13',0,1522),(33934,NULL,'나-14',0,1522),(33935,NULL,'나-15',0,1522),(33936,NULL,'나-16',0,1522),(33937,NULL,'나-17',0,1522),(33938,NULL,'나-18',0,1522),(33939,NULL,'나-19',0,1522),(33940,NULL,'나-20',0,1522),(33941,NULL,'나-21',0,1522),(33942,NULL,'나-22',0,1522),(33943,NULL,'나-23',0,1522),(33944,NULL,'나-24',0,1522),(33945,NULL,'나-25',0,1522),(33946,NULL,'나-26',0,1522),(33947,NULL,'나-27',0,1522),(33948,NULL,'나-28',0,1522),(33949,NULL,'나-29',0,1522),(33950,NULL,'나-30',0,1522),(33951,NULL,'다-1',0,1523),(33952,NULL,'다-2',0,1523),(33953,NULL,'다-3',0,1523),(33954,NULL,'다-4',0,1523),(33955,NULL,'다-5',0,1523),(33956,NULL,'다-6',0,1523),(33957,NULL,'다-7',0,1523),(33958,NULL,'다-8',0,1523),(33959,NULL,'다-9',0,1523),(33960,NULL,'다-10',0,1523),(33961,NULL,'다-11',0,1523),(33962,NULL,'다-12',0,1523),(33963,NULL,'다-13',0,1523),(33964,NULL,'다-14',0,1523),(33965,NULL,'다-15',0,1523),(33966,NULL,'다-16',0,1523),(33967,NULL,'다-17',0,1523),(33968,NULL,'다-18',0,1523),(33969,NULL,'다-19',0,1523),(33970,NULL,'다-20',0,1523),(33971,NULL,'다-21',0,1523),(33972,NULL,'다-22',0,1523),(33973,NULL,'다-23',0,1523),(33974,NULL,'다-24',0,1523),(33975,NULL,'다-25',0,1523),(33976,NULL,'다-26',0,1523),(33977,NULL,'다-27',0,1523),(33978,NULL,'다-28',0,1523),(33979,NULL,'다-29',0,1523),(33980,NULL,'다-30',0,1523),(33981,NULL,'라-1',0,1524),(33982,NULL,'라-2',0,1524),(33983,NULL,'라-3',0,1524),(33984,NULL,'라-4',0,1524),(33985,NULL,'라-5',0,1524),(33986,NULL,'라-6',0,1524),(33987,NULL,'라-7',0,1524),(33988,NULL,'라-8',0,1524),(33989,NULL,'라-9',0,1524),(33990,NULL,'라-10',0,1524),(33991,NULL,'라-11',0,1524),(33992,NULL,'라-12',0,1524),(33993,NULL,'라-13',0,1524),(33994,NULL,'라-14',0,1524),(33995,NULL,'라-15',0,1524),(33996,NULL,'라-16',0,1524),(33997,NULL,'라-17',0,1524),(33998,NULL,'라-18',0,1524),(33999,NULL,'라-19',0,1524),(34000,NULL,'라-20',0,1524),(34001,NULL,'라-21',0,1524),(34002,NULL,'라-22',0,1524),(34003,NULL,'라-23',0,1524),(34004,NULL,'라-24',0,1524),(34005,NULL,'라-25',0,1524),(34006,NULL,'라-26',0,1524),(34007,NULL,'라-27',0,1524),(34008,NULL,'라-28',0,1524),(34009,NULL,'라-29',0,1524),(34010,NULL,'라-30',0,1524),(34011,NULL,'B1-1',0,1525),(34012,NULL,'B1-2',0,1525),(34013,NULL,'B1-3',0,1525),(34014,NULL,'B1-4',0,1525),(34015,NULL,'B1-5',0,1525),(34016,NULL,'B1-6',0,1525),(34017,NULL,'B1-7',0,1525),(34018,NULL,'B1-8',0,1525),(34019,NULL,'B1-9',0,1525),(34020,NULL,'B1-10',0,1525),(34021,NULL,'B1-11',0,1525),(34022,NULL,'B1-12',0,1525),(34023,NULL,'B1-13',0,1525),(34024,NULL,'B1-14',0,1525),(34025,NULL,'B1-15',0,1525),(34026,NULL,'B1-16',0,1525),(34027,NULL,'B1-17',0,1525),(34028,NULL,'B1-18',0,1525),(34029,NULL,'B1-19',0,1525),(34030,NULL,'B1-20',0,1525),(34031,NULL,'B1-21',0,1525),(34032,NULL,'B1-22',0,1525),(34033,NULL,'B1-23',0,1525),(34034,NULL,'B1-24',0,1525),(34035,NULL,'B1-25',0,1525),(34036,NULL,'B1-26',0,1525),(34037,NULL,'B1-27',0,1525),(34038,NULL,'B1-28',0,1525),(34039,NULL,'B1-29',0,1525),(34040,NULL,'B1-30',0,1525),(34041,NULL,'B2-1',0,1526),(34042,NULL,'B2-2',0,1526),(34043,NULL,'B2-3',0,1526),(34044,NULL,'B2-4',0,1526),(34045,NULL,'B2-5',0,1526),(34046,NULL,'B2-6',0,1526),(34047,NULL,'B2-7',0,1526),(34048,NULL,'B2-8',0,1526),(34049,NULL,'B2-9',0,1526),(34050,NULL,'B2-10',0,1526),(34051,NULL,'B2-11',0,1526),(34052,NULL,'B2-12',0,1526),(34053,NULL,'B2-13',0,1526),(34054,NULL,'B2-14',0,1526),(34055,NULL,'B2-15',0,1526),(34056,NULL,'B2-16',0,1526),(34057,NULL,'B2-17',0,1526),(34058,NULL,'B2-18',0,1526),(34059,NULL,'B2-19',0,1526),(34060,NULL,'B2-20',0,1526),(34061,NULL,'B2-21',0,1526),(34062,NULL,'B2-22',0,1526),(34063,NULL,'B2-23',0,1526),(34064,NULL,'B2-24',0,1526),(34065,NULL,'B2-25',0,1526),(34066,NULL,'B2-26',0,1526),(34067,NULL,'B2-27',0,1526),(34068,NULL,'B2-28',0,1526),(34069,NULL,'B2-29',0,1526),(34070,NULL,'B2-30',0,1526),(34071,NULL,'D1-1',0,1527),(34072,NULL,'D1-2',0,1527),(34073,NULL,'D1-3',0,1527),(34074,NULL,'D1-4',0,1527),(34075,NULL,'D1-5',0,1527),(34076,NULL,'D1-6',0,1527),(34077,NULL,'D1-7',0,1527),(34078,NULL,'D1-8',0,1527),(34079,NULL,'D1-9',0,1527),(34080,NULL,'D1-10',0,1527),(34081,NULL,'D1-11',0,1527),(34082,NULL,'D1-12',0,1527),(34083,NULL,'D1-13',0,1527),(34084,NULL,'D1-14',0,1527),(34085,NULL,'D1-15',0,1527),(34086,NULL,'D1-16',0,1527),(34087,NULL,'D1-17',0,1527),(34088,NULL,'D1-18',0,1527),(34089,NULL,'D1-19',0,1527),(34090,NULL,'D1-20',0,1527),(34091,NULL,'D1-21',0,1527),(34092,NULL,'D1-22',0,1527),(34093,NULL,'D1-23',0,1527),(34094,NULL,'D1-24',0,1527),(34095,NULL,'D1-25',0,1527),(34096,NULL,'D1-26',0,1527),(34097,NULL,'D1-27',0,1527),(34098,NULL,'D1-28',0,1527),(34099,NULL,'D1-29',0,1527),(34100,NULL,'D1-30',0,1527),(34101,NULL,'D2-1',0,1528),(34102,NULL,'D2-2',0,1528),(34103,NULL,'D2-3',0,1528),(34104,NULL,'D2-4',0,1528),(34105,NULL,'D2-5',0,1528),(34106,NULL,'D2-6',0,1528),(34107,NULL,'D2-7',0,1528),(34108,NULL,'D2-8',0,1528),(34109,NULL,'D2-9',0,1528),(34110,NULL,'D2-10',0,1528),(34111,NULL,'D2-11',0,1528),(34112,NULL,'D2-12',0,1528),(34113,NULL,'D2-13',0,1528),(34114,NULL,'D2-14',0,1528),(34115,NULL,'D2-15',0,1528),(34116,NULL,'D2-16',0,1528),(34117,NULL,'D2-17',0,1528),(34118,NULL,'D2-18',0,1528),(34119,NULL,'D2-19',0,1528),(34120,NULL,'D2-20',0,1528),(34121,NULL,'D2-21',0,1528),(34122,NULL,'D2-22',0,1528),(34123,NULL,'D2-23',0,1528),(34124,NULL,'D2-24',0,1528),(34125,NULL,'D2-25',0,1528),(34126,NULL,'D2-26',0,1528),(34127,NULL,'D2-27',0,1528),(34128,NULL,'D2-28',0,1528),(34129,NULL,'D2-29',0,1528),(34130,NULL,'D2-30',0,1528),(34131,NULL,'A-1',0,1529),(34132,NULL,'A-2',0,1529),(34133,NULL,'A-3',0,1529),(34134,NULL,'A-4',0,1529),(34135,NULL,'A-5',0,1529),(34136,NULL,'A-6',0,1529),(34137,NULL,'A-7',0,1529),(34138,NULL,'A-8',0,1529),(34139,NULL,'A-9',0,1529),(34140,NULL,'A-10',0,1529),(34141,NULL,'A-11',0,1529),(34142,NULL,'A-12',0,1529),(34143,NULL,'A-13',0,1529),(34144,NULL,'A-14',0,1529),(34145,NULL,'A-15',0,1529),(34146,NULL,'A-16',0,1529),(34147,NULL,'A-17',0,1529),(34148,NULL,'A-18',0,1529),(34149,NULL,'A-19',0,1529),(34150,NULL,'A-20',0,1529),(34151,NULL,'A-21',0,1529),(34152,NULL,'A-22',0,1529),(34153,NULL,'A-23',0,1529),(34154,NULL,'A-24',0,1529),(34155,NULL,'A-25',0,1529),(34156,NULL,'A-26',0,1529),(34157,NULL,'A-27',0,1529),(34158,NULL,'A-28',0,1529),(34159,NULL,'A-29',0,1529),(34160,NULL,'A-30',0,1529),(34161,NULL,'B-1',0,1530),(34162,NULL,'B-2',0,1530),(34163,NULL,'B-3',0,1530),(34164,NULL,'B-4',0,1530),(34165,NULL,'B-5',0,1530),(34166,NULL,'B-6',0,1530),(34167,NULL,'B-7',0,1530),(34168,NULL,'B-8',0,1530),(34169,NULL,'B-9',0,1530),(34170,NULL,'B-10',0,1530),(34171,NULL,'B-11',0,1530),(34172,NULL,'B-12',0,1530),(34173,NULL,'B-13',0,1530),(34174,NULL,'B-14',0,1530),(34175,NULL,'B-15',0,1530),(34176,NULL,'B-16',0,1530),(34177,NULL,'B-17',0,1530),(34178,NULL,'B-18',0,1530),(34179,NULL,'B-19',0,1530),(34180,NULL,'B-20',0,1530),(34181,'2022-04-07 09:01:54.515000','B-21',1,1530),(34182,NULL,'B-22',0,1530),(34183,NULL,'B-23',0,1530),(34184,NULL,'B-24',0,1530),(34185,NULL,'B-25',0,1530),(34186,NULL,'B-26',0,1530),(34187,NULL,'B-27',0,1530),(34188,NULL,'B-28',0,1530),(34189,'2022-04-07 11:52:02.321000','B-29',1,1530),(34190,NULL,'B-30',0,1530),(34191,NULL,'가-1',0,1531),(34192,NULL,'가-2',0,1531),(34193,NULL,'가-3',0,1531),(34194,NULL,'가-4',0,1531),(34195,NULL,'가-5',0,1531),(34196,NULL,'가-6',0,1531),(34197,NULL,'가-7',0,1531),(34198,NULL,'가-8',0,1531),(34199,NULL,'가-9',0,1531),(34200,NULL,'가-10',0,1531),(34201,NULL,'가-11',0,1531),(34202,NULL,'가-12',0,1531),(34203,NULL,'가-13',0,1531),(34204,NULL,'가-14',0,1531),(34205,NULL,'가-15',0,1531),(34206,NULL,'가-16',0,1531),(34207,NULL,'가-17',0,1531),(34208,NULL,'가-18',0,1531),(34209,NULL,'가-19',0,1531),(34210,'2022-04-07 13:03:22.628000','가-20',1,1531),(34211,NULL,'가-21',0,1531),(34212,NULL,'가-22',0,1531),(34213,NULL,'가-23',0,1531),(34214,NULL,'가-24',0,1531),(34215,NULL,'가-25',0,1531),(34216,NULL,'가-26',0,1531),(34217,NULL,'가-27',0,1531),(34218,NULL,'가-28',0,1531),(34219,NULL,'가-29',0,1531),(34220,NULL,'가-30',0,1531),(34221,NULL,'나-1',0,1532),(34222,NULL,'나-2',0,1532),(34223,NULL,'나-3',0,1532),(34224,NULL,'나-4',0,1532),(34225,NULL,'나-5',0,1532),(34226,NULL,'나-6',0,1532),(34227,NULL,'나-7',0,1532),(34228,NULL,'나-8',0,1532),(34229,NULL,'나-9',0,1532),(34230,NULL,'나-10',0,1532),(34231,NULL,'나-11',0,1532),(34232,NULL,'나-12',0,1532),(34233,NULL,'나-13',0,1532),(34234,NULL,'나-14',0,1532),(34235,NULL,'나-15',0,1532),(34236,NULL,'나-16',0,1532),(34237,NULL,'나-17',0,1532),(34238,NULL,'나-18',0,1532),(34239,NULL,'나-19',0,1532),(34240,NULL,'나-20',0,1532),(34241,NULL,'나-21',0,1532),(34242,NULL,'나-22',0,1532),(34243,NULL,'나-23',0,1532),(34244,NULL,'나-24',0,1532),(34245,NULL,'나-25',0,1532),(34246,NULL,'나-26',0,1532),(34247,NULL,'나-27',0,1532),(34248,NULL,'나-28',0,1532),(34249,NULL,'나-29',0,1532),(34250,NULL,'나-30',0,1532),(34251,NULL,'1-1',0,1533),(34252,NULL,'1-2',0,1533),(34253,NULL,'1-3',0,1533),(34254,NULL,'1-4',0,1533),(34255,NULL,'1-5',0,1533),(34256,NULL,'1-6',0,1533),(34257,NULL,'1-7',0,1533),(34258,NULL,'1-8',0,1533),(34259,NULL,'1-9',0,1533),(34260,NULL,'1-10',0,1533),(34261,NULL,'1-11',0,1533),(34262,NULL,'1-12',0,1533),(34263,NULL,'1-13',0,1533),(34264,NULL,'1-14',0,1533),(34265,NULL,'1-15',0,1533),(34266,NULL,'1-16',0,1533),(34267,NULL,'1-17',0,1533),(34268,NULL,'1-18',0,1533),(34269,NULL,'1-19',0,1533),(34270,NULL,'1-20',0,1533),(34271,NULL,'2-1',0,1534),(34272,NULL,'2-2',0,1534),(34273,NULL,'2-3',0,1534),(34274,NULL,'2-4',0,1534),(34275,NULL,'2-5',0,1534),(34276,NULL,'2-6',0,1534),(34277,NULL,'2-7',0,1534),(34278,NULL,'2-8',0,1534),(34279,NULL,'2-9',0,1534),(34280,NULL,'2-10',0,1534),(34281,NULL,'2-11',0,1534),(34282,NULL,'2-12',0,1534),(34283,NULL,'2-13',0,1534),(34284,NULL,'2-14',0,1534),(34285,NULL,'2-15',0,1534),(34286,NULL,'2-16',0,1534),(34287,NULL,'2-17',0,1534),(34288,NULL,'2-18',0,1534),(34289,NULL,'2-19',0,1534),(34290,NULL,'2-20',0,1534),(34291,NULL,'3-1',0,1535),(34292,NULL,'3-2',0,1535),(34293,NULL,'3-3',0,1535),(34294,NULL,'3-4',0,1535),(34295,NULL,'3-5',0,1535),(34296,NULL,'3-6',0,1535),(34297,NULL,'3-7',0,1535),(34298,NULL,'3-8',0,1535),(34299,NULL,'3-9',0,1535),(34300,NULL,'3-10',0,1535),(34301,NULL,'3-11',0,1535),(34302,NULL,'3-12',0,1535),(34303,NULL,'3-13',0,1535),(34304,NULL,'3-14',0,1535),(34305,NULL,'3-15',0,1535),(34306,NULL,'3-16',0,1535),(34307,NULL,'3-17',0,1535),(34308,NULL,'3-18',0,1535),(34309,NULL,'3-19',0,1535),(34310,NULL,'3-20',0,1535),(34311,NULL,'4-1',0,1536),(34312,NULL,'4-2',0,1536),(34313,NULL,'4-3',0,1536),(34314,NULL,'4-4',0,1536),(34315,NULL,'4-5',0,1536),(34316,NULL,'4-6',0,1536),(34317,NULL,'4-7',0,1536),(34318,NULL,'4-8',0,1536),(34319,NULL,'4-9',0,1536),(34320,NULL,'4-10',0,1536),(34321,NULL,'4-11',0,1536),(34322,NULL,'4-12',0,1536),(34323,NULL,'4-13',0,1536),(34324,NULL,'4-14',0,1536),(34325,NULL,'4-15',0,1536),(34326,NULL,'4-16',0,1536),(34327,NULL,'4-17',0,1536),(34328,NULL,'4-18',0,1536),(34329,NULL,'4-19',0,1536),(34330,NULL,'4-20',0,1536),(34331,NULL,'5-1',0,1537),(34332,NULL,'5-2',0,1537),(34333,NULL,'5-3',0,1537),(34334,NULL,'5-4',0,1537),(34335,NULL,'5-5',0,1537),(34336,NULL,'5-6',0,1537),(34337,NULL,'5-7',0,1537),(34338,NULL,'5-8',0,1537),(34339,NULL,'5-9',0,1537),(34340,NULL,'5-10',0,1537),(34341,NULL,'5-11',0,1537),(34342,NULL,'5-12',0,1537),(34343,NULL,'5-13',0,1537),(34344,NULL,'5-14',0,1537),(34345,NULL,'5-15',0,1537),(34346,NULL,'5-16',0,1537),(34347,NULL,'5-17',0,1537),(34348,NULL,'5-18',0,1537),(34349,NULL,'5-19',0,1537),(34350,NULL,'5-20',0,1537),(34351,NULL,'6-1',0,1538),(34352,NULL,'6-2',0,1538),(34353,NULL,'6-3',0,1538),(34354,NULL,'6-4',0,1538),(34355,NULL,'6-5',0,1538),(34356,NULL,'6-6',0,1538),(34357,NULL,'6-7',0,1538),(34358,NULL,'6-8',0,1538),(34359,NULL,'6-9',0,1538),(34360,NULL,'6-10',0,1538),(34361,NULL,'6-11',0,1538),(34362,NULL,'6-12',0,1538),(34363,NULL,'6-13',0,1538),(34364,NULL,'6-14',0,1538),(34365,NULL,'6-15',0,1538),(34366,NULL,'6-16',0,1538),(34367,NULL,'6-17',0,1538),(34368,NULL,'6-18',0,1538),(34369,NULL,'6-19',0,1538),(34370,NULL,'6-20',0,1538),(34371,NULL,'A-1',0,1539),(34372,NULL,'A-2',0,1539),(34373,NULL,'A-3',0,1539),(34374,NULL,'A-4',0,1539),(34375,NULL,'A-5',0,1539),(34376,NULL,'A-6',0,1539),(34377,NULL,'A-7',0,1539),(34378,NULL,'A-8',0,1539),(34379,NULL,'A-9',0,1539),(34380,NULL,'A-10',0,1539),(34381,NULL,'A-11',0,1539),(34382,NULL,'A-12',0,1539),(34383,NULL,'A-13',0,1539),(34384,NULL,'A-14',0,1539),(34385,NULL,'A-15',0,1539),(34386,NULL,'A-16',0,1539),(34387,NULL,'A-17',0,1539),(34388,NULL,'A-18',0,1539),(34389,NULL,'A-19',0,1539),(34390,NULL,'A-20',0,1539),(34391,NULL,'B-1',0,1540),(34392,NULL,'B-2',0,1540),(34393,NULL,'B-3',0,1540),(34394,NULL,'B-4',0,1540),(34395,NULL,'B-5',0,1540),(34396,NULL,'B-6',0,1540),(34397,NULL,'B-7',0,1540),(34398,NULL,'B-8',0,1540),(34399,NULL,'B-9',0,1540),(34400,NULL,'B-10',0,1540),(34401,NULL,'B-11',0,1540),(34402,NULL,'B-12',0,1540),(34403,NULL,'B-13',0,1540),(34404,NULL,'B-14',0,1540),(34405,NULL,'B-15',0,1540),(34406,NULL,'B-16',0,1540),(34407,NULL,'B-17',0,1540),(34408,NULL,'B-18',0,1540),(34409,NULL,'B-19',0,1540),(34410,NULL,'B-20',0,1540),(34411,NULL,'C-1',0,1541),(34412,NULL,'C-2',0,1541),(34413,NULL,'C-3',0,1541),(34414,NULL,'C-4',0,1541),(34415,NULL,'C-5',0,1541),(34416,NULL,'C-6',0,1541),(34417,NULL,'C-7',0,1541),(34418,NULL,'C-8',0,1541),(34419,NULL,'C-9',0,1541),(34420,NULL,'C-10',0,1541),(34421,NULL,'C-11',0,1541),(34422,NULL,'C-12',0,1541),(34423,NULL,'C-13',0,1541),(34424,NULL,'C-14',0,1541),(34425,NULL,'C-15',0,1541),(34426,NULL,'C-16',0,1541),(34427,NULL,'C-17',0,1541),(34428,NULL,'C-18',0,1541),(34429,NULL,'C-19',0,1541),(34430,NULL,'C-20',0,1541),(34431,NULL,'D-1',0,1542),(34432,NULL,'D-2',0,1542),(34433,NULL,'D-3',0,1542),(34434,NULL,'D-4',0,1542),(34435,NULL,'D-5',0,1542),(34436,NULL,'D-6',0,1542),(34437,NULL,'D-7',0,1542),(34438,NULL,'D-8',0,1542),(34439,NULL,'D-9',0,1542),(34440,NULL,'D-10',0,1542),(34441,NULL,'D-11',0,1542),(34442,NULL,'D-12',0,1542),(34443,NULL,'D-13',0,1542),(34444,NULL,'D-14',0,1542),(34445,NULL,'D-15',0,1542),(34446,NULL,'D-16',0,1542),(34447,NULL,'D-17',0,1542),(34448,NULL,'D-18',0,1542),(34449,NULL,'D-19',0,1542),(34450,NULL,'D-20',0,1542),(34451,NULL,'1-1',0,1543),(34452,NULL,'1-2',0,1543),(34453,NULL,'1-3',0,1543),(34454,NULL,'1-4',0,1543),(34455,NULL,'1-5',0,1543),(34456,NULL,'1-6',0,1543),(34457,NULL,'1-7',0,1543),(34458,NULL,'1-8',0,1543),(34459,NULL,'1-9',0,1543),(34460,NULL,'1-10',0,1543),(34461,NULL,'1-11',0,1543),(34462,NULL,'1-12',0,1543),(34463,NULL,'1-13',0,1543),(34464,NULL,'1-14',0,1543),(34465,NULL,'1-15',0,1543),(34466,NULL,'1-16',0,1543),(34467,NULL,'1-17',0,1543),(34468,NULL,'1-18',0,1543),(34469,NULL,'1-19',0,1543),(34470,NULL,'1-20',0,1543),(34471,NULL,'2-1',0,1544),(34472,NULL,'2-2',0,1544),(34473,NULL,'2-3',0,1544),(34474,NULL,'2-4',0,1544),(34475,NULL,'2-5',0,1544),(34476,NULL,'2-6',0,1544),(34477,NULL,'2-7',0,1544),(34478,NULL,'2-8',0,1544),(34479,NULL,'2-9',0,1544),(34480,NULL,'2-10',0,1544),(34481,NULL,'2-11',0,1544),(34482,NULL,'2-12',0,1544),(34483,NULL,'2-13',0,1544),(34484,NULL,'2-14',0,1544),(34485,NULL,'2-15',0,1544),(34486,NULL,'2-16',0,1544),(34487,NULL,'2-17',0,1544),(34488,NULL,'2-18',0,1544),(34489,NULL,'2-19',0,1544),(34490,NULL,'2-20',0,1544),(34491,NULL,'3-1',0,1545),(34492,NULL,'3-2',0,1545),(34493,NULL,'3-3',0,1545),(34494,NULL,'3-4',0,1545),(34495,NULL,'3-5',0,1545),(34496,NULL,'3-6',0,1545),(34497,NULL,'3-7',0,1545),(34498,NULL,'3-8',0,1545),(34499,NULL,'3-9',0,1545),(34500,NULL,'3-10',0,1545),(34501,NULL,'3-11',0,1545),(34502,NULL,'3-12',0,1545),(34503,NULL,'3-13',0,1545),(34504,NULL,'3-14',0,1545),(34505,NULL,'3-15',0,1545),(34506,NULL,'3-16',0,1545),(34507,NULL,'3-17',0,1545),(34508,NULL,'3-18',0,1545),(34509,NULL,'3-19',0,1545),(34510,NULL,'3-20',0,1545),(34511,NULL,'4-1',0,1546),(34512,NULL,'4-2',0,1546),(34513,NULL,'4-3',0,1546),(34514,NULL,'4-4',0,1546),(34515,NULL,'4-5',0,1546),(34516,NULL,'4-6',0,1546),(34517,NULL,'4-7',0,1546),(34518,NULL,'4-8',0,1546),(34519,NULL,'4-9',0,1546),(34520,NULL,'4-10',0,1546),(34521,NULL,'4-11',0,1546),(34522,NULL,'4-12',0,1546),(34523,NULL,'4-13',0,1546),(34524,NULL,'4-14',0,1546),(34525,NULL,'4-15',0,1546),(34526,NULL,'4-16',0,1546),(34527,NULL,'4-17',0,1546),(34528,NULL,'4-18',0,1546),(34529,NULL,'4-19',0,1546),(34530,NULL,'4-20',0,1546),(34531,NULL,'5-1',0,1547),(34532,NULL,'5-2',0,1547),(34533,NULL,'5-3',0,1547),(34534,NULL,'5-4',0,1547),(34535,NULL,'5-5',0,1547),(34536,NULL,'5-6',0,1547),(34537,NULL,'5-7',0,1547),(34538,NULL,'5-8',0,1547),(34539,NULL,'5-9',0,1547),(34540,NULL,'5-10',0,1547),(34541,NULL,'5-11',0,1547),(34542,NULL,'5-12',0,1547),(34543,NULL,'5-13',0,1547),(34544,NULL,'5-14',0,1547),(34545,NULL,'5-15',0,1547),(34546,NULL,'5-16',0,1547),(34547,NULL,'5-17',0,1547),(34548,NULL,'5-18',0,1547),(34549,NULL,'5-19',0,1547),(34550,NULL,'5-20',0,1547),(34551,NULL,'6-1',0,1548),(34552,NULL,'6-2',0,1548),(34553,NULL,'6-3',0,1548),(34554,NULL,'6-4',0,1548),(34555,NULL,'6-5',0,1548),(34556,NULL,'6-6',0,1548),(34557,NULL,'6-7',0,1548),(34558,NULL,'6-8',0,1548),(34559,NULL,'6-9',0,1548),(34560,NULL,'6-10',0,1548),(34561,NULL,'6-11',0,1548),(34562,NULL,'6-12',0,1548),(34563,NULL,'6-13',0,1548),(34564,NULL,'6-14',0,1548),(34565,NULL,'6-15',0,1548),(34566,NULL,'6-16',0,1548),(34567,NULL,'6-17',0,1548),(34568,NULL,'6-18',0,1548),(34569,NULL,'6-19',0,1548),(34570,NULL,'6-20',0,1548),(34571,NULL,'A-1',0,1549),(34572,NULL,'A-2',0,1549),(34573,NULL,'A-3',0,1549),(34574,NULL,'A-4',0,1549),(34575,NULL,'A-5',0,1549),(34576,NULL,'A-6',0,1549),(34577,NULL,'A-7',0,1549),(34578,NULL,'A-8',0,1549),(34579,NULL,'A-9',0,1549),(34580,NULL,'A-10',0,1549),(34581,NULL,'A-11',0,1549),(34582,NULL,'A-12',0,1549),(34583,NULL,'A-13',0,1549),(34584,NULL,'A-14',0,1549),(34585,NULL,'A-15',0,1549),(34586,NULL,'A-16',0,1549),(34587,NULL,'A-17',0,1549),(34588,NULL,'A-18',0,1549),(34589,NULL,'A-19',0,1549),(34590,NULL,'A-20',0,1549),(34591,NULL,'B-1',0,1550),(34592,NULL,'B-2',0,1550),(34593,NULL,'B-3',0,1550),(34594,NULL,'B-4',0,1550),(34595,NULL,'B-5',0,1550),(34596,NULL,'B-6',0,1550),(34597,NULL,'B-7',0,1550),(34598,NULL,'B-8',0,1550),(34599,NULL,'B-9',0,1550),(34600,NULL,'B-10',0,1550),(34601,NULL,'B-11',0,1550),(34602,NULL,'B-12',0,1550),(34603,NULL,'B-13',0,1550),(34604,NULL,'B-14',0,1550),(34605,NULL,'B-15',0,1550),(34606,NULL,'B-16',0,1550),(34607,NULL,'B-17',0,1550),(34608,NULL,'B-18',0,1550),(34609,NULL,'B-19',0,1550),(34610,NULL,'B-20',0,1550),(34611,NULL,'C-1',0,1551),(34612,NULL,'C-2',0,1551),(34613,NULL,'C-3',0,1551),(34614,NULL,'C-4',0,1551),(34615,NULL,'C-5',0,1551),(34616,NULL,'C-6',0,1551),(34617,NULL,'C-7',0,1551),(34618,NULL,'C-8',0,1551),(34619,NULL,'C-9',0,1551),(34620,NULL,'C-10',0,1551),(34621,NULL,'C-11',0,1551),(34622,NULL,'C-12',0,1551),(34623,NULL,'C-13',0,1551),(34624,NULL,'C-14',0,1551),(34625,NULL,'C-15',0,1551),(34626,NULL,'C-16',0,1551),(34627,NULL,'C-17',0,1551),(34628,NULL,'C-18',0,1551),(34629,NULL,'C-19',0,1551),(34630,NULL,'C-20',0,1551),(34631,NULL,'D-1',0,1552),(34632,NULL,'D-2',0,1552),(34633,NULL,'D-3',0,1552),(34634,NULL,'D-4',0,1552),(34635,NULL,'D-5',0,1552),(34636,NULL,'D-6',0,1552),(34637,NULL,'D-7',0,1552),(34638,NULL,'D-8',0,1552),(34639,NULL,'D-9',0,1552),(34640,NULL,'D-10',0,1552),(34641,NULL,'D-11',0,1552),(34642,NULL,'D-12',0,1552),(34643,NULL,'D-13',0,1552),(34644,NULL,'D-14',0,1552),(34645,NULL,'D-15',0,1552),(34646,NULL,'D-16',0,1552),(34647,NULL,'D-17',0,1552),(34648,NULL,'D-18',0,1552),(34649,NULL,'D-19',0,1552),(34650,NULL,'D-20',0,1552),(34651,NULL,'3-1',0,1553),(34652,NULL,'3-2',0,1553),(34653,NULL,'3-3',0,1553),(34654,NULL,'3-4',0,1553),(34655,NULL,'3-5',0,1553),(34656,NULL,'3-6',0,1553),(34657,NULL,'3-7',0,1553),(34658,NULL,'3-8',0,1553),(34659,NULL,'3-9',0,1553),(34660,NULL,'3-10',0,1553),(34661,NULL,'3-11',0,1553),(34662,NULL,'3-12',0,1553),(34663,NULL,'3-13',0,1553),(34664,NULL,'3-14',0,1553),(34665,NULL,'3-15',0,1553),(34666,NULL,'3-16',0,1553),(34667,NULL,'3-17',0,1553),(34668,NULL,'3-18',0,1553),(34669,NULL,'3-19',0,1553),(34670,NULL,'3-20',0,1553),(34671,NULL,'3-21',0,1553),(34672,NULL,'3-22',0,1553),(34673,NULL,'3-23',0,1553),(34674,NULL,'3-24',0,1553),(34675,NULL,'3-25',0,1553),(34676,NULL,'3-26',0,1553),(34677,NULL,'3-27',0,1553),(34678,NULL,'3-28',0,1553),(34679,NULL,'3-29',0,1553),(34680,NULL,'3-30',0,1553),(34681,NULL,'4-1',0,1554),(34682,NULL,'4-2',0,1554),(34683,NULL,'4-3',0,1554),(34684,NULL,'4-4',0,1554),(34685,NULL,'4-5',0,1554),(34686,NULL,'4-6',0,1554),(34687,NULL,'4-7',0,1554),(34688,NULL,'4-8',0,1554),(34689,NULL,'4-9',0,1554),(34690,NULL,'4-10',0,1554),(34691,NULL,'4-11',0,1554),(34692,NULL,'4-12',0,1554),(34693,NULL,'4-13',0,1554),(34694,NULL,'4-14',0,1554),(34695,NULL,'4-15',0,1554),(34696,NULL,'4-16',0,1554),(34697,NULL,'4-17',0,1554),(34698,NULL,'4-18',0,1554),(34699,NULL,'4-19',0,1554),(34700,NULL,'4-20',0,1554),(34701,NULL,'4-21',0,1554),(34702,NULL,'4-22',0,1554),(34703,NULL,'4-23',0,1554),(34704,NULL,'4-24',0,1554),(34705,NULL,'4-25',0,1554),(34706,NULL,'4-26',0,1554),(34707,NULL,'4-27',0,1554),(34708,NULL,'4-28',0,1554),(34709,NULL,'4-29',0,1554),(34710,NULL,'4-30',0,1554),(34711,NULL,'5-1',0,1555),(34712,NULL,'5-2',0,1555),(34713,NULL,'5-3',0,1555),(34714,NULL,'5-4',0,1555),(34715,NULL,'5-5',0,1555),(34716,NULL,'5-6',0,1555),(34717,NULL,'5-7',0,1555),(34718,NULL,'5-8',0,1555),(34719,NULL,'5-9',0,1555),(34720,NULL,'5-10',0,1555),(34721,NULL,'5-11',0,1555),(34722,NULL,'5-12',0,1555),(34723,NULL,'5-13',0,1555),(34724,NULL,'5-14',0,1555),(34725,NULL,'5-15',0,1555),(34726,NULL,'5-16',0,1555),(34727,NULL,'5-17',0,1555),(34728,NULL,'5-18',0,1555),(34729,NULL,'5-19',0,1555),(34730,NULL,'5-20',0,1555),(34731,NULL,'5-21',0,1555),(34732,NULL,'5-22',0,1555),(34733,NULL,'5-23',0,1555),(34734,NULL,'5-24',0,1555),(34735,NULL,'5-25',0,1555),(34736,NULL,'5-26',0,1555),(34737,NULL,'5-27',0,1555),(34738,NULL,'5-28',0,1555),(34739,NULL,'5-29',0,1555),(34740,NULL,'5-30',0,1555),(34741,NULL,'6-1',0,1556),(34742,NULL,'6-2',0,1556),(34743,NULL,'6-3',0,1556),(34744,NULL,'6-4',0,1556),(34745,NULL,'6-5',0,1556),(34746,NULL,'6-6',0,1556),(34747,NULL,'6-7',0,1556),(34748,NULL,'6-8',0,1556),(34749,NULL,'6-9',0,1556),(34750,NULL,'6-10',0,1556),(34751,NULL,'6-11',0,1556),(34752,NULL,'6-12',0,1556),(34753,NULL,'6-13',0,1556),(34754,NULL,'6-14',0,1556),(34755,NULL,'6-15',0,1556),(34756,NULL,'6-16',0,1556),(34757,NULL,'6-17',0,1556),(34758,NULL,'6-18',0,1556),(34759,NULL,'6-19',0,1556),(34760,NULL,'6-20',0,1556),(34761,NULL,'6-21',0,1556),(34762,NULL,'6-22',0,1556),(34763,NULL,'6-23',0,1556),(34764,NULL,'6-24',0,1556),(34765,NULL,'6-25',0,1556),(34766,NULL,'6-26',0,1556),(34767,NULL,'6-27',0,1556),(34768,NULL,'6-28',0,1556),(34769,NULL,'6-29',0,1556),(34770,NULL,'6-30',0,1556),(34771,NULL,'8-1',0,1557),(34772,NULL,'8-2',0,1557),(34773,NULL,'8-3',0,1557),(34774,NULL,'8-4',0,1557),(34775,NULL,'8-5',0,1557),(34776,NULL,'8-6',0,1557),(34777,NULL,'8-7',0,1557),(34778,NULL,'8-8',0,1557),(34779,NULL,'8-9',0,1557),(34780,NULL,'8-10',0,1557),(34781,NULL,'8-11',0,1557),(34782,NULL,'8-12',0,1557),(34783,NULL,'8-13',0,1557),(34784,NULL,'8-14',0,1557),(34785,NULL,'8-15',0,1557),(34786,NULL,'8-16',0,1557),(34787,NULL,'8-17',0,1557),(34788,NULL,'8-18',0,1557),(34789,NULL,'8-19',0,1557),(34790,NULL,'8-20',0,1557),(34791,NULL,'8-21',0,1557),(34792,NULL,'8-22',0,1557),(34793,NULL,'8-23',0,1557),(34794,NULL,'8-24',0,1557),(34795,NULL,'8-25',0,1557),(34796,NULL,'8-26',0,1557),(34797,NULL,'8-27',0,1557),(34798,NULL,'8-28',0,1557),(34799,NULL,'8-29',0,1557),(34800,NULL,'8-30',0,1557),(34801,NULL,'10-1',0,1558),(34802,NULL,'10-2',0,1558),(34803,NULL,'10-3',0,1558),(34804,NULL,'10-4',0,1558),(34805,NULL,'10-5',0,1558),(34806,NULL,'10-6',0,1558),(34807,NULL,'10-7',0,1558),(34808,NULL,'10-8',0,1558),(34809,NULL,'10-9',0,1558),(34810,NULL,'10-10',0,1558),(34811,NULL,'10-11',0,1558),(34812,NULL,'10-12',0,1558),(34813,NULL,'10-13',0,1558),(34814,NULL,'10-14',0,1558),(34815,NULL,'10-15',0,1558),(34816,NULL,'10-16',0,1558),(34817,NULL,'10-17',0,1558),(34818,NULL,'10-18',0,1558),(34819,NULL,'10-19',0,1558),(34820,NULL,'10-20',0,1558),(34821,NULL,'10-21',0,1558),(34822,NULL,'10-22',0,1558),(34823,NULL,'10-23',0,1558),(34824,NULL,'10-24',0,1558),(34825,NULL,'10-25',0,1558),(34826,NULL,'10-26',0,1558),(34827,NULL,'10-27',0,1558),(34828,NULL,'10-28',0,1558),(34829,NULL,'10-29',0,1558),(34830,NULL,'10-30',0,1558),(34831,NULL,'11-1',0,1559),(34832,NULL,'11-2',0,1559),(34833,NULL,'11-3',0,1559),(34834,NULL,'11-4',0,1559),(34835,NULL,'11-5',0,1559),(34836,NULL,'11-6',0,1559),(34837,NULL,'11-7',0,1559),(34838,NULL,'11-8',0,1559),(34839,NULL,'11-9',0,1559),(34840,NULL,'11-10',0,1559),(34841,NULL,'11-11',0,1559),(34842,NULL,'11-12',0,1559),(34843,NULL,'11-13',0,1559),(34844,NULL,'11-14',0,1559),(34845,NULL,'11-15',0,1559),(34846,NULL,'11-16',0,1559),(34847,NULL,'11-17',0,1559),(34848,NULL,'11-18',0,1559),(34849,NULL,'11-19',0,1559),(34850,NULL,'11-20',0,1559),(34851,NULL,'11-21',0,1559),(34852,NULL,'11-22',0,1559),(34853,NULL,'11-23',0,1559),(34854,NULL,'11-24',0,1559),(34855,NULL,'11-25',0,1559),(34856,NULL,'11-26',0,1559),(34857,NULL,'11-27',0,1559),(34858,NULL,'11-28',0,1559),(34859,NULL,'11-29',0,1559),(34860,NULL,'11-30',0,1559),(34861,NULL,'12-1',0,1560),(34862,NULL,'12-2',0,1560),(34863,NULL,'12-3',0,1560),(34864,NULL,'12-4',0,1560),(34865,NULL,'12-5',0,1560),(34866,NULL,'12-6',0,1560),(34867,NULL,'12-7',0,1560),(34868,NULL,'12-8',0,1560),(34869,NULL,'12-9',0,1560),(34870,NULL,'12-10',0,1560),(34871,NULL,'12-11',0,1560),(34872,NULL,'12-12',0,1560),(34873,NULL,'12-13',0,1560),(34874,NULL,'12-14',0,1560),(34875,NULL,'12-15',0,1560),(34876,NULL,'12-16',0,1560),(34877,NULL,'12-17',0,1560),(34878,NULL,'12-18',0,1560),(34879,NULL,'12-19',0,1560),(34880,NULL,'12-20',0,1560),(34881,NULL,'12-21',0,1560),(34882,NULL,'12-22',0,1560),(34883,NULL,'12-23',0,1560),(34884,NULL,'12-24',0,1560),(34885,NULL,'12-25',0,1560),(34886,NULL,'12-26',0,1560),(34887,NULL,'12-27',0,1560),(34888,NULL,'12-28',0,1560),(34889,NULL,'12-29',0,1560),(34890,NULL,'12-30',0,1560),(34891,NULL,'13-1',0,1561),(34892,NULL,'13-2',0,1561),(34893,NULL,'13-3',0,1561),(34894,NULL,'13-4',0,1561),(34895,NULL,'13-5',0,1561),(34896,NULL,'13-6',0,1561),(34897,NULL,'13-7',0,1561),(34898,NULL,'13-8',0,1561),(34899,NULL,'13-9',0,1561),(34900,NULL,'13-10',0,1561),(34901,NULL,'13-11',0,1561),(34902,NULL,'13-12',0,1561),(34903,NULL,'13-13',0,1561),(34904,NULL,'13-14',0,1561),(34905,NULL,'13-15',0,1561),(34906,NULL,'13-16',0,1561),(34907,NULL,'13-17',0,1561),(34908,NULL,'13-18',0,1561),(34909,NULL,'13-19',0,1561),(34910,NULL,'13-20',0,1561),(34911,NULL,'13-21',0,1561),(34912,NULL,'13-22',0,1561),(34913,NULL,'13-23',0,1561),(34914,NULL,'13-24',0,1561),(34915,NULL,'13-25',0,1561),(34916,NULL,'13-26',0,1561),(34917,NULL,'13-27',0,1561),(34918,NULL,'13-28',0,1561),(34919,NULL,'13-29',0,1561),(34920,NULL,'13-30',0,1561),(34921,NULL,'14-1',0,1562),(34922,NULL,'14-2',0,1562),(34923,NULL,'14-3',0,1562),(34924,NULL,'14-4',0,1562),(34925,NULL,'14-5',0,1562),(34926,NULL,'14-6',0,1562),(34927,NULL,'14-7',0,1562),(34928,NULL,'14-8',0,1562),(34929,NULL,'14-9',0,1562),(34930,NULL,'14-10',0,1562),(34931,NULL,'14-11',0,1562),(34932,NULL,'14-12',0,1562),(34933,NULL,'14-13',0,1562),(34934,NULL,'14-14',0,1562),(34935,NULL,'14-15',0,1562),(34936,NULL,'14-16',0,1562),(34937,NULL,'14-17',0,1562),(34938,NULL,'14-18',0,1562),(34939,NULL,'14-19',0,1562),(34940,NULL,'14-20',0,1562),(34941,NULL,'14-21',0,1562),(34942,NULL,'14-22',0,1562),(34943,NULL,'14-23',0,1562),(34944,NULL,'14-24',0,1562),(34945,NULL,'14-25',0,1562),(34946,NULL,'14-26',0,1562),(34947,NULL,'14-27',0,1562),(34948,NULL,'14-28',0,1562),(34949,NULL,'14-29',0,1562),(34950,NULL,'14-30',0,1562),(34951,NULL,'15-1',0,1563),(34952,NULL,'15-2',0,1563),(34953,NULL,'15-3',0,1563),(34954,NULL,'15-4',0,1563),(34955,NULL,'15-5',0,1563),(34956,NULL,'15-6',0,1563),(34957,NULL,'15-7',0,1563),(34958,NULL,'15-8',0,1563),(34959,NULL,'15-9',0,1563),(34960,NULL,'15-10',0,1563),(34961,NULL,'15-11',0,1563),(34962,NULL,'15-12',0,1563),(34963,NULL,'15-13',0,1563),(34964,NULL,'15-14',0,1563),(34965,NULL,'15-15',0,1563),(34966,NULL,'15-16',0,1563),(34967,NULL,'15-17',0,1563),(34968,NULL,'15-18',0,1563),(34969,NULL,'15-19',0,1563),(34970,NULL,'15-20',0,1563),(34971,NULL,'15-21',0,1563),(34972,NULL,'15-22',0,1563),(34973,NULL,'15-23',0,1563),(34974,NULL,'15-24',0,1563),(34975,NULL,'15-25',0,1563),(34976,NULL,'15-26',0,1563),(34977,NULL,'15-27',0,1563),(34978,NULL,'15-28',0,1563),(34979,NULL,'15-29',0,1563),(34980,NULL,'15-30',0,1563),(34981,NULL,'A-1',0,1564),(34982,NULL,'A-2',0,1564),(34983,NULL,'A-3',0,1564),(34984,NULL,'A-4',0,1564),(34985,NULL,'A-5',0,1564),(34986,NULL,'A-6',0,1564),(34987,NULL,'A-7',0,1564),(34988,NULL,'A-8',0,1564),(34989,NULL,'A-9',0,1564),(34990,NULL,'A-10',0,1564),(34991,NULL,'A-11',0,1564),(34992,NULL,'A-12',0,1564),(34993,NULL,'A-13',0,1564),(34994,NULL,'A-14',0,1564),(34995,NULL,'A-15',0,1564),(34996,NULL,'A-16',0,1564),(34997,NULL,'A-17',0,1564),(34998,NULL,'A-18',0,1564),(34999,NULL,'A-19',0,1564),(35000,NULL,'A-20',0,1564),(35001,NULL,'A-21',0,1564),(35002,NULL,'A-22',0,1564),(35003,NULL,'A-23',0,1564),(35004,NULL,'A-24',0,1564),(35005,NULL,'A-25',0,1564),(35006,NULL,'A-26',0,1564),(35007,NULL,'A-27',0,1564),(35008,NULL,'A-28',0,1564),(35009,NULL,'A-29',0,1564),(35010,NULL,'A-30',0,1564),(35011,NULL,'B-1',0,1565),(35012,NULL,'B-2',0,1565),(35013,NULL,'B-3',0,1565),(35014,NULL,'B-4',0,1565),(35015,NULL,'B-5',0,1565),(35016,NULL,'B-6',0,1565),(35017,NULL,'B-7',0,1565),(35018,NULL,'B-8',0,1565),(35019,NULL,'B-9',0,1565),(35020,NULL,'B-10',0,1565),(35021,NULL,'B-11',0,1565),(35022,NULL,'B-12',0,1565),(35023,NULL,'B-13',0,1565),(35024,NULL,'B-14',0,1565),(35025,NULL,'B-15',0,1565),(35026,NULL,'B-16',0,1565),(35027,NULL,'B-17',0,1565),(35028,NULL,'B-18',0,1565),(35029,NULL,'B-19',0,1565),(35030,NULL,'B-20',0,1565),(35031,NULL,'B-21',0,1565),(35032,NULL,'B-22',0,1565),(35033,NULL,'B-23',0,1565),(35034,NULL,'B-24',0,1565),(35035,NULL,'B-25',0,1565),(35036,NULL,'B-26',0,1565),(35037,NULL,'B-27',0,1565),(35038,NULL,'B-28',0,1565),(35039,NULL,'B-29',0,1565),(35040,NULL,'B-30',0,1565),(35041,NULL,'C-1',0,1566),(35042,NULL,'C-2',0,1566),(35043,NULL,'C-3',0,1566),(35044,NULL,'C-4',0,1566),(35045,NULL,'C-5',0,1566),(35046,NULL,'C-6',0,1566),(35047,NULL,'C-7',0,1566),(35048,NULL,'C-8',0,1566),(35049,NULL,'C-9',0,1566),(35050,NULL,'C-10',0,1566),(35051,NULL,'C-11',0,1566),(35052,NULL,'C-12',0,1566),(35053,NULL,'C-13',0,1566),(35054,NULL,'C-14',0,1566),(35055,NULL,'C-15',0,1566),(35056,NULL,'C-16',0,1566),(35057,NULL,'C-17',0,1566),(35058,NULL,'C-18',0,1566),(35059,NULL,'C-19',0,1566),(35060,NULL,'C-20',0,1566),(35061,NULL,'C-21',0,1566),(35062,NULL,'C-22',0,1566),(35063,NULL,'C-23',0,1566),(35064,NULL,'C-24',0,1566),(35065,NULL,'C-25',0,1566),(35066,NULL,'C-26',0,1566),(35067,NULL,'C-27',0,1566),(35068,NULL,'C-28',0,1566),(35069,NULL,'C-29',0,1566),(35070,NULL,'C-30',0,1566),(35071,NULL,'3-1',0,1567),(35072,NULL,'3-2',0,1567),(35073,NULL,'3-3',0,1567),(35074,NULL,'3-4',0,1567),(35075,NULL,'3-5',0,1567),(35076,NULL,'3-6',0,1567),(35077,NULL,'3-7',0,1567),(35078,NULL,'3-8',0,1567),(35079,NULL,'3-9',0,1567),(35080,NULL,'3-10',0,1567),(35081,NULL,'3-11',0,1567),(35082,NULL,'3-12',0,1567),(35083,NULL,'3-13',0,1567),(35084,NULL,'3-14',0,1567),(35085,NULL,'3-15',0,1567),(35086,NULL,'3-16',0,1567),(35087,NULL,'3-17',0,1567),(35088,NULL,'3-18',0,1567),(35089,NULL,'3-19',0,1567),(35090,NULL,'3-20',0,1567),(35091,NULL,'3-21',0,1567),(35092,NULL,'3-22',0,1567),(35093,NULL,'3-23',0,1567),(35094,NULL,'3-24',0,1567),(35095,NULL,'3-25',0,1567),(35096,NULL,'3-26',0,1567),(35097,NULL,'3-27',0,1567),(35098,NULL,'3-28',0,1567),(35099,NULL,'3-29',0,1567),(35100,NULL,'3-30',0,1567),(35101,NULL,'4-1',0,1568),(35102,NULL,'4-2',0,1568),(35103,NULL,'4-3',0,1568),(35104,NULL,'4-4',0,1568),(35105,NULL,'4-5',0,1568),(35106,NULL,'4-6',0,1568),(35107,NULL,'4-7',0,1568),(35108,NULL,'4-8',0,1568),(35109,NULL,'4-9',0,1568),(35110,NULL,'4-10',0,1568),(35111,NULL,'4-11',0,1568),(35112,NULL,'4-12',0,1568),(35113,NULL,'4-13',0,1568),(35114,NULL,'4-14',0,1568),(35115,NULL,'4-15',0,1568),(35116,NULL,'4-16',0,1568),(35117,NULL,'4-17',0,1568),(35118,NULL,'4-18',0,1568),(35119,NULL,'4-19',0,1568),(35120,NULL,'4-20',0,1568),(35121,NULL,'4-21',0,1568),(35122,NULL,'4-22',0,1568),(35123,NULL,'4-23',0,1568),(35124,NULL,'4-24',0,1568),(35125,NULL,'4-25',0,1568),(35126,NULL,'4-26',0,1568),(35127,NULL,'4-27',0,1568),(35128,NULL,'4-28',0,1568),(35129,NULL,'4-29',0,1568),(35130,NULL,'4-30',0,1568),(35131,NULL,'5-1',0,1569),(35132,NULL,'5-2',0,1569),(35133,NULL,'5-3',0,1569),(35134,NULL,'5-4',0,1569),(35135,NULL,'5-5',0,1569),(35136,NULL,'5-6',0,1569),(35137,NULL,'5-7',0,1569),(35138,NULL,'5-8',0,1569),(35139,NULL,'5-9',0,1569),(35140,NULL,'5-10',0,1569),(35141,NULL,'5-11',0,1569),(35142,NULL,'5-12',0,1569),(35143,NULL,'5-13',0,1569),(35144,NULL,'5-14',0,1569),(35145,NULL,'5-15',0,1569),(35146,NULL,'5-16',0,1569),(35147,NULL,'5-17',0,1569),(35148,NULL,'5-18',0,1569),(35149,NULL,'5-19',0,1569),(35150,NULL,'5-20',0,1569),(35151,NULL,'5-21',0,1569),(35152,NULL,'5-22',0,1569),(35153,NULL,'5-23',0,1569),(35154,NULL,'5-24',0,1569),(35155,NULL,'5-25',0,1569),(35156,NULL,'5-26',0,1569),(35157,NULL,'5-27',0,1569),(35158,NULL,'5-28',0,1569),(35159,NULL,'5-29',0,1569),(35160,NULL,'5-30',0,1569),(35161,NULL,'6-1',0,1570),(35162,NULL,'6-2',0,1570),(35163,NULL,'6-3',0,1570),(35164,NULL,'6-4',0,1570),(35165,NULL,'6-5',0,1570),(35166,NULL,'6-6',0,1570),(35167,NULL,'6-7',0,1570),(35168,NULL,'6-8',0,1570),(35169,NULL,'6-9',0,1570),(35170,NULL,'6-10',0,1570),(35171,NULL,'6-11',0,1570),(35172,NULL,'6-12',0,1570),(35173,NULL,'6-13',0,1570),(35174,NULL,'6-14',0,1570),(35175,NULL,'6-15',0,1570),(35176,NULL,'6-16',0,1570),(35177,NULL,'6-17',0,1570),(35178,NULL,'6-18',0,1570),(35179,NULL,'6-19',0,1570),(35180,NULL,'6-20',0,1570),(35181,NULL,'6-21',0,1570),(35182,NULL,'6-22',0,1570),(35183,NULL,'6-23',0,1570),(35184,NULL,'6-24',0,1570),(35185,NULL,'6-25',0,1570),(35186,NULL,'6-26',0,1570),(35187,NULL,'6-27',0,1570),(35188,NULL,'6-28',0,1570),(35189,NULL,'6-29',0,1570),(35190,NULL,'6-30',0,1570),(35191,NULL,'8-1',0,1571),(35192,NULL,'8-2',0,1571),(35193,NULL,'8-3',0,1571),(35194,NULL,'8-4',0,1571),(35195,NULL,'8-5',0,1571),(35196,NULL,'8-6',0,1571),(35197,NULL,'8-7',0,1571),(35198,NULL,'8-8',0,1571),(35199,NULL,'8-9',0,1571),(35200,NULL,'8-10',0,1571),(35201,NULL,'8-11',0,1571),(35202,NULL,'8-12',0,1571),(35203,NULL,'8-13',0,1571),(35204,NULL,'8-14',0,1571),(35205,NULL,'8-15',0,1571),(35206,NULL,'8-16',0,1571),(35207,NULL,'8-17',0,1571),(35208,NULL,'8-18',0,1571),(35209,NULL,'8-19',0,1571),(35210,NULL,'8-20',0,1571),(35211,NULL,'8-21',0,1571),(35212,NULL,'8-22',0,1571),(35213,NULL,'8-23',0,1571),(35214,NULL,'8-24',0,1571),(35215,NULL,'8-25',0,1571),(35216,NULL,'8-26',0,1571),(35217,NULL,'8-27',0,1571),(35218,NULL,'8-28',0,1571),(35219,NULL,'8-29',0,1571),(35220,NULL,'8-30',0,1571),(35221,NULL,'10-1',0,1572),(35222,NULL,'10-2',0,1572),(35223,NULL,'10-3',0,1572),(35224,NULL,'10-4',0,1572),(35225,NULL,'10-5',0,1572),(35226,NULL,'10-6',0,1572),(35227,NULL,'10-7',0,1572),(35228,NULL,'10-8',0,1572),(35229,NULL,'10-9',0,1572),(35230,NULL,'10-10',0,1572),(35231,NULL,'10-11',0,1572),(35232,NULL,'10-12',0,1572),(35233,NULL,'10-13',0,1572),(35234,NULL,'10-14',0,1572),(35235,NULL,'10-15',0,1572),(35236,NULL,'10-16',0,1572),(35237,NULL,'10-17',0,1572),(35238,NULL,'10-18',0,1572),(35239,NULL,'10-19',0,1572),(35240,NULL,'10-20',0,1572),(35241,NULL,'10-21',0,1572),(35242,NULL,'10-22',0,1572),(35243,NULL,'10-23',0,1572),(35244,NULL,'10-24',0,1572),(35245,NULL,'10-25',0,1572),(35246,NULL,'10-26',0,1572),(35247,NULL,'10-27',0,1572),(35248,NULL,'10-28',0,1572),(35249,NULL,'10-29',0,1572),(35250,NULL,'10-30',0,1572),(35251,NULL,'11-1',0,1573),(35252,NULL,'11-2',0,1573),(35253,NULL,'11-3',0,1573),(35254,NULL,'11-4',0,1573),(35255,NULL,'11-5',0,1573),(35256,NULL,'11-6',0,1573),(35257,NULL,'11-7',0,1573),(35258,NULL,'11-8',0,1573),(35259,NULL,'11-9',0,1573),(35260,NULL,'11-10',0,1573),(35261,NULL,'11-11',0,1573),(35262,NULL,'11-12',0,1573),(35263,NULL,'11-13',0,1573),(35264,NULL,'11-14',0,1573),(35265,NULL,'11-15',0,1573),(35266,NULL,'11-16',0,1573),(35267,NULL,'11-17',0,1573),(35268,NULL,'11-18',0,1573),(35269,NULL,'11-19',0,1573),(35270,NULL,'11-20',0,1573),(35271,NULL,'11-21',0,1573),(35272,NULL,'11-22',0,1573),(35273,NULL,'11-23',0,1573),(35274,NULL,'11-24',0,1573),(35275,NULL,'11-25',0,1573),(35276,NULL,'11-26',0,1573),(35277,NULL,'11-27',0,1573),(35278,NULL,'11-28',0,1573),(35279,NULL,'11-29',0,1573),(35280,NULL,'11-30',0,1573),(35281,NULL,'12-1',0,1574),(35282,NULL,'12-2',0,1574),(35283,NULL,'12-3',0,1574),(35284,NULL,'12-4',0,1574),(35285,NULL,'12-5',0,1574),(35286,NULL,'12-6',0,1574),(35287,NULL,'12-7',0,1574),(35288,NULL,'12-8',0,1574),(35289,NULL,'12-9',0,1574),(35290,NULL,'12-10',0,1574),(35291,NULL,'12-11',0,1574),(35292,NULL,'12-12',0,1574),(35293,NULL,'12-13',0,1574),(35294,NULL,'12-14',0,1574),(35295,NULL,'12-15',0,1574),(35296,NULL,'12-16',0,1574),(35297,NULL,'12-17',0,1574),(35298,NULL,'12-18',0,1574),(35299,NULL,'12-19',0,1574),(35300,NULL,'12-20',0,1574),(35301,NULL,'12-21',0,1574),(35302,NULL,'12-22',0,1574),(35303,NULL,'12-23',0,1574),(35304,NULL,'12-24',0,1574),(35305,NULL,'12-25',0,1574),(35306,NULL,'12-26',0,1574),(35307,NULL,'12-27',0,1574),(35308,NULL,'12-28',0,1574),(35309,NULL,'12-29',0,1574),(35310,NULL,'12-30',0,1574),(35311,NULL,'13-1',0,1575),(35312,NULL,'13-2',0,1575),(35313,NULL,'13-3',0,1575),(35314,NULL,'13-4',0,1575),(35315,NULL,'13-5',0,1575),(35316,NULL,'13-6',0,1575),(35317,NULL,'13-7',0,1575),(35318,NULL,'13-8',0,1575),(35319,NULL,'13-9',0,1575),(35320,NULL,'13-10',0,1575),(35321,NULL,'13-11',0,1575),(35322,NULL,'13-12',0,1575),(35323,NULL,'13-13',0,1575),(35324,NULL,'13-14',0,1575),(35325,NULL,'13-15',0,1575),(35326,NULL,'13-16',0,1575),(35327,NULL,'13-17',0,1575),(35328,NULL,'13-18',0,1575),(35329,NULL,'13-19',0,1575),(35330,NULL,'13-20',0,1575),(35331,NULL,'13-21',0,1575),(35332,NULL,'13-22',0,1575),(35333,NULL,'13-23',0,1575),(35334,NULL,'13-24',0,1575),(35335,NULL,'13-25',0,1575),(35336,NULL,'13-26',0,1575),(35337,NULL,'13-27',0,1575),(35338,NULL,'13-28',0,1575),(35339,NULL,'13-29',0,1575),(35340,NULL,'13-30',0,1575),(35341,NULL,'14-1',0,1576),(35342,NULL,'14-2',0,1576),(35343,NULL,'14-3',0,1576),(35344,NULL,'14-4',0,1576),(35345,NULL,'14-5',0,1576),(35346,NULL,'14-6',0,1576),(35347,NULL,'14-7',0,1576),(35348,NULL,'14-8',0,1576),(35349,NULL,'14-9',0,1576),(35350,NULL,'14-10',0,1576),(35351,NULL,'14-11',0,1576),(35352,NULL,'14-12',0,1576),(35353,NULL,'14-13',0,1576),(35354,NULL,'14-14',0,1576),(35355,NULL,'14-15',0,1576),(35356,NULL,'14-16',0,1576),(35357,NULL,'14-17',0,1576),(35358,NULL,'14-18',0,1576),(35359,NULL,'14-19',0,1576),(35360,NULL,'14-20',0,1576),(35361,NULL,'14-21',0,1576),(35362,NULL,'14-22',0,1576),(35363,NULL,'14-23',0,1576),(35364,NULL,'14-24',0,1576),(35365,NULL,'14-25',0,1576),(35366,NULL,'14-26',0,1576),(35367,NULL,'14-27',0,1576),(35368,NULL,'14-28',0,1576),(35369,NULL,'14-29',0,1576),(35370,NULL,'14-30',0,1576),(35371,NULL,'15-1',0,1577),(35372,NULL,'15-2',0,1577),(35373,NULL,'15-3',0,1577),(35374,NULL,'15-4',0,1577),(35375,NULL,'15-5',0,1577),(35376,NULL,'15-6',0,1577),(35377,NULL,'15-7',0,1577),(35378,NULL,'15-8',0,1577),(35379,NULL,'15-9',0,1577),(35380,NULL,'15-10',0,1577),(35381,NULL,'15-11',0,1577),(35382,NULL,'15-12',0,1577),(35383,NULL,'15-13',0,1577),(35384,NULL,'15-14',0,1577),(35385,NULL,'15-15',0,1577),(35386,NULL,'15-16',0,1577),(35387,NULL,'15-17',0,1577),(35388,NULL,'15-18',0,1577),(35389,NULL,'15-19',0,1577),(35390,NULL,'15-20',0,1577),(35391,NULL,'15-21',0,1577),(35392,NULL,'15-22',0,1577),(35393,NULL,'15-23',0,1577),(35394,NULL,'15-24',0,1577),(35395,NULL,'15-25',0,1577),(35396,NULL,'15-26',0,1577),(35397,NULL,'15-27',0,1577),(35398,NULL,'15-28',0,1577),(35399,NULL,'15-29',0,1577),(35400,NULL,'15-30',0,1577),(35401,NULL,'A-1',0,1578),(35402,NULL,'A-2',0,1578),(35403,NULL,'A-3',0,1578),(35404,NULL,'A-4',0,1578),(35405,NULL,'A-5',0,1578),(35406,NULL,'A-6',0,1578),(35407,NULL,'A-7',0,1578),(35408,NULL,'A-8',0,1578),(35409,NULL,'A-9',0,1578),(35410,NULL,'A-10',0,1578),(35411,NULL,'A-11',0,1578),(35412,NULL,'A-12',0,1578),(35413,NULL,'A-13',0,1578),(35414,NULL,'A-14',0,1578),(35415,NULL,'A-15',0,1578),(35416,NULL,'A-16',0,1578),(35417,NULL,'A-17',0,1578),(35418,NULL,'A-18',0,1578),(35419,NULL,'A-19',0,1578),(35420,NULL,'A-20',0,1578),(35421,NULL,'A-21',0,1578),(35422,NULL,'A-22',0,1578),(35423,NULL,'A-23',0,1578),(35424,NULL,'A-24',0,1578),(35425,NULL,'A-25',0,1578),(35426,NULL,'A-26',0,1578),(35427,NULL,'A-27',0,1578),(35428,NULL,'A-28',0,1578),(35429,NULL,'A-29',0,1578),(35430,NULL,'A-30',0,1578),(35431,NULL,'B-1',0,1579),(35432,NULL,'B-2',0,1579),(35433,NULL,'B-3',0,1579),(35434,NULL,'B-4',0,1579),(35435,NULL,'B-5',0,1579),(35436,NULL,'B-6',0,1579),(35437,NULL,'B-7',0,1579),(35438,NULL,'B-8',0,1579),(35439,NULL,'B-9',0,1579),(35440,NULL,'B-10',0,1579),(35441,NULL,'B-11',0,1579),(35442,NULL,'B-12',0,1579),(35443,NULL,'B-13',0,1579),(35444,NULL,'B-14',0,1579),(35445,NULL,'B-15',0,1579),(35446,NULL,'B-16',0,1579),(35447,NULL,'B-17',0,1579),(35448,NULL,'B-18',0,1579),(35449,NULL,'B-19',0,1579),(35450,NULL,'B-20',0,1579),(35451,NULL,'B-21',0,1579),(35452,NULL,'B-22',0,1579),(35453,NULL,'B-23',0,1579),(35454,NULL,'B-24',0,1579),(35455,NULL,'B-25',0,1579),(35456,NULL,'B-26',0,1579),(35457,NULL,'B-27',0,1579),(35458,NULL,'B-28',0,1579),(35459,NULL,'B-29',0,1579),(35460,NULL,'B-30',0,1579),(35461,NULL,'C-1',0,1580),(35462,NULL,'C-2',0,1580),(35463,NULL,'C-3',0,1580),(35464,NULL,'C-4',0,1580),(35465,NULL,'C-5',0,1580),(35466,NULL,'C-6',0,1580),(35467,NULL,'C-7',0,1580),(35468,NULL,'C-8',0,1580),(35469,NULL,'C-9',0,1580),(35470,NULL,'C-10',0,1580),(35471,NULL,'C-11',0,1580),(35472,NULL,'C-12',0,1580),(35473,NULL,'C-13',0,1580),(35474,NULL,'C-14',0,1580),(35475,NULL,'C-15',0,1580),(35476,NULL,'C-16',0,1580),(35477,NULL,'C-17',0,1580),(35478,NULL,'C-18',0,1580),(35479,NULL,'C-19',0,1580),(35480,NULL,'C-20',0,1580),(35481,NULL,'C-21',0,1580),(35482,NULL,'C-22',0,1580),(35483,NULL,'C-23',0,1580),(35484,NULL,'C-24',0,1580),(35485,NULL,'C-25',0,1580),(35486,NULL,'C-26',0,1580),(35487,NULL,'C-27',0,1580),(35488,NULL,'C-28',0,1580),(35489,NULL,'C-29',0,1580),(35490,NULL,'C-30',0,1580),(35491,NULL,'3-1',0,1581),(35492,NULL,'3-2',0,1581),(35493,NULL,'3-3',0,1581),(35494,NULL,'3-4',0,1581),(35495,NULL,'3-5',0,1581),(35496,NULL,'3-6',0,1581),(35497,NULL,'3-7',0,1581),(35498,NULL,'3-8',0,1581),(35499,NULL,'3-9',0,1581),(35500,NULL,'3-10',0,1581),(35501,NULL,'3-11',0,1581),(35502,NULL,'3-12',0,1581),(35503,NULL,'3-13',0,1581),(35504,NULL,'3-14',0,1581),(35505,NULL,'3-15',0,1581),(35506,NULL,'3-16',0,1581),(35507,NULL,'3-17',0,1581),(35508,NULL,'3-18',0,1581),(35509,NULL,'3-19',0,1581),(35510,NULL,'3-20',0,1581),(35511,NULL,'3-21',0,1581),(35512,NULL,'3-22',0,1581),(35513,NULL,'3-23',0,1581),(35514,NULL,'3-24',0,1581),(35515,NULL,'3-25',0,1581),(35516,NULL,'3-26',0,1581),(35517,NULL,'3-27',0,1581),(35518,NULL,'3-28',0,1581),(35519,NULL,'3-29',0,1581),(35520,NULL,'3-30',0,1581),(35521,NULL,'4-1',0,1582),(35522,NULL,'4-2',0,1582),(35523,NULL,'4-3',0,1582),(35524,NULL,'4-4',0,1582),(35525,NULL,'4-5',0,1582),(35526,NULL,'4-6',0,1582),(35527,NULL,'4-7',0,1582),(35528,NULL,'4-8',0,1582),(35529,NULL,'4-9',0,1582),(35530,NULL,'4-10',0,1582),(35531,NULL,'4-11',0,1582),(35532,NULL,'4-12',0,1582),(35533,NULL,'4-13',0,1582),(35534,NULL,'4-14',0,1582),(35535,NULL,'4-15',0,1582),(35536,NULL,'4-16',0,1582),(35537,NULL,'4-17',0,1582),(35538,NULL,'4-18',0,1582),(35539,NULL,'4-19',0,1582),(35540,NULL,'4-20',0,1582),(35541,NULL,'4-21',0,1582),(35542,NULL,'4-22',0,1582),(35543,NULL,'4-23',0,1582),(35544,NULL,'4-24',0,1582),(35545,NULL,'4-25',0,1582),(35546,NULL,'4-26',0,1582),(35547,NULL,'4-27',0,1582),(35548,NULL,'4-28',0,1582),(35549,NULL,'4-29',0,1582),(35550,NULL,'4-30',0,1582),(35551,NULL,'5-1',0,1583),(35552,NULL,'5-2',0,1583),(35553,NULL,'5-3',0,1583),(35554,NULL,'5-4',0,1583),(35555,NULL,'5-5',0,1583),(35556,NULL,'5-6',0,1583),(35557,NULL,'5-7',0,1583),(35558,NULL,'5-8',0,1583),(35559,NULL,'5-9',0,1583),(35560,NULL,'5-10',0,1583),(35561,NULL,'5-11',0,1583),(35562,NULL,'5-12',0,1583),(35563,NULL,'5-13',0,1583),(35564,NULL,'5-14',0,1583),(35565,NULL,'5-15',0,1583),(35566,NULL,'5-16',0,1583),(35567,NULL,'5-17',0,1583),(35568,NULL,'5-18',0,1583),(35569,NULL,'5-19',0,1583),(35570,NULL,'5-20',0,1583),(35571,NULL,'5-21',0,1583),(35572,NULL,'5-22',0,1583),(35573,NULL,'5-23',0,1583),(35574,NULL,'5-24',0,1583),(35575,NULL,'5-25',0,1583),(35576,NULL,'5-26',0,1583),(35577,NULL,'5-27',0,1583),(35578,NULL,'5-28',0,1583),(35579,NULL,'5-29',0,1583),(35580,NULL,'5-30',0,1583),(35581,NULL,'6-1',0,1584),(35582,NULL,'6-2',0,1584),(35583,NULL,'6-3',0,1584),(35584,NULL,'6-4',0,1584),(35585,NULL,'6-5',0,1584),(35586,NULL,'6-6',0,1584),(35587,NULL,'6-7',0,1584),(35588,NULL,'6-8',0,1584),(35589,NULL,'6-9',0,1584),(35590,NULL,'6-10',0,1584),(35591,NULL,'6-11',0,1584),(35592,NULL,'6-12',0,1584),(35593,NULL,'6-13',0,1584),(35594,NULL,'6-14',0,1584),(35595,NULL,'6-15',0,1584),(35596,NULL,'6-16',0,1584),(35597,NULL,'6-17',0,1584),(35598,NULL,'6-18',0,1584),(35599,NULL,'6-19',0,1584),(35600,NULL,'6-20',0,1584),(35601,NULL,'6-21',0,1584),(35602,NULL,'6-22',0,1584),(35603,NULL,'6-23',0,1584),(35604,NULL,'6-24',0,1584),(35605,NULL,'6-25',0,1584),(35606,NULL,'6-26',0,1584),(35607,NULL,'6-27',0,1584),(35608,NULL,'6-28',0,1584),(35609,NULL,'6-29',0,1584),(35610,NULL,'6-30',0,1584),(35611,NULL,'8-1',0,1585),(35612,NULL,'8-2',0,1585),(35613,NULL,'8-3',0,1585),(35614,NULL,'8-4',0,1585),(35615,NULL,'8-5',0,1585),(35616,NULL,'8-6',0,1585),(35617,NULL,'8-7',0,1585),(35618,NULL,'8-8',0,1585),(35619,NULL,'8-9',0,1585),(35620,NULL,'8-10',0,1585),(35621,NULL,'8-11',0,1585),(35622,NULL,'8-12',0,1585),(35623,NULL,'8-13',0,1585),(35624,NULL,'8-14',0,1585),(35625,NULL,'8-15',0,1585),(35626,NULL,'8-16',0,1585),(35627,NULL,'8-17',0,1585),(35628,NULL,'8-18',0,1585),(35629,NULL,'8-19',0,1585),(35630,NULL,'8-20',0,1585),(35631,NULL,'8-21',0,1585),(35632,NULL,'8-22',0,1585),(35633,NULL,'8-23',0,1585),(35634,NULL,'8-24',0,1585),(35635,NULL,'8-25',0,1585),(35636,NULL,'8-26',0,1585),(35637,NULL,'8-27',0,1585),(35638,NULL,'8-28',0,1585),(35639,NULL,'8-29',0,1585),(35640,NULL,'8-30',0,1585),(35641,NULL,'10-1',0,1586),(35642,NULL,'10-2',0,1586),(35643,NULL,'10-3',0,1586),(35644,NULL,'10-4',0,1586),(35645,NULL,'10-5',0,1586),(35646,NULL,'10-6',0,1586),(35647,NULL,'10-7',0,1586),(35648,NULL,'10-8',0,1586),(35649,NULL,'10-9',0,1586),(35650,NULL,'10-10',0,1586),(35651,NULL,'10-11',0,1586),(35652,NULL,'10-12',0,1586),(35653,NULL,'10-13',0,1586),(35654,NULL,'10-14',0,1586),(35655,NULL,'10-15',0,1586),(35656,NULL,'10-16',0,1586),(35657,NULL,'10-17',0,1586),(35658,NULL,'10-18',0,1586),(35659,NULL,'10-19',0,1586),(35660,NULL,'10-20',0,1586),(35661,NULL,'10-21',0,1586),(35662,NULL,'10-22',0,1586),(35663,NULL,'10-23',0,1586),(35664,NULL,'10-24',0,1586),(35665,NULL,'10-25',0,1586),(35666,NULL,'10-26',0,1586),(35667,NULL,'10-27',0,1586),(35668,NULL,'10-28',0,1586),(35669,NULL,'10-29',0,1586),(35670,NULL,'10-30',0,1586),(35671,NULL,'11-1',0,1587),(35672,NULL,'11-2',0,1587),(35673,NULL,'11-3',0,1587),(35674,NULL,'11-4',0,1587),(35675,NULL,'11-5',0,1587),(35676,NULL,'11-6',0,1587),(35677,NULL,'11-7',0,1587),(35678,NULL,'11-8',0,1587),(35679,NULL,'11-9',0,1587),(35680,NULL,'11-10',0,1587),(35681,NULL,'11-11',0,1587),(35682,NULL,'11-12',0,1587),(35683,NULL,'11-13',0,1587),(35684,NULL,'11-14',0,1587),(35685,NULL,'11-15',0,1587),(35686,NULL,'11-16',0,1587),(35687,NULL,'11-17',0,1587),(35688,NULL,'11-18',0,1587),(35689,NULL,'11-19',0,1587),(35690,NULL,'11-20',0,1587),(35691,NULL,'11-21',0,1587),(35692,NULL,'11-22',0,1587),(35693,NULL,'11-23',0,1587),(35694,NULL,'11-24',0,1587),(35695,NULL,'11-25',0,1587),(35696,NULL,'11-26',0,1587),(35697,NULL,'11-27',0,1587),(35698,NULL,'11-28',0,1587),(35699,NULL,'11-29',0,1587),(35700,NULL,'11-30',0,1587),(35701,NULL,'12-1',0,1588),(35702,NULL,'12-2',0,1588),(35703,NULL,'12-3',0,1588),(35704,NULL,'12-4',0,1588),(35705,NULL,'12-5',0,1588),(35706,NULL,'12-6',0,1588),(35707,NULL,'12-7',0,1588),(35708,NULL,'12-8',0,1588),(35709,NULL,'12-9',0,1588),(35710,NULL,'12-10',0,1588),(35711,NULL,'12-11',0,1588),(35712,NULL,'12-12',0,1588),(35713,NULL,'12-13',0,1588),(35714,NULL,'12-14',0,1588),(35715,NULL,'12-15',0,1588),(35716,NULL,'12-16',0,1588),(35717,NULL,'12-17',0,1588),(35718,NULL,'12-18',0,1588),(35719,NULL,'12-19',0,1588),(35720,NULL,'12-20',0,1588),(35721,NULL,'12-21',0,1588),(35722,NULL,'12-22',0,1588),(35723,NULL,'12-23',0,1588),(35724,NULL,'12-24',0,1588),(35725,NULL,'12-25',0,1588),(35726,NULL,'12-26',0,1588),(35727,NULL,'12-27',0,1588),(35728,NULL,'12-28',0,1588),(35729,NULL,'12-29',0,1588),(35730,NULL,'12-30',0,1588),(35731,NULL,'13-1',0,1589),(35732,NULL,'13-2',0,1589),(35733,NULL,'13-3',0,1589),(35734,NULL,'13-4',0,1589),(35735,NULL,'13-5',0,1589),(35736,NULL,'13-6',0,1589),(35737,NULL,'13-7',0,1589),(35738,NULL,'13-8',0,1589),(35739,NULL,'13-9',0,1589),(35740,NULL,'13-10',0,1589),(35741,NULL,'13-11',0,1589),(35742,NULL,'13-12',0,1589),(35743,NULL,'13-13',0,1589),(35744,NULL,'13-14',0,1589),(35745,NULL,'13-15',0,1589),(35746,NULL,'13-16',0,1589),(35747,NULL,'13-17',0,1589),(35748,NULL,'13-18',0,1589),(35749,NULL,'13-19',0,1589),(35750,NULL,'13-20',0,1589),(35751,NULL,'13-21',0,1589),(35752,NULL,'13-22',0,1589),(35753,NULL,'13-23',0,1589),(35754,NULL,'13-24',0,1589),(35755,NULL,'13-25',0,1589),(35756,NULL,'13-26',0,1589),(35757,NULL,'13-27',0,1589),(35758,NULL,'13-28',0,1589),(35759,NULL,'13-29',0,1589),(35760,NULL,'13-30',0,1589),(35761,NULL,'14-1',0,1590),(35762,NULL,'14-2',0,1590),(35763,NULL,'14-3',0,1590),(35764,NULL,'14-4',0,1590),(35765,NULL,'14-5',0,1590),(35766,NULL,'14-6',0,1590),(35767,NULL,'14-7',0,1590),(35768,NULL,'14-8',0,1590),(35769,NULL,'14-9',0,1590),(35770,NULL,'14-10',0,1590),(35771,NULL,'14-11',0,1590),(35772,NULL,'14-12',0,1590),(35773,NULL,'14-13',0,1590),(35774,NULL,'14-14',0,1590),(35775,NULL,'14-15',0,1590),(35776,NULL,'14-16',0,1590),(35777,NULL,'14-17',0,1590),(35778,NULL,'14-18',0,1590),(35779,NULL,'14-19',0,1590),(35780,NULL,'14-20',0,1590),(35781,NULL,'14-21',0,1590),(35782,NULL,'14-22',0,1590),(35783,NULL,'14-23',0,1590),(35784,NULL,'14-24',0,1590),(35785,NULL,'14-25',0,1590),(35786,NULL,'14-26',0,1590),(35787,NULL,'14-27',0,1590),(35788,NULL,'14-28',0,1590),(35789,NULL,'14-29',0,1590),(35790,NULL,'14-30',0,1590),(35791,NULL,'15-1',0,1591),(35792,NULL,'15-2',0,1591),(35793,NULL,'15-3',0,1591),(35794,NULL,'15-4',0,1591),(35795,NULL,'15-5',0,1591),(35796,NULL,'15-6',0,1591),(35797,NULL,'15-7',0,1591),(35798,NULL,'15-8',0,1591),(35799,NULL,'15-9',0,1591),(35800,NULL,'15-10',0,1591),(35801,NULL,'15-11',0,1591),(35802,NULL,'15-12',0,1591),(35803,NULL,'15-13',0,1591),(35804,NULL,'15-14',0,1591),(35805,NULL,'15-15',0,1591),(35806,NULL,'15-16',0,1591),(35807,NULL,'15-17',0,1591),(35808,NULL,'15-18',0,1591),(35809,NULL,'15-19',0,1591),(35810,NULL,'15-20',0,1591),(35811,NULL,'15-21',0,1591),(35812,NULL,'15-22',0,1591),(35813,NULL,'15-23',0,1591),(35814,NULL,'15-24',0,1591),(35815,NULL,'15-25',0,1591),(35816,NULL,'15-26',0,1591),(35817,NULL,'15-27',0,1591),(35818,NULL,'15-28',0,1591),(35819,NULL,'15-29',0,1591),(35820,NULL,'15-30',0,1591),(35821,NULL,'A-1',0,1592),(35822,NULL,'A-2',0,1592),(35823,NULL,'A-3',0,1592),(35824,NULL,'A-4',0,1592),(35825,NULL,'A-5',0,1592),(35826,NULL,'A-6',0,1592),(35827,NULL,'A-7',0,1592),(35828,NULL,'A-8',0,1592),(35829,NULL,'A-9',0,1592),(35830,NULL,'A-10',0,1592),(35831,NULL,'A-11',0,1592),(35832,NULL,'A-12',0,1592),(35833,NULL,'A-13',0,1592),(35834,NULL,'A-14',0,1592),(35835,NULL,'A-15',0,1592),(35836,NULL,'A-16',0,1592),(35837,NULL,'A-17',0,1592),(35838,NULL,'A-18',0,1592),(35839,NULL,'A-19',0,1592),(35840,NULL,'A-20',0,1592),(35841,NULL,'A-21',0,1592),(35842,NULL,'A-22',0,1592),(35843,NULL,'A-23',0,1592),(35844,NULL,'A-24',0,1592),(35845,NULL,'A-25',0,1592),(35846,NULL,'A-26',0,1592),(35847,NULL,'A-27',0,1592),(35848,NULL,'A-28',0,1592),(35849,NULL,'A-29',0,1592),(35850,NULL,'A-30',0,1592),(35851,NULL,'B-1',0,1593),(35852,NULL,'B-2',0,1593),(35853,NULL,'B-3',0,1593),(35854,NULL,'B-4',0,1593),(35855,NULL,'B-5',0,1593),(35856,NULL,'B-6',0,1593),(35857,NULL,'B-7',0,1593),(35858,NULL,'B-8',0,1593),(35859,NULL,'B-9',0,1593),(35860,NULL,'B-10',0,1593),(35861,NULL,'B-11',0,1593),(35862,NULL,'B-12',0,1593),(35863,NULL,'B-13',0,1593),(35864,NULL,'B-14',0,1593),(35865,NULL,'B-15',0,1593),(35866,NULL,'B-16',0,1593),(35867,NULL,'B-17',0,1593),(35868,NULL,'B-18',0,1593),(35869,NULL,'B-19',0,1593),(35870,NULL,'B-20',0,1593),(35871,NULL,'B-21',0,1593),(35872,NULL,'B-22',0,1593),(35873,NULL,'B-23',0,1593),(35874,NULL,'B-24',0,1593),(35875,NULL,'B-25',0,1593),(35876,NULL,'B-26',0,1593),(35877,NULL,'B-27',0,1593),(35878,NULL,'B-28',0,1593),(35879,NULL,'B-29',0,1593),(35880,NULL,'B-30',0,1593),(35881,NULL,'C-1',0,1594),(35882,NULL,'C-2',0,1594),(35883,NULL,'C-3',0,1594),(35884,NULL,'C-4',0,1594),(35885,NULL,'C-5',0,1594),(35886,NULL,'C-6',0,1594),(35887,NULL,'C-7',0,1594),(35888,NULL,'C-8',0,1594),(35889,NULL,'C-9',0,1594),(35890,NULL,'C-10',0,1594),(35891,NULL,'C-11',0,1594),(35892,NULL,'C-12',0,1594),(35893,NULL,'C-13',0,1594),(35894,NULL,'C-14',0,1594),(35895,NULL,'C-15',0,1594),(35896,NULL,'C-16',0,1594),(35897,NULL,'C-17',0,1594),(35898,NULL,'C-18',0,1594),(35899,NULL,'C-19',0,1594),(35900,NULL,'C-20',0,1594),(35901,NULL,'C-21',0,1594),(35902,NULL,'C-22',0,1594),(35903,NULL,'C-23',0,1594),(35904,NULL,'C-24',0,1594),(35905,NULL,'C-25',0,1594),(35906,NULL,'C-26',0,1594),(35907,NULL,'C-27',0,1594),(35908,NULL,'C-28',0,1594),(35909,NULL,'C-29',0,1594),(35910,NULL,'C-30',0,1594),(35911,NULL,'4-1',0,1595),(35912,NULL,'4-2',0,1595),(35913,NULL,'4-3',0,1595),(35914,NULL,'4-4',0,1595),(35915,NULL,'4-5',0,1595),(35916,NULL,'4-6',0,1595),(35917,NULL,'4-7',0,1595),(35918,NULL,'4-8',0,1595),(35919,NULL,'4-9',0,1595),(35920,NULL,'4-10',0,1595),(35921,NULL,'4-11',0,1595),(35922,NULL,'4-12',0,1595),(35923,NULL,'4-13',0,1595),(35924,NULL,'4-14',0,1595),(35925,NULL,'4-15',0,1595),(35926,NULL,'4-16',0,1595),(35927,NULL,'4-17',0,1595),(35928,NULL,'4-18',0,1595),(35929,NULL,'4-19',0,1595),(35930,NULL,'4-20',0,1595),(35931,NULL,'4-21',0,1595),(35932,NULL,'4-22',0,1595),(35933,NULL,'4-23',0,1595),(35934,NULL,'4-24',0,1595),(35935,NULL,'4-25',0,1595),(35936,NULL,'4-26',0,1595),(35937,NULL,'4-27',0,1595),(35938,NULL,'4-28',0,1595),(35939,NULL,'4-29',0,1595),(35940,NULL,'4-30',0,1595),(35941,NULL,'5-1',0,1596),(35942,NULL,'5-2',0,1596),(35943,NULL,'5-3',0,1596),(35944,NULL,'5-4',0,1596),(35945,NULL,'5-5',0,1596),(35946,NULL,'5-6',0,1596),(35947,NULL,'5-7',0,1596),(35948,NULL,'5-8',0,1596),(35949,NULL,'5-9',0,1596),(35950,NULL,'5-10',0,1596),(35951,NULL,'5-11',0,1596),(35952,NULL,'5-12',0,1596),(35953,NULL,'5-13',0,1596),(35954,NULL,'5-14',0,1596),(35955,NULL,'5-15',0,1596),(35956,NULL,'5-16',0,1596),(35957,NULL,'5-17',0,1596),(35958,NULL,'5-18',0,1596),(35959,NULL,'5-19',0,1596),(35960,NULL,'5-20',0,1596),(35961,NULL,'5-21',0,1596),(35962,NULL,'5-22',0,1596),(35963,NULL,'5-23',0,1596),(35964,NULL,'5-24',0,1596),(35965,NULL,'5-25',0,1596),(35966,NULL,'5-26',0,1596),(35967,NULL,'5-27',0,1596),(35968,NULL,'5-28',0,1596),(35969,NULL,'5-29',0,1596),(35970,NULL,'5-30',0,1596),(35971,NULL,'6-1',0,1597),(35972,NULL,'6-2',0,1597),(35973,NULL,'6-3',0,1597),(35974,NULL,'6-4',0,1597),(35975,NULL,'6-5',0,1597),(35976,NULL,'6-6',0,1597),(35977,NULL,'6-7',0,1597),(35978,NULL,'6-8',0,1597),(35979,NULL,'6-9',0,1597),(35980,NULL,'6-10',0,1597),(35981,NULL,'6-11',0,1597),(35982,NULL,'6-12',0,1597),(35983,NULL,'6-13',0,1597),(35984,NULL,'6-14',0,1597),(35985,NULL,'6-15',0,1597),(35986,NULL,'6-16',0,1597),(35987,NULL,'6-17',0,1597),(35988,NULL,'6-18',0,1597),(35989,NULL,'6-19',0,1597),(35990,NULL,'6-20',0,1597),(35991,NULL,'6-21',0,1597),(35992,NULL,'6-22',0,1597),(35993,NULL,'6-23',0,1597),(35994,NULL,'6-24',0,1597),(35995,NULL,'6-25',0,1597),(35996,NULL,'6-26',0,1597),(35997,NULL,'6-27',0,1597),(35998,NULL,'6-28',0,1597),(35999,NULL,'6-29',0,1597),(36000,NULL,'6-30',0,1597),(36001,NULL,'7-1',0,1598),(36002,NULL,'7-2',0,1598),(36003,NULL,'7-3',0,1598),(36004,NULL,'7-4',0,1598),(36005,NULL,'7-5',0,1598),(36006,NULL,'7-6',0,1598),(36007,NULL,'7-7',0,1598),(36008,NULL,'7-8',0,1598),(36009,NULL,'7-9',0,1598),(36010,NULL,'7-10',0,1598),(36011,NULL,'7-11',0,1598),(36012,NULL,'7-12',0,1598),(36013,NULL,'7-13',0,1598),(36014,NULL,'7-14',0,1598),(36015,NULL,'7-15',0,1598),(36016,NULL,'7-16',0,1598),(36017,NULL,'7-17',0,1598),(36018,NULL,'7-18',0,1598),(36019,NULL,'7-19',0,1598),(36020,NULL,'7-20',0,1598),(36021,NULL,'7-21',0,1598),(36022,NULL,'7-22',0,1598),(36023,NULL,'7-23',0,1598),(36024,NULL,'7-24',0,1598),(36025,NULL,'7-25',0,1598),(36026,NULL,'7-26',0,1598),(36027,NULL,'7-27',0,1598),(36028,NULL,'7-28',0,1598),(36029,NULL,'7-29',0,1598),(36030,NULL,'7-30',0,1598),(36031,NULL,'8-1',0,1599),(36032,NULL,'8-2',0,1599),(36033,NULL,'8-3',0,1599),(36034,NULL,'8-4',0,1599),(36035,NULL,'8-5',0,1599),(36036,NULL,'8-6',0,1599),(36037,NULL,'8-7',0,1599),(36038,NULL,'8-8',0,1599),(36039,NULL,'8-9',0,1599),(36040,NULL,'8-10',0,1599),(36041,NULL,'8-11',0,1599),(36042,NULL,'8-12',0,1599),(36043,NULL,'8-13',0,1599),(36044,NULL,'8-14',0,1599),(36045,NULL,'8-15',0,1599),(36046,NULL,'8-16',0,1599),(36047,NULL,'8-17',0,1599),(36048,NULL,'8-18',0,1599),(36049,NULL,'8-19',0,1599),(36050,NULL,'8-20',0,1599),(36051,NULL,'8-21',0,1599),(36052,NULL,'8-22',0,1599),(36053,NULL,'8-23',0,1599),(36054,NULL,'8-24',0,1599),(36055,NULL,'8-25',0,1599),(36056,NULL,'8-26',0,1599),(36057,NULL,'8-27',0,1599),(36058,NULL,'8-28',0,1599),(36059,NULL,'8-29',0,1599),(36060,NULL,'8-30',0,1599),(36061,NULL,'9-1',0,1600),(36062,NULL,'9-2',0,1600),(36063,NULL,'9-3',0,1600),(36064,NULL,'9-4',0,1600),(36065,NULL,'9-5',0,1600),(36066,NULL,'9-6',0,1600),(36067,NULL,'9-7',0,1600),(36068,NULL,'9-8',0,1600),(36069,NULL,'9-9',0,1600),(36070,NULL,'9-10',0,1600),(36071,NULL,'9-11',0,1600),(36072,NULL,'9-12',0,1600),(36073,NULL,'9-13',0,1600),(36074,NULL,'9-14',0,1600),(36075,NULL,'9-15',0,1600),(36076,NULL,'9-16',0,1600),(36077,NULL,'9-17',0,1600),(36078,NULL,'9-18',0,1600),(36079,NULL,'9-19',0,1600),(36080,NULL,'9-20',0,1600),(36081,NULL,'9-21',0,1600),(36082,NULL,'9-22',0,1600),(36083,NULL,'9-23',0,1600),(36084,NULL,'9-24',0,1600),(36085,NULL,'9-25',0,1600),(36086,NULL,'9-26',0,1600),(36087,NULL,'9-27',0,1600),(36088,NULL,'9-28',0,1600),(36089,NULL,'9-29',0,1600),(36090,NULL,'9-30',0,1600),(36091,NULL,'11-1',0,1601),(36092,NULL,'11-2',0,1601),(36093,NULL,'11-3',0,1601),(36094,NULL,'11-4',0,1601),(36095,NULL,'11-5',0,1601),(36096,NULL,'11-6',0,1601),(36097,NULL,'11-7',0,1601),(36098,NULL,'11-8',0,1601),(36099,NULL,'11-9',0,1601),(36100,NULL,'11-10',0,1601),(36101,NULL,'11-11',0,1601),(36102,NULL,'11-12',0,1601),(36103,NULL,'11-13',0,1601),(36104,NULL,'11-14',0,1601),(36105,NULL,'11-15',0,1601),(36106,NULL,'11-16',0,1601),(36107,NULL,'11-17',0,1601),(36108,NULL,'11-18',0,1601),(36109,NULL,'11-19',0,1601),(36110,NULL,'11-20',0,1601),(36111,NULL,'11-21',0,1601),(36112,NULL,'11-22',0,1601),(36113,NULL,'11-23',0,1601),(36114,NULL,'11-24',0,1601),(36115,NULL,'11-25',0,1601),(36116,NULL,'11-26',0,1601),(36117,NULL,'11-27',0,1601),(36118,NULL,'11-28',0,1601),(36119,NULL,'11-29',0,1601),(36120,NULL,'11-30',0,1601),(36121,NULL,'12-1',0,1602),(36122,NULL,'12-2',0,1602),(36123,NULL,'12-3',0,1602),(36124,NULL,'12-4',0,1602),(36125,NULL,'12-5',0,1602),(36126,NULL,'12-6',0,1602),(36127,NULL,'12-7',0,1602),(36128,NULL,'12-8',0,1602),(36129,NULL,'12-9',0,1602),(36130,NULL,'12-10',0,1602),(36131,NULL,'12-11',0,1602),(36132,NULL,'12-12',0,1602),(36133,NULL,'12-13',0,1602),(36134,NULL,'12-14',0,1602),(36135,NULL,'12-15',0,1602),(36136,NULL,'12-16',0,1602),(36137,NULL,'12-17',0,1602),(36138,NULL,'12-18',0,1602),(36139,NULL,'12-19',0,1602),(36140,NULL,'12-20',0,1602),(36141,NULL,'12-21',0,1602),(36142,NULL,'12-22',0,1602),(36143,NULL,'12-23',0,1602),(36144,NULL,'12-24',0,1602),(36145,NULL,'12-25',0,1602),(36146,NULL,'12-26',0,1602),(36147,NULL,'12-27',0,1602),(36148,NULL,'12-28',0,1602),(36149,NULL,'12-29',0,1602),(36150,NULL,'12-30',0,1602),(36151,NULL,'13-1',0,1603),(36152,NULL,'13-2',0,1603),(36153,NULL,'13-3',0,1603),(36154,NULL,'13-4',0,1603),(36155,NULL,'13-5',0,1603),(36156,NULL,'13-6',0,1603),(36157,NULL,'13-7',0,1603),(36158,NULL,'13-8',0,1603),(36159,NULL,'13-9',0,1603),(36160,NULL,'13-10',0,1603),(36161,NULL,'13-11',0,1603),(36162,NULL,'13-12',0,1603),(36163,NULL,'13-13',0,1603),(36164,NULL,'13-14',0,1603),(36165,NULL,'13-15',0,1603),(36166,NULL,'13-16',0,1603),(36167,NULL,'13-17',0,1603),(36168,NULL,'13-18',0,1603),(36169,NULL,'13-19',0,1603),(36170,NULL,'13-20',0,1603),(36171,NULL,'13-21',0,1603),(36172,NULL,'13-22',0,1603),(36173,NULL,'13-23',0,1603),(36174,NULL,'13-24',0,1603),(36175,NULL,'13-25',0,1603),(36176,NULL,'13-26',0,1603),(36177,NULL,'13-27',0,1603),(36178,NULL,'13-28',0,1603),(36179,NULL,'13-29',0,1603),(36180,NULL,'13-30',0,1603),(36181,NULL,'14-1',0,1604),(36182,NULL,'14-2',0,1604),(36183,NULL,'14-3',0,1604),(36184,NULL,'14-4',0,1604),(36185,NULL,'14-5',0,1604),(36186,NULL,'14-6',0,1604),(36187,NULL,'14-7',0,1604),(36188,NULL,'14-8',0,1604),(36189,NULL,'14-9',0,1604),(36190,NULL,'14-10',0,1604),(36191,NULL,'14-11',0,1604),(36192,NULL,'14-12',0,1604),(36193,NULL,'14-13',0,1604),(36194,NULL,'14-14',0,1604),(36195,NULL,'14-15',0,1604),(36196,NULL,'14-16',0,1604),(36197,NULL,'14-17',0,1604),(36198,NULL,'14-18',0,1604),(36199,NULL,'14-19',0,1604),(36200,NULL,'14-20',0,1604),(36201,NULL,'14-21',0,1604),(36202,NULL,'14-22',0,1604),(36203,NULL,'14-23',0,1604),(36204,NULL,'14-24',0,1604),(36205,NULL,'14-25',0,1604),(36206,NULL,'14-26',0,1604),(36207,NULL,'14-27',0,1604),(36208,NULL,'14-28',0,1604),(36209,NULL,'14-29',0,1604),(36210,NULL,'14-30',0,1604),(36211,NULL,'A-1',0,1605),(36212,NULL,'A-2',0,1605),(36213,NULL,'A-3',0,1605),(36214,NULL,'A-4',0,1605),(36215,NULL,'A-5',0,1605),(36216,NULL,'A-6',0,1605),(36217,NULL,'A-7',0,1605),(36218,NULL,'A-8',0,1605),(36219,NULL,'A-9',0,1605),(36220,NULL,'A-10',0,1605),(36221,NULL,'A-11',0,1605),(36222,NULL,'A-12',0,1605),(36223,NULL,'A-13',0,1605),(36224,NULL,'A-14',0,1605),(36225,NULL,'A-15',0,1605),(36226,NULL,'A-16',0,1605),(36227,NULL,'A-17',0,1605),(36228,NULL,'A-18',0,1605),(36229,NULL,'A-19',0,1605),(36230,NULL,'A-20',0,1605),(36231,NULL,'A-21',0,1605),(36232,NULL,'A-22',0,1605),(36233,NULL,'A-23',0,1605),(36234,NULL,'A-24',0,1605),(36235,NULL,'A-25',0,1605),(36236,NULL,'A-26',0,1605),(36237,NULL,'A-27',0,1605),(36238,NULL,'A-28',0,1605),(36239,NULL,'A-29',0,1605),(36240,NULL,'A-30',0,1605),(36241,NULL,'B-1',0,1606),(36242,NULL,'B-2',0,1606),(36243,NULL,'B-3',0,1606),(36244,NULL,'B-4',0,1606),(36245,NULL,'B-5',0,1606),(36246,NULL,'B-6',0,1606),(36247,NULL,'B-7',0,1606),(36248,NULL,'B-8',0,1606),(36249,NULL,'B-9',0,1606),(36250,NULL,'B-10',0,1606),(36251,NULL,'B-11',0,1606),(36252,NULL,'B-12',0,1606),(36253,NULL,'B-13',0,1606),(36254,NULL,'B-14',0,1606),(36255,NULL,'B-15',0,1606),(36256,NULL,'B-16',0,1606),(36257,NULL,'B-17',0,1606),(36258,NULL,'B-18',0,1606),(36259,NULL,'B-19',0,1606),(36260,NULL,'B-20',0,1606),(36261,NULL,'B-21',0,1606),(36262,NULL,'B-22',0,1606),(36263,NULL,'B-23',0,1606),(36264,NULL,'B-24',0,1606),(36265,NULL,'B-25',0,1606),(36266,NULL,'B-26',0,1606),(36267,NULL,'B-27',0,1606),(36268,NULL,'B-28',0,1606),(36269,NULL,'B-29',0,1606),(36270,NULL,'B-30',0,1606),(36271,NULL,'C-1',0,1607),(36272,NULL,'C-2',0,1607),(36273,NULL,'C-3',0,1607),(36274,NULL,'C-4',0,1607),(36275,NULL,'C-5',0,1607),(36276,NULL,'C-6',0,1607),(36277,NULL,'C-7',0,1607),(36278,NULL,'C-8',0,1607),(36279,NULL,'C-9',0,1607),(36280,NULL,'C-10',0,1607),(36281,NULL,'C-11',0,1607),(36282,NULL,'C-12',0,1607),(36283,NULL,'C-13',0,1607),(36284,NULL,'C-14',0,1607),(36285,NULL,'C-15',0,1607),(36286,NULL,'C-16',0,1607),(36287,NULL,'C-17',0,1607),(36288,NULL,'C-18',0,1607),(36289,NULL,'C-19',0,1607),(36290,NULL,'C-20',0,1607),(36291,NULL,'C-21',0,1607),(36292,NULL,'C-22',0,1607),(36293,NULL,'C-23',0,1607),(36294,NULL,'C-24',0,1607),(36295,NULL,'C-25',0,1607),(36296,NULL,'C-26',0,1607),(36297,NULL,'C-27',0,1607),(36298,NULL,'C-28',0,1607),(36299,NULL,'C-29',0,1607),(36300,NULL,'C-30',0,1607),(36301,NULL,'D-1',0,1608),(36302,NULL,'D-2',0,1608),(36303,NULL,'D-3',0,1608),(36304,NULL,'D-4',0,1608),(36305,NULL,'D-5',0,1608),(36306,NULL,'D-6',0,1608),(36307,NULL,'D-7',0,1608),(36308,NULL,'D-8',0,1608),(36309,NULL,'D-9',0,1608),(36310,NULL,'D-10',0,1608),(36311,NULL,'D-11',0,1608),(36312,NULL,'D-12',0,1608),(36313,NULL,'D-13',0,1608),(36314,NULL,'D-14',0,1608),(36315,NULL,'D-15',0,1608),(36316,NULL,'D-16',0,1608),(36317,NULL,'D-17',0,1608),(36318,NULL,'D-18',0,1608),(36319,NULL,'D-19',0,1608),(36320,NULL,'D-20',0,1608),(36321,NULL,'D-21',0,1608),(36322,NULL,'D-22',0,1608),(36323,NULL,'D-23',0,1608),(36324,NULL,'D-24',0,1608),(36325,NULL,'D-25',0,1608),(36326,NULL,'D-26',0,1608),(36327,NULL,'D-27',0,1608),(36328,NULL,'D-28',0,1608),(36329,NULL,'D-29',0,1608),(36330,NULL,'D-30',0,1608);
/*!40000 ALTER TABLE `seat` ENABLE KEYS */;
UNLOCK TABLES;

--
-- Table structure for table `section`
--

DROP TABLE IF EXISTS `section`;
/*!40101 SET @saved_cs_client     = @@character_set_client */;
/*!50503 SET character_set_client = utf8mb4 */;
CREATE TABLE `section` (
  `section_id` bigint NOT NULL AUTO_INCREMENT,
  `name` varchar(255) COLLATE utf8mb4_unicode_ci DEFAULT NULL,
  `times_id` bigint DEFAULT NULL,
  PRIMARY KEY (`section_id`),
  KEY `FKtj96wiyhoyrq92snj907spvl5` (`times_id`),
  CONSTRAINT `FKtj96wiyhoyrq92snj907spvl5` FOREIGN KEY (`times_id`) REFERENCES `times` (`times_id`)
) ENGINE=InnoDB AUTO_INCREMENT=1609 DEFAULT CHARSET=utf8mb4 COLLATE=utf8mb4_unicode_ci;
/*!40101 SET character_set_client = @saved_cs_client */;

--
-- Dumping data for table `section`
--

LOCK TABLES `section` WRITE;
/*!40000 ALTER TABLE `section` DISABLE KEYS */;
INSERT INTO `section` VALUES (1459,'1',109),(1460,'3',109),(1461,'4',109),(1462,'5',109),(1463,'6',109),(1464,'7',109),(1465,'8',109),(1466,'10',109),(1467,'11',109),(1468,'12',109),(1469,'13',109),(1470,'14',109),(1471,'15',109),(1472,'A',109),(1473,'B',109),(1474,'C',109),(1475,'D',109),(1476,'E',109),(1477,'1',110),(1478,'3',110),(1479,'4',110),(1480,'5',110),(1481,'6',110),(1482,'7',110),(1483,'8',110),(1484,'10',110),(1485,'11',110),(1486,'12',110),(1487,'13',110),(1488,'14',110),(1489,'15',110),(1490,'A',110),(1491,'B',110),(1492,'C',110),(1493,'D',110),(1494,'E',110),(1495,'1',111),(1496,'3',111),(1497,'4',111),(1498,'5',111),(1499,'6',111),(1500,'7',111),(1501,'8',111),(1502,'10',111),(1503,'11',111),(1504,'12',111),(1505,'13',111),(1506,'14',111),(1507,'15',111),(1508,'A',111),(1509,'B',111),(1510,'C',111),(1511,'D',111),(1512,'E',111),(1513,'가',112),(1514,'나',112),(1515,'다',112),(1516,'라',112),(1517,'B1',112),(1518,'B2',112),(1519,'D1',112),(1520,'D2',112),(1521,'가',113),(1522,'나',113),(1523,'다',113),(1524,'라',113),(1525,'B1',113),(1526,'B2',113),(1527,'D1',113),(1528,'D2',113),(1529,'A',114),(1530,'B',114),(1531,'가',114),(1532,'나',114),(1533,'1',115),(1534,'2',115),(1535,'3',115),(1536,'4',115),(1537,'5',115),(1538,'6',115),(1539,'A',115),(1540,'B',115),(1541,'C',115),(1542,'D',115),(1543,'1',116),(1544,'2',116),(1545,'3',116),(1546,'4',116),(1547,'5',116),(1548,'6',116),(1549,'A',116),(1550,'B',116),(1551,'C',116),(1552,'D',116),(1553,'3',117),(1554,'4',117),(1555,'5',117),(1556,'6',117),(1557,'8',117),(1558,'10',117),(1559,'11',117),(1560,'12',117),(1561,'13',117),(1562,'14',117),(1563,'15',117),(1564,'A',117),(1565,'B',117),(1566,'C',117),(1567,'3',118),(1568,'4',118),(1569,'5',118),(1570,'6',118),(1571,'8',118),(1572,'10',118),(1573,'11',118),(1574,'12',118),(1575,'13',118),(1576,'14',118),(1577,'15',118),(1578,'A',118),(1579,'B',118),(1580,'C',118),(1581,'3',119),(1582,'4',119),(1583,'5',119),(1584,'6',119),(1585,'8',119),(1586,'10',119),(1587,'11',119),(1588,'12',119),(1589,'13',119),(1590,'14',119),(1591,'15',119),(1592,'A',119),(1593,'B',119),(1594,'C',119),(1595,'4',120),(1596,'5',120),(1597,'6',120),(1598,'7',120),(1599,'8',120),(1600,'9',120),(1601,'11',120),(1602,'12',120),(1603,'13',120),(1604,'14',120),(1605,'A',121),(1606,'B',121),(1607,'C',121),(1608,'D',121);
/*!40000 ALTER TABLE `section` ENABLE KEYS */;
UNLOCK TABLES;

--
-- Table structure for table `times`
--

DROP TABLE IF EXISTS `times`;
/*!40101 SET @saved_cs_client     = @@character_set_client */;
/*!50503 SET character_set_client = utf8mb4 */;
CREATE TABLE `times` (
  `times_id` bigint NOT NULL AUTO_INCREMENT,
  `date` varchar(255) COLLATE utf8mb4_unicode_ci DEFAULT NULL,
  `concert_id` bigint DEFAULT NULL,
  PRIMARY KEY (`times_id`),
  KEY `FKqkhr7kx4y609s5sovnc2qfm95` (`concert_id`),
  CONSTRAINT `FKqkhr7kx4y609s5sovnc2qfm95` FOREIGN KEY (`concert_id`) REFERENCES `concert` (`concert_id`)
) ENGINE=InnoDB AUTO_INCREMENT=122 DEFAULT CHARSET=utf8mb4 COLLATE=utf8mb4_unicode_ci;
/*!40101 SET character_set_client = @saved_cs_client */;

--
-- Dumping data for table `times`
--

LOCK TABLES `times` WRITE;
/*!40000 ALTER TABLE `times` DISABLE KEYS */;
INSERT INTO `times` VALUES (109,'2022-04-051400',53),(110,'2022-04-061400',53),(111,'2022-04-062200',53),(112,'2022-01-151800',54),(113,'2022-01-161800',54),(114,'2022-05-101200',55),(115,'2022-04-081900',56),(116,'2022-04-092000',56),(117,'2022-04-172000',57),(118,'2022-04-181800',57),(119,'2022-04-191700',57),(120,'2022-05-101200',58),(121,'2022-05-302000',59);
/*!40000 ALTER TABLE `times` ENABLE KEYS */;
UNLOCK TABLES;

--
-- Table structure for table `uri_data`
--

DROP TABLE IF EXISTS `uri_data`;
/*!40101 SET @saved_cs_client     = @@character_set_client */;
/*!50503 SET character_set_client = utf8mb4 */;
CREATE TABLE `uri_data` (
  `id` bigint NOT NULL AUTO_INCREMENT,
  `area` varchar(255) COLLATE utf8mb4_unicode_ci DEFAULT NULL,
  `artists` varchar(255) COLLATE utf8mb4_unicode_ci DEFAULT NULL,
  `date` varchar(255) COLLATE utf8mb4_unicode_ci DEFAULT NULL,
  `img` varchar(255) COLLATE utf8mb4_unicode_ci DEFAULT NULL,
  `place` varchar(255) COLLATE utf8mb4_unicode_ci DEFAULT NULL,
  `price` varchar(255) COLLATE utf8mb4_unicode_ci DEFAULT NULL,
  `seat` varchar(255) COLLATE utf8mb4_unicode_ci DEFAULT NULL,
  `time` varchar(255) COLLATE utf8mb4_unicode_ci DEFAULT NULL,
  `title` varchar(255) COLLATE utf8mb4_unicode_ci DEFAULT NULL,
  PRIMARY KEY (`id`)
) ENGINE=InnoDB AUTO_INCREMENT=46 DEFAULT CHARSET=utf8mb4 COLLATE=utf8mb4_unicode_ci;
/*!40101 SET character_set_client = @saved_cs_client */;

--
-- Dumping data for table `uri_data`
--

LOCK TABLES `uri_data` WRITE;
/*!40000 ALTER TABLE `uri_data` DISABLE KEYS */;
INSERT INTO `uri_data` VALUES (1,'5','[{\"id\":31,\"name\":\"RedVelvet\"}]','2022-04-06','{\"gif\":\"http://j6b108.p.ssafy.io:9090/files/URIImg/67f423d2-99fd-4147-8e54-a8ed9bd04f28_yeri.gif\",\"mp4\":\"http://j6b108.p.ssafy.io:9090/files/URIImg/14158be5-cd7a-4208-87af-79cbc6c43db0_yeri.mp4\"}','서울 올림픽 공원','10','{\"id\":25948,\"seat\":\"12\",\"status\":0}','14:00','The ReVe Festival'),(2,'5','[{\"id\":31,\"name\":\"RedVelvet\"}]','2022-04-06','{\"gif\":\"http://j6b108.p.ssafy.io:9090/files/URIImg/5bf5f272-fee3-4e5a-b601-6d317b9300ce_irin.gif\",\"mp4\":\"http://j6b108.p.ssafy.io:9090/files/URIImg/85a90a99-8b77-4e2f-931b-6bd5e145614b_irin.mp4\"}','서울 올림픽 공원','10','{\"id\":25948,\"seat\":\"12\",\"status\":0}','14:00','The ReVe Festival'),(3,'5','[{\"id\":31,\"name\":\"RedVelvet\"}]','2022-04-06','{\"gif\":\"http://j6b108.p.ssafy.io:9090/files/URIImg/67f423d2-99fd-4147-8e54-a8ed9bd04f28_yeri.gif\",\"mp4\":\"http://j6b108.p.ssafy.io:9090/files/URIImg/14158be5-cd7a-4208-87af-79cbc6c43db0_yeri.mp4\"}','서울 올림픽 공원','10','{\"id\":25948,\"seat\":\"12\",\"status\":0}','14:00','The ReVe Festival'),(4,'5','[{\"id\":31,\"name\":\"RedVelvet\"}]','2022-04-06','{\"gif\":\"http://j6b108.p.ssafy.io:9090/files/URIImg/23b49dea-cf68-4b96-92e6-fb89c8de3025_sulgi.gif\",\"mp4\":\"http://j6b108.p.ssafy.io:9090/files/URIImg/7f059f72-4ef4-41c6-a43a-939078c850a6_sulgi.mp4\"}','서울 올림픽 공원','10','{\"id\":25948,\"seat\":\"12\",\"status\":0}','14:00','The ReVe Festival'),(5,'5','[{\"id\":31,\"name\":\"RedVelvet\"}]','2022-04-06','{\"gif\":\"http://j6b108.p.ssafy.io:9090/files/URIImg/5bf5f272-fee3-4e5a-b601-6d317b9300ce_irin.gif\",\"mp4\":\"http://j6b108.p.ssafy.io:9090/files/URIImg/85a90a99-8b77-4e2f-931b-6bd5e145614b_irin.mp4\"}','서울 올림픽 공원','10','{\"id\":25948,\"seat\":\"12\",\"status\":0}','14:00','The ReVe Festival'),(6,'3','[{\"id\":31,\"name\":\"RedVelvet\"}]','2022-04-06','{\"gif\":\"http://j6b108.p.ssafy.io:9090/files/URIImg/5bf5f272-fee3-4e5a-b601-6d317b9300ce_irin.gif\",\"mp4\":\"http://j6b108.p.ssafy.io:9090/files/URIImg/85a90a99-8b77-4e2f-931b-6bd5e145614b_irin.mp4\"}','서울 올림픽 공원','10','{\"id\":26348,\"seat\":\"12\",\"status\":0}','22:00','The ReVe Festival'),(7,'3','[{\"id\":31,\"name\":\"RedVelvet\"}]','2022-04-06','{\"gif\":\"http://j6b108.p.ssafy.io:9090/files/URIImg/c82d7133-45e3-4e80-8c73-d9a85189fb98_wendy.gif\",\"mp4\":\"http://j6b108.p.ssafy.io:9090/files/URIImg/1daac042-dc74-499e-8fa0-1e10ee58111d_wendy.mp4\"}','서울 올림픽 공원','10','{\"id\":26348,\"seat\":\"12\",\"status\":0}','22:00','The ReVe Festival'),(8,'1','[{\"id\":32,\"name\":\"Brave_Girls\"}]','2022-01-15','{\"gif\":\"http://j6b108.p.ssafy.io:9090/files/URIImg/f3e46197-2380-45a7-8ae5-8c45ae4f8637_1.gif\",\"mp4\":\"http://j6b108.p.ssafy.io:9090/files/URIImg/9da8264f-e9e6-412d-85a2-6a02e1cb839a_1.mp4\"}','올림픽공원 올림픽홀','12','{\"id\":26777,\"seat\":\"1\",\"status\":0}','18:00','2022 Brave Girls 1st CONCERT ［THE BRAVE GIRLS SHOW］'),(9,'1','[{\"id\":32,\"name\":\"Brave_Girls\"}]','2022-01-15','{\"gif\":\"http://j6b108.p.ssafy.io:9090/files/URIImg/f3e46197-2380-45a7-8ae5-8c45ae4f8637_1.gif\",\"mp4\":\"http://j6b108.p.ssafy.io:9090/files/URIImg/9da8264f-e9e6-412d-85a2-6a02e1cb839a_1.mp4\"}','올림픽공원 올림픽홀','12','{\"id\":26778,\"seat\":\"2\",\"status\":0}','18:00','2022 Brave Girls 1st CONCERT ［THE BRAVE GIRLS SHOW］'),(10,'1','[{\"id\":32,\"name\":\"Brave_Girls\"}]','2022-01-15','{\"gif\":\"http://j6b108.p.ssafy.io:9090/files/URIImg/dd94baee-e8fc-4a3c-979e-fe849a7b12b5_2.gif\",\"mp4\":\"http://j6b108.p.ssafy.io:9090/files/URIImg/ca8033cd-0dd4-486e-932d-036042e1bbc3_2.mp4\"}','올림픽공원 올림픽홀','12','{\"id\":26779,\"seat\":\"3\",\"status\":0}','18:00','2022 Brave Girls 1st CONCERT ［THE BRAVE GIRLS SHOW］'),(11,'1','[{\"id\":32,\"name\":\"Brave_Girls\"}]','2022-01-15','{\"gif\":\"http://j6b108.p.ssafy.io:9090/files/URIImg/5fd90fb6-c393-49d7-b3f3-27b91ba867c6_3.gif\",\"mp4\":\"http://j6b108.p.ssafy.io:9090/files/URIImg/98131de8-e712-402e-bd46-c202cab267d1_3.mp4\"}','올림픽공원 올림픽홀','12','{\"id\":26780,\"seat\":\"4\",\"status\":0}','18:00','2022 Brave Girls 1st CONCERT ［THE BRAVE GIRLS SHOW］'),(12,'1','[{\"id\":32,\"name\":\"Brave_Girls\"}]','2022-01-15','{\"gif\":\"http://j6b108.p.ssafy.io:9090/files/URIImg/dd94baee-e8fc-4a3c-979e-fe849a7b12b5_2.gif\",\"mp4\":\"http://j6b108.p.ssafy.io:9090/files/URIImg/ca8033cd-0dd4-486e-932d-036042e1bbc3_2.mp4\"}','올림픽공원 올림픽홀','12','{\"id\":26781,\"seat\":\"5\",\"status\":0}','18:00','2022 Brave Girls 1st CONCERT ［THE BRAVE GIRLS SHOW］'),(13,'1','[{\"id\":32,\"name\":\"Brave_Girls\"}]','2022-01-15','{\"gif\":\"http://j6b108.p.ssafy.io:9090/files/URIImg/f3e46197-2380-45a7-8ae5-8c45ae4f8637_1.gif\",\"mp4\":\"http://j6b108.p.ssafy.io:9090/files/URIImg/9da8264f-e9e6-412d-85a2-6a02e1cb839a_1.mp4\"}','올림픽공원 올림픽홀','12','{\"id\":26782,\"seat\":\"6\",\"status\":0}','18:00','2022 Brave Girls 1st CONCERT ［THE BRAVE GIRLS SHOW］'),(14,'1','[{\"id\":32,\"name\":\"Brave_Girls\"}]','2022-01-16','{\"gif\":\"http://j6b108.p.ssafy.io:9090/files/URIImg/dd94baee-e8fc-4a3c-979e-fe849a7b12b5_2.gif\",\"mp4\":\"http://j6b108.p.ssafy.io:9090/files/URIImg/ca8033cd-0dd4-486e-932d-036042e1bbc3_2.mp4\"}','올림픽공원 올림픽홀','12','{\"id\":26808,\"seat\":\"12\",\"status\":0}','18:00','2022 Brave Girls 1st CONCERT ［THE BRAVE GIRLS SHOW］'),(15,'1','[{\"id\":32,\"name\":\"Brave_Girls\"}]','2022-01-15','{\"gif\":\"http://j6b108.p.ssafy.io:9090/files/URIImg/dd94baee-e8fc-4a3c-979e-fe849a7b12b5_2.gif\",\"mp4\":\"http://j6b108.p.ssafy.io:9090/files/URIImg/ca8033cd-0dd4-486e-932d-036042e1bbc3_2.mp4\"}','올림픽공원 올림픽홀','12','{\"id\":26783,\"seat\":\"7\",\"status\":0}','18:00','2022 Brave Girls 1st CONCERT ［THE BRAVE GIRLS SHOW］'),(16,'1','[{\"id\":32,\"name\":\"Brave_Girls\"}]','2022-01-15','{\"gif\":\"http://j6b108.p.ssafy.io:9090/files/URIImg/5fd90fb6-c393-49d7-b3f3-27b91ba867c6_3.gif\",\"mp4\":\"http://j6b108.p.ssafy.io:9090/files/URIImg/98131de8-e712-402e-bd46-c202cab267d1_3.mp4\"}','올림픽공원 올림픽홀','12','{\"id\":26784,\"seat\":\"8\",\"status\":0}','18:00','2022 Brave Girls 1st CONCERT ［THE BRAVE GIRLS SHOW］'),(17,'1','[{\"id\":32,\"name\":\"Brave_Girls\"}]','2022-01-16','{\"gif\":\"http://j6b108.p.ssafy.io:9090/files/URIImg/dd94baee-e8fc-4a3c-979e-fe849a7b12b5_2.gif\",\"mp4\":\"http://j6b108.p.ssafy.io:9090/files/URIImg/ca8033cd-0dd4-486e-932d-036042e1bbc3_2.mp4\"}','올림픽공원 올림픽홀','12','{\"id\":26797,\"seat\":\"1\",\"status\":0}','18:00','2022 Brave Girls 1st CONCERT ［THE BRAVE GIRLS SHOW］'),(18,'1','[{\"id\":34,\"name\":\"123\"}]','2020-02-02','{\"gif\":\"http://j6b108.p.ssafy.io:9090/files/URIImg/cd7a19c5-69a2-4439-8acb-02d421dc984d_0h2.gif\",\"mp4\":\"http://j6b108.p.ssafy.io:9090/files/URIImg/74bb2d15-f1ad-4ec9-afd9-9a0cfa9ed563_ezgif.com-gif-maker (23).mp4\"}','123213123132','1','{\"id\":26848,\"seat\":\"12\",\"status\":0}','00:00','asfsdfasdfasdfas'),(19,'가','[{\"id\":39,\"name\":\"BRAVE_GIRLS\"}]','2022-01-15','{\"gif\":\"http://j6b108.p.ssafy.io:9090/files/URIImg/6ca24edd-b73f-41e5-bafd-d3c5fd26f18b_2.gif\",\"mp4\":\"http://j6b108.p.ssafy.io:9090/files/URIImg/ea2a9991-1a4f-46fe-bc11-d307c0eb438a_2.mp4\"}','올림픽공원 올림픽홀','10','{\"id\":28177,\"seat\":\"1\",\"status\":0}','18:00','2022 Brave Girls 1st CONCERT ［THE BRAVE GIRLS SHOW］'),(20,'A','[{\"id\":42,\"name\":\"OY_MY_GIRL\"}]','2022-05-10','{\"gif\":\"http://j6b108.p.ssafy.io:9090/files/URIImg/e84f0044-672f-4fcc-a635-e1db2fda91c9_oh3.gif\",\"mp4\":\"http://j6b108.p.ssafy.io:9090/files/URIImg/dbd4e0d8-2503-427c-bfe8-52907bd0e0d2_ezgif.com-gif-maker (25).mp4\"}','서울 잠실','13','{\"id\":28627,\"seat\":\"11\",\"status\":0}','12:00','MY GIRL CONCERT 겨울동화 : The Lost Memory'),(21,'가','[{\"id\":39,\"name\":\"BRAVE_GIRLS\"}]','2022-01-15','{\"gif\":\"http://j6b108.p.ssafy.io:9090/files/URIImg/6ca24edd-b73f-41e5-bafd-d3c5fd26f18b_2.gif\",\"mp4\":\"http://j6b108.p.ssafy.io:9090/files/URIImg/ea2a9991-1a4f-46fe-bc11-d307c0eb438a_2.mp4\"}','올림픽공원 올림픽홀','10','{\"id\":28196,\"seat\":\"20\",\"status\":0}','18:00','2022 Brave Girls 1st CONCERT ［THE BRAVE GIRLS SHOW］'),(22,'A','[{\"id\":42,\"name\":\"OY_MY_GIRL\"}]','2022-05-10','{\"gif\":\"http://j6b108.p.ssafy.io:9090/files/URIImg/e84f0044-672f-4fcc-a635-e1db2fda91c9_oh3.gif\",\"mp4\":\"http://j6b108.p.ssafy.io:9090/files/URIImg/dbd4e0d8-2503-427c-bfe8-52907bd0e0d2_ezgif.com-gif-maker (25).mp4\"}','서울 잠실','13','{\"id\":28637,\"seat\":\"21\",\"status\":0}','12:00','MY GIRL CONCERT 겨울동화 : The Lost Memory'),(23,'나','[{\"id\":39,\"name\":\"BRAVE_GIRLS\"}]','2022-01-15','{\"gif\":\"http://j6b108.p.ssafy.io:9090/files/URIImg/777e0022-b85c-42ae-9161-2fab9a2b5c9e_3.gif\",\"mp4\":\"http://j6b108.p.ssafy.io:9090/files/URIImg/553a2bef-d130-489f-9dd9-3dc4633ab101_3.mp4\"}','올림픽공원 올림픽홀','10','{\"id\":28200,\"seat\":\"4\",\"status\":0}','18:00','2022 Brave Girls 1st CONCERT ［THE BRAVE GIRLS SHOW］'),(24,'1','[{\"id\":43,\"name\":\"1\"}]','2021-03-03','{\"gif\":\"http://j6b108.p.ssafy.io:9090/files/URIImg/a3609d0f-3be4-4be4-bd5c-a44738ed4ac2_1.gif\",\"mp4\":\"http://j6b108.p.ssafy.io:9090/files/URIImg/a04e4295-a905-4f69-9bac-d6f74d43c46c_1.mp4\"}','1','1','{\"id\":28677,\"seat\":\"1\",\"status\":0}','09:00','판매등록 테스트'),(25,'A','[{\"id\":42,\"name\":\"OY_MY_GIRL\"}]','2022-05-10','{\"gif\":\"http://j6b108.p.ssafy.io:9090/files/URIImg/fe938840-998c-4ce7-bed7-85b697760f01_0h2.gif\",\"mp4\":\"http://j6b108.p.ssafy.io:9090/files/URIImg/cd5f5e65-5626-44c2-bbc9-0ac74599ceb4_ezgif.com-gif-maker (23).mp4\"}','서울 잠실','13','{\"id\":28644,\"seat\":\"28\",\"status\":0}','12:00','MY GIRL CONCERT 겨울동화 : The Lost Memory'),(26,'3','[{\"id\":47,\"name\":\"IU\"}]','2022-04-16','{\"gif\":\"http://j6b108.p.ssafy.io:9090/files/URIImg/96d09e11-87c8-4660-ac6d-5c3000637859_iu3.gif\",\"mp4\":\"http://j6b108.p.ssafy.io:9090/files/URIImg/61e9a546-8f8b-4aa4-9797-21a0182b9f22_iu3.video.mp4\"}','서울 고척 스카이돔','12','{\"id\":31414,\"seat\":\"16\",\"status\":0}','19:00','2019 아이유 투어 콘서트 〈LOVE， POEM〉－서울'),(27,'2','[{\"id\":47,\"name\":\"IU\"}]','2022-04-17','{\"gif\":\"http://j6b108.p.ssafy.io:9090/files/URIImg/96d09e11-87c8-4660-ac6d-5c3000637859_iu3.gif\",\"mp4\":\"http://j6b108.p.ssafy.io:9090/files/URIImg/61e9a546-8f8b-4aa4-9797-21a0182b9f22_iu3.video.mp4\"}','서울 고척 스카이돔','12','{\"id\":31589,\"seat\":\"11\",\"status\":0}','19:00','2019 아이유 투어 콘서트 〈LOVE， POEM〉－서울'),(28,'B1','[{\"id\":45,\"name\":\"BRAVE_GIRLS\"}]','2022-01-15','{\"gif\":\"http://j6b108.p.ssafy.io:9090/files/URIImg/8d0a7afa-5067-44c8-ba99-7c019fcf59e6_2.gif\",\"mp4\":\"http://j6b108.p.ssafy.io:9090/files/URIImg/903cb78d-6e85-4c4d-8539-1e4c4ce3126e_2.mp4\"}','올림픽공원 올림픽홀','15','{\"id\":29318,\"seat\":\"30\",\"status\":0}','18:00','2022 Brave Girls 1st CONCERT ［THE BRAVE GIRLS SHOW］'),(29,'5','[{\"id\":46,\"name\":\"RED_VELVET\"}]','2022-04-05','{\"gif\":\"http://j6b108.p.ssafy.io:9090/files/URIImg/121d32f0-2f36-4694-abd5-2f2ce06c5cb2_yeri.gif\",\"mp4\":\"http://j6b108.p.ssafy.io:9090/files/URIImg/ae206c07-b600-42d6-9e64-d6ad1ff1c609_yeri.mp4\"}','서울 올림픽 공원','10','{\"id\":29758,\"seat\":\"20\",\"status\":0}','14:00','The ReVe Festival'),(30,'1','[{\"id\":49,\"name\":\"1\"}]','2020-02-02','{\"gif\":\"http://j6b108.p.ssafy.io:9090/files/URIImg/ec7b5301-74ef-4988-bde9-fbc3d71d63f9_1.gif\",\"mp4\":\"http://j6b108.p.ssafy.io:9090/files/URIImg/cf3b9c97-c6ab-4ebe-8073-ceeb703ba7e9_1.mp4\"}','1','1','{\"id\":31960,\"seat\":\"2\",\"status\":0}','02:00','테스트용'),(31,'1','[{\"id\":51,\"name\":\"테스트\"}]','2020-02-02','{\"gif\":\"http://j6b108.p.ssafy.io:9090/files/URIImg/4660681d-918d-494c-a096-679dd149fbc4_0h2.gif\",\"mp4\":\"http://j6b108.p.ssafy.io:9090/files/URIImg/27036fb0-c90c-417b-beaf-ff58e57f2158_ezgif.com-gif-maker (23).mp4\"}','테스트','1','{\"id\":31991,\"seat\":\"11\",\"status\":0}','03:00','테스트'),(32,'1','[{\"id\":51,\"name\":\"테스트\"}]','2020-02-02','{\"gif\":\"http://j6b108.p.ssafy.io:9090/files/URIImg/4660681d-918d-494c-a096-679dd149fbc4_0h2.gif\",\"mp4\":\"http://j6b108.p.ssafy.io:9090/files/URIImg/27036fb0-c90c-417b-beaf-ff58e57f2158_ezgif.com-gif-maker (23).mp4\"}','테스트','1','{\"id\":31992,\"seat\":\"12\",\"status\":0}','03:00','테스트'),(33,'1','[{\"id\":51,\"name\":\"테스트\"}]','2020-02-02','{\"gif\":\"http://j6b108.p.ssafy.io:9090/files/URIImg/4660681d-918d-494c-a096-679dd149fbc4_0h2.gif\",\"mp4\":\"http://j6b108.p.ssafy.io:9090/files/URIImg/27036fb0-c90c-417b-beaf-ff58e57f2158_ezgif.com-gif-maker (23).mp4\"}','테스트','1','{\"id\":31993,\"seat\":\"13\",\"status\":0}','03:00','테스트'),(34,'1','[{\"id\":51,\"name\":\"테스트\"}]','2020-02-02','{\"gif\":\"http://j6b108.p.ssafy.io:9090/files/URIImg/4660681d-918d-494c-a096-679dd149fbc4_0h2.gif\",\"mp4\":\"http://j6b108.p.ssafy.io:9090/files/URIImg/27036fb0-c90c-417b-beaf-ff58e57f2158_ezgif.com-gif-maker (23).mp4\"}','테스트','1','{\"id\":31994,\"seat\":\"14\",\"status\":0}','03:00','테스트'),(35,'1','[{\"id\":51,\"name\":\"테스트\"}]','2020-02-02','{\"gif\":\"http://j6b108.p.ssafy.io:9090/files/URIImg/4660681d-918d-494c-a096-679dd149fbc4_0h2.gif\",\"mp4\":\"http://j6b108.p.ssafy.io:9090/files/URIImg/27036fb0-c90c-417b-beaf-ff58e57f2158_ezgif.com-gif-maker (23).mp4\"}','테스트','1','{\"id\":31984,\"seat\":\"4\",\"status\":0}','03:00','테스트'),(36,'1','[{\"id\":51,\"name\":\"테스트\"}]','2020-02-02','{\"gif\":\"http://j6b108.p.ssafy.io:9090/files/URIImg/4660681d-918d-494c-a096-679dd149fbc4_0h2.gif\",\"mp4\":\"http://j6b108.p.ssafy.io:9090/files/URIImg/27036fb0-c90c-417b-beaf-ff58e57f2158_ezgif.com-gif-maker (23).mp4\"}','테스트','1','{\"id\":31984,\"seat\":\"4\",\"status\":0}','03:00','테스트'),(37,'1','[{\"id\":52,\"name\":\"테스트\"}]','2020-02-02','{\"gif\":\"http://j6b108.p.ssafy.io:9090/files/URIImg/4660681d-918d-494c-a096-679dd149fbc4_0h2.gif\",\"mp4\":\"http://j6b108.p.ssafy.io:9090/files/URIImg/27036fb0-c90c-417b-beaf-ff58e57f2158_ezgif.com-gif-maker (23).mp4\"}','테스트','2','{\"id\":32002,\"seat\":\"2\",\"status\":0}','03:00','되라고~~'),(38,'1','[{\"id\":55,\"name\":\"RED_VELVET\"}]','2022-04-06','{\"gif\":\"http://j6b108.p.ssafy.io:9090/files/URIImg/6a6fa869-1172-4580-bb11-a3de6dbdf7b1_yeri.gif\",\"mp4\":\"http://j6b108.p.ssafy.io:9090/files/URIImg/bd0c9f30-2ea1-4467-b7d3-2e0079dbd5f7_yeri.mp4\"}','서울 올림픽 공원','12','{\"id\":32602,\"seat\":\"12\",\"status\":0}','14:00','The ReVe Festival'),(39,'나','[{\"id\":56,\"name\":\"BRAVE_GIRLS\"}]','2022-01-15','{\"gif\":\"http://j6b108.p.ssafy.io:9090/files/URIImg/6b503a04-83a2-46f4-84cf-e3a9bca833cb_2.gif\",\"mp4\":\"http://j6b108.p.ssafy.io:9090/files/URIImg/42365b3e-a81e-49d9-98a4-3a0f359a71be_2.mp4\"}','올림픽공원 올림픽홀','10','{\"id\":33693,\"seat\":\"13\",\"status\":0}','18:00','2022 Brave Girls 1st CONCERT ［THE BRAVE GIRLS SHOW］'),(40,'B','[{\"id\":57,\"name\":\"OH_MY_GIRL\"}]','2022-05-10','{\"gif\":\"http://j6b108.p.ssafy.io:9090/files/URIImg/c0a73ad6-5982-436a-b254-f6574eade481_oh5.gif\",\"mp4\":\"http://j6b108.p.ssafy.io:9090/files/URIImg/1cff50f0-bf87-48f3-bd0c-087e2107929a_ezgif.com-gif-maker (27).mp4\"}','서울 잠실','14','{\"id\":34181,\"seat\":\"21\",\"status\":0}','12:00','MY GIRL CONCERT 겨울동화 : The Lost Memory'),(41,'3','[{\"id\":55,\"name\":\"RED_VELVET\"}]','2022-04-05','{\"gif\":\"http://j6b108.p.ssafy.io:9090/files/URIImg/c70c995e-a981-4bfb-851e-b7d5d43e8a22_irin.gif\",\"mp4\":\"http://j6b108.p.ssafy.io:9090/files/URIImg/fe61019f-b2c6-40d5-9f98-b9968cd5406b_irin.mp4\"}','서울 올림픽 공원','12','{\"id\":32100,\"seat\":\"20\",\"status\":0}','14:00','The ReVe Festival'),(42,'1','[{\"id\":55,\"name\":\"RED_VELVET\"}]','2022-04-05','{\"gif\":\"http://j6b108.p.ssafy.io:9090/files/URIImg/9fb922c9-77a5-4753-a865-eb9961ea2ff8_wendy.gif\",\"mp4\":\"http://j6b108.p.ssafy.io:9090/files/URIImg/45db650c-039d-4778-91a1-11e8a5dfebec_wendy.mp4\"}','서울 올림픽 공원','12','{\"id\":32063,\"seat\":\"3\",\"status\":0}','14:00','The ReVe Festival'),(43,'4','[{\"id\":55,\"name\":\"RED_VELVET\"}]','2022-04-06','{\"gif\":\"http://j6b108.p.ssafy.io:9090/files/URIImg/6a6fa869-1172-4580-bb11-a3de6dbdf7b1_yeri.gif\",\"mp4\":\"http://j6b108.p.ssafy.io:9090/files/URIImg/bd0c9f30-2ea1-4467-b7d3-2e0079dbd5f7_yeri.mp4\"}','서울 올림픽 공원','12','{\"id\":32660,\"seat\":\"20\",\"status\":0}','14:00','The ReVe Festival'),(44,'B','[{\"id\":57,\"name\":\"OH_MY_GIRL\"}]','2022-05-10','{\"gif\":\"http://j6b108.p.ssafy.io:9090/files/URIImg/c0a73ad6-5982-436a-b254-f6574eade481_oh5.gif\",\"mp4\":\"http://j6b108.p.ssafy.io:9090/files/URIImg/1cff50f0-bf87-48f3-bd0c-087e2107929a_ezgif.com-gif-maker (27).mp4\"}','서울 잠실','14','{\"id\":34189,\"seat\":\"29\",\"status\":0}','12:00','MY GIRL CONCERT 겨울동화 : The Lost Memory'),(45,'가','[{\"id\":57,\"name\":\"OH_MY_GIRL\"}]','2022-05-10','{\"gif\":\"http://j6b108.p.ssafy.io:9090/files/URIImg/f10b97d4-5696-4ea2-ad7c-337a3b18c5a6_oh4.gif\",\"mp4\":\"http://j6b108.p.ssafy.io:9090/files/URIImg/554fe58d-70c1-4cac-be87-c1eeeba9bb51_ezgif.com-gif-maker (26).mp4\"}','서울 잠실','14','{\"id\":34210,\"seat\":\"20\",\"status\":0}','12:00','MY GIRL CONCERT 겨울동화 : The Lost Memory');
/*!40000 ALTER TABLE `uri_data` ENABLE KEYS */;
UNLOCK TABLES;
/*!40103 SET TIME_ZONE=@OLD_TIME_ZONE */;

/*!40101 SET SQL_MODE=@OLD_SQL_MODE */;
/*!40014 SET FOREIGN_KEY_CHECKS=@OLD_FOREIGN_KEY_CHECKS */;
/*!40014 SET UNIQUE_CHECKS=@OLD_UNIQUE_CHECKS */;
/*!40101 SET CHARACTER_SET_CLIENT=@OLD_CHARACTER_SET_CLIENT */;
/*!40101 SET CHARACTER_SET_RESULTS=@OLD_CHARACTER_SET_RESULTS */;
/*!40101 SET COLLATION_CONNECTION=@OLD_COLLATION_CONNECTION */;
/*!40111 SET SQL_NOTES=@OLD_SQL_NOTES */;

-- Dump completed on 2022-04-07 22:08:44
